ISO-10303-21;
HEADER;
/* Generated by software containing ST-Developer
 * from STEP Tools, Inc. (www.steptools.com) 
 */

FILE_DESCRIPTION(
/* description */ (''),
/* implementation_level */ '2;1');

FILE_NAME(
/* name */ 'Keypad_case.glb.step',
/* time_stamp */ '2026-03-28T06:57:27+03:00',
/* author */ (''),
/* organization */ (''),
/* preprocessor_version */ 'ST-DEVELOPER v20.1',
/* originating_system */ 'Autodesk Translation Framework v14.24.0.0',
/* authorisation */ '');

FILE_SCHEMA (('AUTOMOTIVE_DESIGN { 1 0 10303 214 3 1 1 }'));
ENDSEC;

DATA;
#10=MECHANICAL_DESIGN_GEOMETRIC_PRESENTATION_REPRESENTATION('',(#13,#14,
#15),#12287);
#11=SHAPE_REPRESENTATION_RELATIONSHIP('SRR','None',#12294,#12);
#12=ADVANCED_BREP_SHAPE_REPRESENTATION('',(#16,#17,#18),#12286);
#13=STYLED_ITEM('',(#12304),#16);
#14=STYLED_ITEM('',(#12303),#17);
#15=STYLED_ITEM('',(#12303),#18);
#16=MANIFOLD_SOLID_BREP('Body1',#7413);
#17=MANIFOLD_SOLID_BREP('Body6',#7414);
#18=MANIFOLD_SOLID_BREP('Body8',#7415);
#19=FACE_BOUND('',#1100,.T.);
#20=FACE_BOUND('',#1101,.T.);
#21=FACE_BOUND('',#1102,.T.);
#22=FACE_BOUND('',#1103,.T.);
#23=FACE_BOUND('',#1104,.T.);
#24=FACE_BOUND('',#1105,.T.);
#25=FACE_BOUND('',#1106,.T.);
#26=FACE_BOUND('',#1107,.T.);
#27=FACE_BOUND('',#1108,.T.);
#28=FACE_BOUND('',#1109,.T.);
#29=FACE_BOUND('',#1110,.T.);
#30=FACE_BOUND('',#1111,.T.);
#31=FACE_BOUND('',#1112,.T.);
#32=FACE_BOUND('',#1113,.T.);
#33=FACE_BOUND('',#1114,.T.);
#34=FACE_BOUND('',#1115,.T.);
#35=FACE_BOUND('',#1116,.T.);
#36=FACE_BOUND('',#1118,.T.);
#37=FACE_BOUND('',#1119,.T.);
#38=FACE_BOUND('',#1120,.T.);
#39=FACE_BOUND('',#1121,.T.);
#40=FACE_BOUND('',#1122,.T.);
#41=FACE_BOUND('',#1123,.T.);
#42=FACE_BOUND('',#1124,.T.);
#43=FACE_BOUND('',#1125,.T.);
#44=FACE_BOUND('',#1126,.T.);
#45=FACE_BOUND('',#1127,.T.);
#46=FACE_BOUND('',#1128,.T.);
#47=FACE_BOUND('',#1129,.T.);
#48=FACE_BOUND('',#1130,.T.);
#49=FACE_BOUND('',#1131,.T.);
#50=FACE_BOUND('',#1132,.T.);
#51=FACE_BOUND('',#1133,.T.);
#52=FACE_BOUND('',#1134,.T.);
#53=FACE_BOUND('',#1161,.T.);
#54=CIRCLE('',#7431,0.499999999999998);
#55=CIRCLE('',#7432,0.499999999999998);
#56=CIRCLE('',#7435,0.500000000000003);
#57=CIRCLE('',#7436,0.500000000000003);
#58=CIRCLE('',#7439,0.500000000000003);
#59=CIRCLE('',#7440,0.500000000000003);
#60=CIRCLE('',#7443,0.499999999999998);
#61=CIRCLE('',#7444,0.499999999999998);
#62=CIRCLE('',#7447,0.499999999999998);
#63=CIRCLE('',#7448,0.499999999999998);
#64=CIRCLE('',#7451,0.500000000000007);
#65=CIRCLE('',#7452,0.500000000000007);
#66=CIRCLE('',#7455,0.500000000000003);
#67=CIRCLE('',#7456,0.500000000000003);
#68=CIRCLE('',#7459,0.499999999999989);
#69=CIRCLE('',#7460,0.499999999999989);
#70=CIRCLE('',#7463,0.499999999999998);
#71=CIRCLE('',#7464,0.499999999999998);
#72=CIRCLE('',#7467,0.500000000000003);
#73=CIRCLE('',#7468,0.500000000000003);
#74=CIRCLE('',#7471,0.499999999999998);
#75=CIRCLE('',#7472,0.499999999999998);
#76=CIRCLE('',#7475,0.499999999999998);
#77=CIRCLE('',#7476,0.499999999999998);
#78=CIRCLE('',#7479,0.499999999999998);
#79=CIRCLE('',#7480,0.499999999999998);
#80=CIRCLE('',#7483,0.499999999999998);
#81=CIRCLE('',#7484,0.499999999999998);
#82=CIRCLE('',#7487,0.499999999999998);
#83=CIRCLE('',#7488,0.499999999999998);
#84=CIRCLE('',#7491,0.499999999999998);
#85=CIRCLE('',#7492,0.499999999999998);
#86=CIRCLE('',#7495,0.499999999999998);
#87=CIRCLE('',#7496,0.499999999999998);
#88=CIRCLE('',#7499,0.499999999999998);
#89=CIRCLE('',#7500,0.499999999999998);
#90=CIRCLE('',#7503,0.500000000000003);
#91=CIRCLE('',#7504,0.500000000000003);
#92=CIRCLE('',#7507,0.499999999999998);
#93=CIRCLE('',#7508,0.499999999999998);
#94=CIRCLE('',#7511,0.499999999999998);
#95=CIRCLE('',#7512,0.499999999999998);
#96=CIRCLE('',#7515,0.499999999999998);
#97=CIRCLE('',#7516,0.499999999999998);
#98=CIRCLE('',#7519,0.499999999999998);
#99=CIRCLE('',#7520,0.499999999999998);
#100=CIRCLE('',#7523,0.499999999999998);
#101=CIRCLE('',#7524,0.499999999999998);
#102=CIRCLE('',#7527,0.5);
#103=CIRCLE('',#7528,0.5);
#104=CIRCLE('',#7531,0.500000000000003);
#105=CIRCLE('',#7532,0.500000000000003);
#106=CIRCLE('',#7535,0.499999999999998);
#107=CIRCLE('',#7536,0.499999999999998);
#108=CIRCLE('',#7539,0.499999999999998);
#109=CIRCLE('',#7540,0.499999999999998);
#110=CIRCLE('',#7543,0.499999999999998);
#111=CIRCLE('',#7544,0.499999999999998);
#112=CIRCLE('',#7547,0.500000000000007);
#113=CIRCLE('',#7548,0.500000000000007);
#114=CIRCLE('',#7551,0.499999999999998);
#115=CIRCLE('',#7552,0.499999999999998);
#116=CIRCLE('',#7555,0.499999999999989);
#117=CIRCLE('',#7556,0.499999999999989);
#118=CIRCLE('',#7559,0.499999999999998);
#119=CIRCLE('',#7560,0.499999999999998);
#120=CIRCLE('',#7563,0.500000000000003);
#121=CIRCLE('',#7564,0.500000000000003);
#122=CIRCLE('',#7567,0.499999999999998);
#123=CIRCLE('',#7568,0.499999999999998);
#124=CIRCLE('',#7571,0.499999999999998);
#125=CIRCLE('',#7572,0.499999999999998);
#126=CIRCLE('',#7575,0.500000000000003);
#127=CIRCLE('',#7576,0.500000000000003);
#128=CIRCLE('',#7580,0.500000000000003);
#129=CIRCLE('',#7581,0.500000000000003);
#130=CIRCLE('',#7584,0.499999999999989);
#131=CIRCLE('',#7585,0.499999999999989);
#132=CIRCLE('',#7590,0.500000000000003);
#133=CIRCLE('',#7591,0.500000000000003);
#134=CIRCLE('',#7594,0.500000000000007);
#135=CIRCLE('',#7595,0.500000000000007);
#136=CIRCLE('',#7600,0.499999999999999);
#137=CIRCLE('',#7601,0.499999999999999);
#138=CIRCLE('',#7604,0.499999999999989);
#139=CIRCLE('',#7605,0.499999999999989);
#140=CIRCLE('',#7609,0.500000000000007);
#141=CIRCLE('',#7610,0.500000000000007);
#142=CIRCLE('',#7614,0.5);
#143=CIRCLE('',#7615,0.5);
#144=CIRCLE('',#7618,0.5);
#145=CIRCLE('',#7619,0.5);
#146=CIRCLE('',#7622,0.499999999999999);
#147=CIRCLE('',#7623,0.499999999999999);
#148=CIRCLE('',#7626,0.5);
#149=CIRCLE('',#7627,0.5);
#150=CIRCLE('',#7630,0.499999999999989);
#151=CIRCLE('',#7631,0.499999999999989);
#152=CIRCLE('',#7634,0.499999999999989);
#153=CIRCLE('',#7635,0.499999999999989);
#154=CIRCLE('',#7639,0.500000000000007);
#155=CIRCLE('',#7640,0.500000000000007);
#156=CIRCLE('',#7644,0.5);
#157=CIRCLE('',#7645,0.5);
#158=CIRCLE('',#7648,0.500000000000007);
#159=CIRCLE('',#7649,0.500000000000007);
#160=CIRCLE('',#7653,0.499999999999998);
#161=CIRCLE('',#7654,0.499999999999998);
#162=CIRCLE('',#7658,0.500000000000003);
#163=CIRCLE('',#7659,0.500000000000003);
#164=CIRCLE('',#7662,0.499999999999998);
#165=CIRCLE('',#7663,0.499999999999998);
#166=CIRCLE('',#7666,0.499999999999989);
#167=CIRCLE('',#7667,0.499999999999989);
#168=CIRCLE('',#7670,0.499999999999989);
#169=CIRCLE('',#7671,0.499999999999989);
#170=CIRCLE('',#7674,0.500000000000007);
#171=CIRCLE('',#7675,0.500000000000007);
#172=CIRCLE('',#7678,0.499999999999989);
#173=CIRCLE('',#7679,0.499999999999989);
#174=CIRCLE('',#7683,0.499999999999998);
#175=CIRCLE('',#7684,0.499999999999998);
#176=CIRCLE('',#7687,0.499999999999998);
#177=CIRCLE('',#7688,0.499999999999998);
#178=CIRCLE('',#7691,0.500000000000003);
#179=CIRCLE('',#7692,0.500000000000003);
#180=CIRCLE('',#7695,0.499999999999998);
#181=CIRCLE('',#7696,0.499999999999998);
#182=CIRCLE('',#7699,0.5);
#183=CIRCLE('',#7700,0.5);
#184=CIRCLE('',#7703,0.499999999999998);
#185=CIRCLE('',#7704,0.499999999999998);
#186=CIRCLE('',#7707,0.499999999999998);
#187=CIRCLE('',#7708,0.499999999999998);
#188=CIRCLE('',#7711,0.499999999999998);
#189=CIRCLE('',#7712,0.499999999999998);
#190=CIRCLE('',#7715,0.499999999999998);
#191=CIRCLE('',#7716,0.499999999999998);
#192=CIRCLE('',#7720,0.499999999999998);
#193=CIRCLE('',#7721,0.499999999999998);
#194=CIRCLE('',#7724,0.499999999999998);
#195=CIRCLE('',#7725,0.499999999999998);
#196=CIRCLE('',#7730,0.499999999999998);
#197=CIRCLE('',#7731,0.499999999999998);
#198=CIRCLE('',#7734,0.499999999999998);
#199=CIRCLE('',#7735,0.499999999999998);
#200=CIRCLE('',#7740,0.499999999999998);
#201=CIRCLE('',#7741,0.499999999999998);
#202=CIRCLE('',#7744,0.499999999999998);
#203=CIRCLE('',#7745,0.499999999999998);
#204=CIRCLE('',#7749,0.500000000000007);
#205=CIRCLE('',#7750,0.500000000000007);
#206=CIRCLE('',#7754,0.499999999999998);
#207=CIRCLE('',#7755,0.499999999999998);
#208=CIRCLE('',#7758,0.499999999999998);
#209=CIRCLE('',#7759,0.499999999999998);
#210=CIRCLE('',#7762,0.500000000000007);
#211=CIRCLE('',#7763,0.500000000000007);
#212=CIRCLE('',#7766,0.499999999999998);
#213=CIRCLE('',#7767,0.499999999999998);
#214=CIRCLE('',#7770,0.499999999999998);
#215=CIRCLE('',#7771,0.499999999999998);
#216=CIRCLE('',#7774,0.500000000000007);
#217=CIRCLE('',#7775,0.500000000000007);
#218=CIRCLE('',#7779,0.500000000000007);
#219=CIRCLE('',#7780,0.500000000000007);
#220=CIRCLE('',#7784,0.499999999999998);
#221=CIRCLE('',#7785,0.499999999999998);
#222=CIRCLE('',#7788,0.499999999999998);
#223=CIRCLE('',#7789,0.499999999999998);
#224=CIRCLE('',#7793,0.499999999999998);
#225=CIRCLE('',#7794,0.499999999999998);
#226=CIRCLE('',#7798,0.499999999999998);
#227=CIRCLE('',#7799,0.499999999999998);
#228=CIRCLE('',#7802,0.500000000000007);
#229=CIRCLE('',#7803,0.500000000000007);
#230=CIRCLE('',#7806,0.499999999999998);
#231=CIRCLE('',#7807,0.499999999999998);
#232=CIRCLE('',#7810,0.500000000000007);
#233=CIRCLE('',#7811,0.500000000000007);
#234=CIRCLE('',#7814,0.499999999999998);
#235=CIRCLE('',#7815,0.499999999999998);
#236=CIRCLE('',#7818,0.499999999999998);
#237=CIRCLE('',#7819,0.499999999999998);
#238=CIRCLE('',#7823,0.5);
#239=CIRCLE('',#7824,0.5);
#240=CIRCLE('',#7827,0.500000000000007);
#241=CIRCLE('',#7828,0.500000000000007);
#242=CIRCLE('',#7831,0.499999999999998);
#243=CIRCLE('',#7832,0.499999999999998);
#244=CIRCLE('',#7835,0.499999999999989);
#245=CIRCLE('',#7836,0.499999999999989);
#246=CIRCLE('',#7839,0.499999999999998);
#247=CIRCLE('',#7840,0.499999999999998);
#248=CIRCLE('',#7843,0.500000000000007);
#249=CIRCLE('',#7844,0.500000000000007);
#250=CIRCLE('',#7847,0.499999999999998);
#251=CIRCLE('',#7848,0.499999999999998);
#252=CIRCLE('',#7851,0.500000000000007);
#253=CIRCLE('',#7852,0.500000000000007);
#254=CIRCLE('',#7855,0.5);
#255=CIRCLE('',#7856,0.5);
#256=CIRCLE('',#7859,0.499999999999998);
#257=CIRCLE('',#7860,0.499999999999998);
#258=CIRCLE('',#7863,0.499999999999998);
#259=CIRCLE('',#7864,0.499999999999998);
#260=CIRCLE('',#7867,0.499999999999998);
#261=CIRCLE('',#7868,0.499999999999998);
#262=CIRCLE('',#7871,0.500000000000007);
#263=CIRCLE('',#7872,0.500000000000007);
#264=CIRCLE('',#7876,0.500000000000007);
#265=CIRCLE('',#7877,0.500000000000007);
#266=CIRCLE('',#7880,0.499999999999998);
#267=CIRCLE('',#7881,0.499999999999998);
#268=CIRCLE('',#7886,0.500000000000007);
#269=CIRCLE('',#7887,0.500000000000007);
#270=CIRCLE('',#7890,0.499999999999998);
#271=CIRCLE('',#7891,0.499999999999998);
#272=CIRCLE('',#7896,0.500000000000007);
#273=CIRCLE('',#7897,0.500000000000007);
#274=CIRCLE('',#7900,0.499999999999998);
#275=CIRCLE('',#7901,0.499999999999998);
#276=CIRCLE('',#7905,0.500000000000007);
#277=CIRCLE('',#7906,0.500000000000007);
#278=CIRCLE('',#7910,0.499999999999989);
#279=CIRCLE('',#7911,0.499999999999989);
#280=CIRCLE('',#7914,0.500000000000007);
#281=CIRCLE('',#7915,0.500000000000007);
#282=CIRCLE('',#7918,0.500000000000007);
#283=CIRCLE('',#7919,0.500000000000007);
#284=CIRCLE('',#7922,0.499999999999989);
#285=CIRCLE('',#7923,0.499999999999989);
#286=CIRCLE('',#7926,0.499999999999998);
#287=CIRCLE('',#7927,0.499999999999998);
#288=CIRCLE('',#7930,0.500000000000007);
#289=CIRCLE('',#7931,0.500000000000007);
#290=CIRCLE('',#7935,0.500000000000007);
#291=CIRCLE('',#7936,0.500000000000007);
#292=CIRCLE('',#7940,0.499999999999989);
#293=CIRCLE('',#7941,0.499999999999989);
#294=CIRCLE('',#7944,0.499999999999998);
#295=CIRCLE('',#7945,0.499999999999998);
#296=CIRCLE('',#7949,0.500000000000007);
#297=CIRCLE('',#7950,0.500000000000007);
#298=CIRCLE('',#7954,0.500000000000007);
#299=CIRCLE('',#7955,0.500000000000007);
#300=CIRCLE('',#7958,0.499999999999989);
#301=CIRCLE('',#7959,0.499999999999989);
#302=CIRCLE('',#7962,0.499999999999998);
#303=CIRCLE('',#7963,0.499999999999998);
#304=CIRCLE('',#7966,0.500000000000007);
#305=CIRCLE('',#7967,0.500000000000007);
#306=CIRCLE('',#7970,0.499999999999998);
#307=CIRCLE('',#7971,0.499999999999998);
#308=CIRCLE('',#7974,0.499999999999998);
#309=CIRCLE('',#7975,0.499999999999998);
#310=CYLINDRICAL_SURFACE('',#7430,0.499999999999998);
#311=CYLINDRICAL_SURFACE('',#7434,0.500000000000003);
#312=CYLINDRICAL_SURFACE('',#7438,0.500000000000003);
#313=CYLINDRICAL_SURFACE('',#7442,0.499999999999998);
#314=CYLINDRICAL_SURFACE('',#7446,0.499999999999998);
#315=CYLINDRICAL_SURFACE('',#7450,0.500000000000007);
#316=CYLINDRICAL_SURFACE('',#7454,0.500000000000003);
#317=CYLINDRICAL_SURFACE('',#7458,0.499999999999989);
#318=CYLINDRICAL_SURFACE('',#7462,0.499999999999998);
#319=CYLINDRICAL_SURFACE('',#7466,0.500000000000003);
#320=CYLINDRICAL_SURFACE('',#7470,0.499999999999998);
#321=CYLINDRICAL_SURFACE('',#7474,0.499999999999998);
#322=CYLINDRICAL_SURFACE('',#7478,0.499999999999998);
#323=CYLINDRICAL_SURFACE('',#7482,0.499999999999998);
#324=CYLINDRICAL_SURFACE('',#7486,0.499999999999998);
#325=CYLINDRICAL_SURFACE('',#7490,0.499999999999998);
#326=CYLINDRICAL_SURFACE('',#7494,0.499999999999998);
#327=CYLINDRICAL_SURFACE('',#7498,0.499999999999998);
#328=CYLINDRICAL_SURFACE('',#7502,0.500000000000003);
#329=CYLINDRICAL_SURFACE('',#7506,0.499999999999998);
#330=CYLINDRICAL_SURFACE('',#7510,0.499999999999998);
#331=CYLINDRICAL_SURFACE('',#7514,0.499999999999998);
#332=CYLINDRICAL_SURFACE('',#7518,0.499999999999998);
#333=CYLINDRICAL_SURFACE('',#7522,0.499999999999998);
#334=CYLINDRICAL_SURFACE('',#7526,0.5);
#335=CYLINDRICAL_SURFACE('',#7530,0.500000000000003);
#336=CYLINDRICAL_SURFACE('',#7534,0.499999999999998);
#337=CYLINDRICAL_SURFACE('',#7538,0.499999999999998);
#338=CYLINDRICAL_SURFACE('',#7542,0.499999999999998);
#339=CYLINDRICAL_SURFACE('',#7546,0.500000000000007);
#340=CYLINDRICAL_SURFACE('',#7550,0.499999999999998);
#341=CYLINDRICAL_SURFACE('',#7554,0.499999999999989);
#342=CYLINDRICAL_SURFACE('',#7558,0.499999999999998);
#343=CYLINDRICAL_SURFACE('',#7562,0.500000000000003);
#344=CYLINDRICAL_SURFACE('',#7566,0.499999999999998);
#345=CYLINDRICAL_SURFACE('',#7570,0.499999999999998);
#346=CYLINDRICAL_SURFACE('',#7574,0.500000000000003);
#347=CYLINDRICAL_SURFACE('',#7579,0.500000000000003);
#348=CYLINDRICAL_SURFACE('',#7583,0.499999999999989);
#349=CYLINDRICAL_SURFACE('',#7589,0.500000000000003);
#350=CYLINDRICAL_SURFACE('',#7593,0.500000000000007);
#351=CYLINDRICAL_SURFACE('',#7599,0.499999999999999);
#352=CYLINDRICAL_SURFACE('',#7603,0.499999999999989);
#353=CYLINDRICAL_SURFACE('',#7608,0.500000000000007);
#354=CYLINDRICAL_SURFACE('',#7613,0.5);
#355=CYLINDRICAL_SURFACE('',#7617,0.5);
#356=CYLINDRICAL_SURFACE('',#7621,0.499999999999999);
#357=CYLINDRICAL_SURFACE('',#7625,0.5);
#358=CYLINDRICAL_SURFACE('',#7629,0.499999999999989);
#359=CYLINDRICAL_SURFACE('',#7633,0.499999999999989);
#360=CYLINDRICAL_SURFACE('',#7638,0.500000000000007);
#361=CYLINDRICAL_SURFACE('',#7643,0.5);
#362=CYLINDRICAL_SURFACE('',#7647,0.500000000000007);
#363=CYLINDRICAL_SURFACE('',#7652,0.499999999999998);
#364=CYLINDRICAL_SURFACE('',#7657,0.500000000000003);
#365=CYLINDRICAL_SURFACE('',#7661,0.499999999999998);
#366=CYLINDRICAL_SURFACE('',#7665,0.499999999999989);
#367=CYLINDRICAL_SURFACE('',#7669,0.499999999999989);
#368=CYLINDRICAL_SURFACE('',#7673,0.500000000000007);
#369=CYLINDRICAL_SURFACE('',#7677,0.499999999999989);
#370=CYLINDRICAL_SURFACE('',#7682,0.499999999999998);
#371=CYLINDRICAL_SURFACE('',#7686,0.499999999999998);
#372=CYLINDRICAL_SURFACE('',#7690,0.500000000000003);
#373=CYLINDRICAL_SURFACE('',#7694,0.499999999999998);
#374=CYLINDRICAL_SURFACE('',#7698,0.5);
#375=CYLINDRICAL_SURFACE('',#7702,0.499999999999998);
#376=CYLINDRICAL_SURFACE('',#7706,0.499999999999998);
#377=CYLINDRICAL_SURFACE('',#7710,0.499999999999998);
#378=CYLINDRICAL_SURFACE('',#7714,0.499999999999998);
#379=CYLINDRICAL_SURFACE('',#7719,0.499999999999998);
#380=CYLINDRICAL_SURFACE('',#7723,0.499999999999998);
#381=CYLINDRICAL_SURFACE('',#7729,0.499999999999998);
#382=CYLINDRICAL_SURFACE('',#7733,0.499999999999998);
#383=CYLINDRICAL_SURFACE('',#7739,0.499999999999998);
#384=CYLINDRICAL_SURFACE('',#7743,0.499999999999998);
#385=CYLINDRICAL_SURFACE('',#7748,0.500000000000007);
#386=CYLINDRICAL_SURFACE('',#7753,0.499999999999998);
#387=CYLINDRICAL_SURFACE('',#7757,0.499999999999998);
#388=CYLINDRICAL_SURFACE('',#7761,0.500000000000007);
#389=CYLINDRICAL_SURFACE('',#7765,0.499999999999998);
#390=CYLINDRICAL_SURFACE('',#7769,0.499999999999998);
#391=CYLINDRICAL_SURFACE('',#7773,0.500000000000007);
#392=CYLINDRICAL_SURFACE('',#7778,0.500000000000007);
#393=CYLINDRICAL_SURFACE('',#7783,0.499999999999998);
#394=CYLINDRICAL_SURFACE('',#7787,0.499999999999998);
#395=CYLINDRICAL_SURFACE('',#7792,0.499999999999998);
#396=CYLINDRICAL_SURFACE('',#7797,0.499999999999998);
#397=CYLINDRICAL_SURFACE('',#7801,0.500000000000007);
#398=CYLINDRICAL_SURFACE('',#7805,0.499999999999998);
#399=CYLINDRICAL_SURFACE('',#7809,0.500000000000007);
#400=CYLINDRICAL_SURFACE('',#7813,0.499999999999998);
#401=CYLINDRICAL_SURFACE('',#7817,0.499999999999998);
#402=CYLINDRICAL_SURFACE('',#7822,0.5);
#403=CYLINDRICAL_SURFACE('',#7826,0.500000000000007);
#404=CYLINDRICAL_SURFACE('',#7830,0.499999999999998);
#405=CYLINDRICAL_SURFACE('',#7834,0.499999999999989);
#406=CYLINDRICAL_SURFACE('',#7838,0.499999999999998);
#407=CYLINDRICAL_SURFACE('',#7842,0.500000000000007);
#408=CYLINDRICAL_SURFACE('',#7846,0.499999999999998);
#409=CYLINDRICAL_SURFACE('',#7850,0.500000000000007);
#410=CYLINDRICAL_SURFACE('',#7854,0.5);
#411=CYLINDRICAL_SURFACE('',#7858,0.499999999999998);
#412=CYLINDRICAL_SURFACE('',#7862,0.499999999999998);
#413=CYLINDRICAL_SURFACE('',#7866,0.499999999999998);
#414=CYLINDRICAL_SURFACE('',#7870,0.500000000000007);
#415=CYLINDRICAL_SURFACE('',#7875,0.500000000000007);
#416=CYLINDRICAL_SURFACE('',#7879,0.499999999999998);
#417=CYLINDRICAL_SURFACE('',#7885,0.500000000000007);
#418=CYLINDRICAL_SURFACE('',#7889,0.499999999999998);
#419=CYLINDRICAL_SURFACE('',#7895,0.500000000000007);
#420=CYLINDRICAL_SURFACE('',#7899,0.499999999999998);
#421=CYLINDRICAL_SURFACE('',#7904,0.500000000000007);
#422=CYLINDRICAL_SURFACE('',#7909,0.499999999999989);
#423=CYLINDRICAL_SURFACE('',#7913,0.500000000000007);
#424=CYLINDRICAL_SURFACE('',#7917,0.500000000000007);
#425=CYLINDRICAL_SURFACE('',#7921,0.499999999999989);
#426=CYLINDRICAL_SURFACE('',#7925,0.499999999999998);
#427=CYLINDRICAL_SURFACE('',#7929,0.500000000000007);
#428=CYLINDRICAL_SURFACE('',#7934,0.500000000000007);
#429=CYLINDRICAL_SURFACE('',#7939,0.499999999999989);
#430=CYLINDRICAL_SURFACE('',#7943,0.499999999999998);
#431=CYLINDRICAL_SURFACE('',#7948,0.500000000000007);
#432=CYLINDRICAL_SURFACE('',#7953,0.500000000000007);
#433=CYLINDRICAL_SURFACE('',#7957,0.499999999999989);
#434=CYLINDRICAL_SURFACE('',#7961,0.499999999999998);
#435=CYLINDRICAL_SURFACE('',#7965,0.500000000000007);
#436=CYLINDRICAL_SURFACE('',#7969,0.499999999999998);
#437=CYLINDRICAL_SURFACE('',#7973,0.499999999999998);
#438=FACE_OUTER_BOUND('',#803,.T.);
#439=FACE_OUTER_BOUND('',#804,.T.);
#440=FACE_OUTER_BOUND('',#805,.T.);
#441=FACE_OUTER_BOUND('',#806,.T.);
#442=FACE_OUTER_BOUND('',#807,.T.);
#443=FACE_OUTER_BOUND('',#808,.T.);
#444=FACE_OUTER_BOUND('',#809,.T.);
#445=FACE_OUTER_BOUND('',#810,.T.);
#446=FACE_OUTER_BOUND('',#811,.T.);
#447=FACE_OUTER_BOUND('',#812,.T.);
#448=FACE_OUTER_BOUND('',#813,.T.);
#449=FACE_OUTER_BOUND('',#814,.T.);
#450=FACE_OUTER_BOUND('',#815,.T.);
#451=FACE_OUTER_BOUND('',#816,.T.);
#452=FACE_OUTER_BOUND('',#817,.T.);
#453=FACE_OUTER_BOUND('',#818,.T.);
#454=FACE_OUTER_BOUND('',#819,.T.);
#455=FACE_OUTER_BOUND('',#820,.T.);
#456=FACE_OUTER_BOUND('',#821,.T.);
#457=FACE_OUTER_BOUND('',#822,.T.);
#458=FACE_OUTER_BOUND('',#823,.T.);
#459=FACE_OUTER_BOUND('',#824,.T.);
#460=FACE_OUTER_BOUND('',#825,.T.);
#461=FACE_OUTER_BOUND('',#826,.T.);
#462=FACE_OUTER_BOUND('',#827,.T.);
#463=FACE_OUTER_BOUND('',#828,.T.);
#464=FACE_OUTER_BOUND('',#829,.T.);
#465=FACE_OUTER_BOUND('',#830,.T.);
#466=FACE_OUTER_BOUND('',#831,.T.);
#467=FACE_OUTER_BOUND('',#832,.T.);
#468=FACE_OUTER_BOUND('',#833,.T.);
#469=FACE_OUTER_BOUND('',#834,.T.);
#470=FACE_OUTER_BOUND('',#835,.T.);
#471=FACE_OUTER_BOUND('',#836,.T.);
#472=FACE_OUTER_BOUND('',#837,.T.);
#473=FACE_OUTER_BOUND('',#838,.T.);
#474=FACE_OUTER_BOUND('',#839,.T.);
#475=FACE_OUTER_BOUND('',#840,.T.);
#476=FACE_OUTER_BOUND('',#841,.T.);
#477=FACE_OUTER_BOUND('',#842,.T.);
#478=FACE_OUTER_BOUND('',#843,.T.);
#479=FACE_OUTER_BOUND('',#844,.T.);
#480=FACE_OUTER_BOUND('',#845,.T.);
#481=FACE_OUTER_BOUND('',#846,.T.);
#482=FACE_OUTER_BOUND('',#847,.T.);
#483=FACE_OUTER_BOUND('',#848,.T.);
#484=FACE_OUTER_BOUND('',#849,.T.);
#485=FACE_OUTER_BOUND('',#850,.T.);
#486=FACE_OUTER_BOUND('',#851,.T.);
#487=FACE_OUTER_BOUND('',#852,.T.);
#488=FACE_OUTER_BOUND('',#853,.T.);
#489=FACE_OUTER_BOUND('',#854,.T.);
#490=FACE_OUTER_BOUND('',#855,.T.);
#491=FACE_OUTER_BOUND('',#856,.T.);
#492=FACE_OUTER_BOUND('',#857,.T.);
#493=FACE_OUTER_BOUND('',#858,.T.);
#494=FACE_OUTER_BOUND('',#859,.T.);
#495=FACE_OUTER_BOUND('',#860,.T.);
#496=FACE_OUTER_BOUND('',#861,.T.);
#497=FACE_OUTER_BOUND('',#862,.T.);
#498=FACE_OUTER_BOUND('',#863,.T.);
#499=FACE_OUTER_BOUND('',#864,.T.);
#500=FACE_OUTER_BOUND('',#865,.T.);
#501=FACE_OUTER_BOUND('',#866,.T.);
#502=FACE_OUTER_BOUND('',#867,.T.);
#503=FACE_OUTER_BOUND('',#868,.T.);
#504=FACE_OUTER_BOUND('',#869,.T.);
#505=FACE_OUTER_BOUND('',#870,.T.);
#506=FACE_OUTER_BOUND('',#871,.T.);
#507=FACE_OUTER_BOUND('',#872,.T.);
#508=FACE_OUTER_BOUND('',#873,.T.);
#509=FACE_OUTER_BOUND('',#874,.T.);
#510=FACE_OUTER_BOUND('',#875,.T.);
#511=FACE_OUTER_BOUND('',#876,.T.);
#512=FACE_OUTER_BOUND('',#877,.T.);
#513=FACE_OUTER_BOUND('',#878,.T.);
#514=FACE_OUTER_BOUND('',#879,.T.);
#515=FACE_OUTER_BOUND('',#880,.T.);
#516=FACE_OUTER_BOUND('',#881,.T.);
#517=FACE_OUTER_BOUND('',#882,.T.);
#518=FACE_OUTER_BOUND('',#883,.T.);
#519=FACE_OUTER_BOUND('',#884,.T.);
#520=FACE_OUTER_BOUND('',#885,.T.);
#521=FACE_OUTER_BOUND('',#886,.T.);
#522=FACE_OUTER_BOUND('',#887,.T.);
#523=FACE_OUTER_BOUND('',#888,.T.);
#524=FACE_OUTER_BOUND('',#889,.T.);
#525=FACE_OUTER_BOUND('',#890,.T.);
#526=FACE_OUTER_BOUND('',#891,.T.);
#527=FACE_OUTER_BOUND('',#892,.T.);
#528=FACE_OUTER_BOUND('',#893,.T.);
#529=FACE_OUTER_BOUND('',#894,.T.);
#530=FACE_OUTER_BOUND('',#895,.T.);
#531=FACE_OUTER_BOUND('',#896,.T.);
#532=FACE_OUTER_BOUND('',#897,.T.);
#533=FACE_OUTER_BOUND('',#898,.T.);
#534=FACE_OUTER_BOUND('',#899,.T.);
#535=FACE_OUTER_BOUND('',#900,.T.);
#536=FACE_OUTER_BOUND('',#901,.T.);
#537=FACE_OUTER_BOUND('',#902,.T.);
#538=FACE_OUTER_BOUND('',#903,.T.);
#539=FACE_OUTER_BOUND('',#904,.T.);
#540=FACE_OUTER_BOUND('',#905,.T.);
#541=FACE_OUTER_BOUND('',#906,.T.);
#542=FACE_OUTER_BOUND('',#907,.T.);
#543=FACE_OUTER_BOUND('',#908,.T.);
#544=FACE_OUTER_BOUND('',#909,.T.);
#545=FACE_OUTER_BOUND('',#910,.T.);
#546=FACE_OUTER_BOUND('',#911,.T.);
#547=FACE_OUTER_BOUND('',#912,.T.);
#548=FACE_OUTER_BOUND('',#913,.T.);
#549=FACE_OUTER_BOUND('',#914,.T.);
#550=FACE_OUTER_BOUND('',#915,.T.);
#551=FACE_OUTER_BOUND('',#916,.T.);
#552=FACE_OUTER_BOUND('',#917,.T.);
#553=FACE_OUTER_BOUND('',#918,.T.);
#554=FACE_OUTER_BOUND('',#919,.T.);
#555=FACE_OUTER_BOUND('',#920,.T.);
#556=FACE_OUTER_BOUND('',#921,.T.);
#557=FACE_OUTER_BOUND('',#922,.T.);
#558=FACE_OUTER_BOUND('',#923,.T.);
#559=FACE_OUTER_BOUND('',#924,.T.);
#560=FACE_OUTER_BOUND('',#925,.T.);
#561=FACE_OUTER_BOUND('',#926,.T.);
#562=FACE_OUTER_BOUND('',#927,.T.);
#563=FACE_OUTER_BOUND('',#928,.T.);
#564=FACE_OUTER_BOUND('',#929,.T.);
#565=FACE_OUTER_BOUND('',#930,.T.);
#566=FACE_OUTER_BOUND('',#931,.T.);
#567=FACE_OUTER_BOUND('',#932,.T.);
#568=FACE_OUTER_BOUND('',#933,.T.);
#569=FACE_OUTER_BOUND('',#934,.T.);
#570=FACE_OUTER_BOUND('',#935,.T.);
#571=FACE_OUTER_BOUND('',#936,.T.);
#572=FACE_OUTER_BOUND('',#937,.T.);
#573=FACE_OUTER_BOUND('',#938,.T.);
#574=FACE_OUTER_BOUND('',#939,.T.);
#575=FACE_OUTER_BOUND('',#940,.T.);
#576=FACE_OUTER_BOUND('',#941,.T.);
#577=FACE_OUTER_BOUND('',#942,.T.);
#578=FACE_OUTER_BOUND('',#943,.T.);
#579=FACE_OUTER_BOUND('',#944,.T.);
#580=FACE_OUTER_BOUND('',#945,.T.);
#581=FACE_OUTER_BOUND('',#946,.T.);
#582=FACE_OUTER_BOUND('',#947,.T.);
#583=FACE_OUTER_BOUND('',#948,.T.);
#584=FACE_OUTER_BOUND('',#949,.T.);
#585=FACE_OUTER_BOUND('',#950,.T.);
#586=FACE_OUTER_BOUND('',#951,.T.);
#587=FACE_OUTER_BOUND('',#952,.T.);
#588=FACE_OUTER_BOUND('',#953,.T.);
#589=FACE_OUTER_BOUND('',#954,.T.);
#590=FACE_OUTER_BOUND('',#955,.T.);
#591=FACE_OUTER_BOUND('',#956,.T.);
#592=FACE_OUTER_BOUND('',#957,.T.);
#593=FACE_OUTER_BOUND('',#958,.T.);
#594=FACE_OUTER_BOUND('',#959,.T.);
#595=FACE_OUTER_BOUND('',#960,.T.);
#596=FACE_OUTER_BOUND('',#961,.T.);
#597=FACE_OUTER_BOUND('',#962,.T.);
#598=FACE_OUTER_BOUND('',#963,.T.);
#599=FACE_OUTER_BOUND('',#964,.T.);
#600=FACE_OUTER_BOUND('',#965,.T.);
#601=FACE_OUTER_BOUND('',#966,.T.);
#602=FACE_OUTER_BOUND('',#967,.T.);
#603=FACE_OUTER_BOUND('',#968,.T.);
#604=FACE_OUTER_BOUND('',#969,.T.);
#605=FACE_OUTER_BOUND('',#970,.T.);
#606=FACE_OUTER_BOUND('',#971,.T.);
#607=FACE_OUTER_BOUND('',#972,.T.);
#608=FACE_OUTER_BOUND('',#973,.T.);
#609=FACE_OUTER_BOUND('',#974,.T.);
#610=FACE_OUTER_BOUND('',#975,.T.);
#611=FACE_OUTER_BOUND('',#976,.T.);
#612=FACE_OUTER_BOUND('',#977,.T.);
#613=FACE_OUTER_BOUND('',#978,.T.);
#614=FACE_OUTER_BOUND('',#979,.T.);
#615=FACE_OUTER_BOUND('',#980,.T.);
#616=FACE_OUTER_BOUND('',#981,.T.);
#617=FACE_OUTER_BOUND('',#982,.T.);
#618=FACE_OUTER_BOUND('',#983,.T.);
#619=FACE_OUTER_BOUND('',#984,.T.);
#620=FACE_OUTER_BOUND('',#985,.T.);
#621=FACE_OUTER_BOUND('',#986,.T.);
#622=FACE_OUTER_BOUND('',#987,.T.);
#623=FACE_OUTER_BOUND('',#988,.T.);
#624=FACE_OUTER_BOUND('',#989,.T.);
#625=FACE_OUTER_BOUND('',#990,.T.);
#626=FACE_OUTER_BOUND('',#991,.T.);
#627=FACE_OUTER_BOUND('',#992,.T.);
#628=FACE_OUTER_BOUND('',#993,.T.);
#629=FACE_OUTER_BOUND('',#994,.T.);
#630=FACE_OUTER_BOUND('',#995,.T.);
#631=FACE_OUTER_BOUND('',#996,.T.);
#632=FACE_OUTER_BOUND('',#997,.T.);
#633=FACE_OUTER_BOUND('',#998,.T.);
#634=FACE_OUTER_BOUND('',#999,.T.);
#635=FACE_OUTER_BOUND('',#1000,.T.);
#636=FACE_OUTER_BOUND('',#1001,.T.);
#637=FACE_OUTER_BOUND('',#1002,.T.);
#638=FACE_OUTER_BOUND('',#1003,.T.);
#639=FACE_OUTER_BOUND('',#1004,.T.);
#640=FACE_OUTER_BOUND('',#1005,.T.);
#641=FACE_OUTER_BOUND('',#1006,.T.);
#642=FACE_OUTER_BOUND('',#1007,.T.);
#643=FACE_OUTER_BOUND('',#1008,.T.);
#644=FACE_OUTER_BOUND('',#1009,.T.);
#645=FACE_OUTER_BOUND('',#1010,.T.);
#646=FACE_OUTER_BOUND('',#1011,.T.);
#647=FACE_OUTER_BOUND('',#1012,.T.);
#648=FACE_OUTER_BOUND('',#1013,.T.);
#649=FACE_OUTER_BOUND('',#1014,.T.);
#650=FACE_OUTER_BOUND('',#1015,.T.);
#651=FACE_OUTER_BOUND('',#1016,.T.);
#652=FACE_OUTER_BOUND('',#1017,.T.);
#653=FACE_OUTER_BOUND('',#1018,.T.);
#654=FACE_OUTER_BOUND('',#1019,.T.);
#655=FACE_OUTER_BOUND('',#1020,.T.);
#656=FACE_OUTER_BOUND('',#1021,.T.);
#657=FACE_OUTER_BOUND('',#1022,.T.);
#658=FACE_OUTER_BOUND('',#1023,.T.);
#659=FACE_OUTER_BOUND('',#1024,.T.);
#660=FACE_OUTER_BOUND('',#1025,.T.);
#661=FACE_OUTER_BOUND('',#1026,.T.);
#662=FACE_OUTER_BOUND('',#1027,.T.);
#663=FACE_OUTER_BOUND('',#1028,.T.);
#664=FACE_OUTER_BOUND('',#1029,.T.);
#665=FACE_OUTER_BOUND('',#1030,.T.);
#666=FACE_OUTER_BOUND('',#1031,.T.);
#667=FACE_OUTER_BOUND('',#1032,.T.);
#668=FACE_OUTER_BOUND('',#1033,.T.);
#669=FACE_OUTER_BOUND('',#1034,.T.);
#670=FACE_OUTER_BOUND('',#1035,.T.);
#671=FACE_OUTER_BOUND('',#1036,.T.);
#672=FACE_OUTER_BOUND('',#1037,.T.);
#673=FACE_OUTER_BOUND('',#1038,.T.);
#674=FACE_OUTER_BOUND('',#1039,.T.);
#675=FACE_OUTER_BOUND('',#1040,.T.);
#676=FACE_OUTER_BOUND('',#1041,.T.);
#677=FACE_OUTER_BOUND('',#1042,.T.);
#678=FACE_OUTER_BOUND('',#1043,.T.);
#679=FACE_OUTER_BOUND('',#1044,.T.);
#680=FACE_OUTER_BOUND('',#1045,.T.);
#681=FACE_OUTER_BOUND('',#1046,.T.);
#682=FACE_OUTER_BOUND('',#1047,.T.);
#683=FACE_OUTER_BOUND('',#1048,.T.);
#684=FACE_OUTER_BOUND('',#1049,.T.);
#685=FACE_OUTER_BOUND('',#1050,.T.);
#686=FACE_OUTER_BOUND('',#1051,.T.);
#687=FACE_OUTER_BOUND('',#1052,.T.);
#688=FACE_OUTER_BOUND('',#1053,.T.);
#689=FACE_OUTER_BOUND('',#1054,.T.);
#690=FACE_OUTER_BOUND('',#1055,.T.);
#691=FACE_OUTER_BOUND('',#1056,.T.);
#692=FACE_OUTER_BOUND('',#1057,.T.);
#693=FACE_OUTER_BOUND('',#1058,.T.);
#694=FACE_OUTER_BOUND('',#1059,.T.);
#695=FACE_OUTER_BOUND('',#1060,.T.);
#696=FACE_OUTER_BOUND('',#1061,.T.);
#697=FACE_OUTER_BOUND('',#1062,.T.);
#698=FACE_OUTER_BOUND('',#1063,.T.);
#699=FACE_OUTER_BOUND('',#1064,.T.);
#700=FACE_OUTER_BOUND('',#1065,.T.);
#701=FACE_OUTER_BOUND('',#1066,.T.);
#702=FACE_OUTER_BOUND('',#1067,.T.);
#703=FACE_OUTER_BOUND('',#1068,.T.);
#704=FACE_OUTER_BOUND('',#1069,.T.);
#705=FACE_OUTER_BOUND('',#1070,.T.);
#706=FACE_OUTER_BOUND('',#1071,.T.);
#707=FACE_OUTER_BOUND('',#1072,.T.);
#708=FACE_OUTER_BOUND('',#1073,.T.);
#709=FACE_OUTER_BOUND('',#1074,.T.);
#710=FACE_OUTER_BOUND('',#1075,.T.);
#711=FACE_OUTER_BOUND('',#1076,.T.);
#712=FACE_OUTER_BOUND('',#1077,.T.);
#713=FACE_OUTER_BOUND('',#1078,.T.);
#714=FACE_OUTER_BOUND('',#1079,.T.);
#715=FACE_OUTER_BOUND('',#1080,.T.);
#716=FACE_OUTER_BOUND('',#1081,.T.);
#717=FACE_OUTER_BOUND('',#1082,.T.);
#718=FACE_OUTER_BOUND('',#1083,.T.);
#719=FACE_OUTER_BOUND('',#1084,.T.);
#720=FACE_OUTER_BOUND('',#1085,.T.);
#721=FACE_OUTER_BOUND('',#1086,.T.);
#722=FACE_OUTER_BOUND('',#1087,.T.);
#723=FACE_OUTER_BOUND('',#1088,.T.);
#724=FACE_OUTER_BOUND('',#1089,.T.);
#725=FACE_OUTER_BOUND('',#1090,.T.);
#726=FACE_OUTER_BOUND('',#1091,.T.);
#727=FACE_OUTER_BOUND('',#1092,.T.);
#728=FACE_OUTER_BOUND('',#1093,.T.);
#729=FACE_OUTER_BOUND('',#1094,.T.);
#730=FACE_OUTER_BOUND('',#1095,.T.);
#731=FACE_OUTER_BOUND('',#1096,.T.);
#732=FACE_OUTER_BOUND('',#1097,.T.);
#733=FACE_OUTER_BOUND('',#1098,.T.);
#734=FACE_OUTER_BOUND('',#1099,.T.);
#735=FACE_OUTER_BOUND('',#1117,.T.);
#736=FACE_OUTER_BOUND('',#1135,.T.);
#737=FACE_OUTER_BOUND('',#1136,.T.);
#738=FACE_OUTER_BOUND('',#1137,.T.);
#739=FACE_OUTER_BOUND('',#1138,.T.);
#740=FACE_OUTER_BOUND('',#1139,.T.);
#741=FACE_OUTER_BOUND('',#1140,.T.);
#742=FACE_OUTER_BOUND('',#1141,.T.);
#743=FACE_OUTER_BOUND('',#1142,.T.);
#744=FACE_OUTER_BOUND('',#1143,.T.);
#745=FACE_OUTER_BOUND('',#1144,.T.);
#746=FACE_OUTER_BOUND('',#1145,.T.);
#747=FACE_OUTER_BOUND('',#1146,.T.);
#748=FACE_OUTER_BOUND('',#1147,.T.);
#749=FACE_OUTER_BOUND('',#1148,.T.);
#750=FACE_OUTER_BOUND('',#1149,.T.);
#751=FACE_OUTER_BOUND('',#1150,.T.);
#752=FACE_OUTER_BOUND('',#1151,.T.);
#753=FACE_OUTER_BOUND('',#1152,.T.);
#754=FACE_OUTER_BOUND('',#1153,.T.);
#755=FACE_OUTER_BOUND('',#1154,.T.);
#756=FACE_OUTER_BOUND('',#1155,.T.);
#757=FACE_OUTER_BOUND('',#1156,.T.);
#758=FACE_OUTER_BOUND('',#1157,.T.);
#759=FACE_OUTER_BOUND('',#1158,.T.);
#760=FACE_OUTER_BOUND('',#1159,.T.);
#761=FACE_OUTER_BOUND('',#1160,.T.);
#762=FACE_OUTER_BOUND('',#1162,.T.);
#763=FACE_OUTER_BOUND('',#1163,.T.);
#764=FACE_OUTER_BOUND('',#1164,.T.);
#765=FACE_OUTER_BOUND('',#1165,.T.);
#766=FACE_OUTER_BOUND('',#1166,.T.);
#767=FACE_OUTER_BOUND('',#1167,.T.);
#768=FACE_OUTER_BOUND('',#1168,.T.);
#769=FACE_OUTER_BOUND('',#1169,.T.);
#770=FACE_OUTER_BOUND('',#1170,.T.);
#771=FACE_OUTER_BOUND('',#1171,.T.);
#772=FACE_OUTER_BOUND('',#1172,.T.);
#773=FACE_OUTER_BOUND('',#1173,.T.);
#774=FACE_OUTER_BOUND('',#1174,.T.);
#775=FACE_OUTER_BOUND('',#1175,.T.);
#776=FACE_OUTER_BOUND('',#1176,.T.);
#777=FACE_OUTER_BOUND('',#1177,.T.);
#778=FACE_OUTER_BOUND('',#1178,.T.);
#779=FACE_OUTER_BOUND('',#1179,.T.);
#780=FACE_OUTER_BOUND('',#1180,.T.);
#781=FACE_OUTER_BOUND('',#1181,.T.);
#782=FACE_OUTER_BOUND('',#1182,.T.);
#783=FACE_OUTER_BOUND('',#1183,.T.);
#784=FACE_OUTER_BOUND('',#1184,.T.);
#785=FACE_OUTER_BOUND('',#1185,.T.);
#786=FACE_OUTER_BOUND('',#1186,.T.);
#787=FACE_OUTER_BOUND('',#1187,.T.);
#788=FACE_OUTER_BOUND('',#1188,.T.);
#789=FACE_OUTER_BOUND('',#1189,.T.);
#790=FACE_OUTER_BOUND('',#1190,.T.);
#791=FACE_OUTER_BOUND('',#1191,.T.);
#792=FACE_OUTER_BOUND('',#1192,.T.);
#793=FACE_OUTER_BOUND('',#1193,.T.);
#794=FACE_OUTER_BOUND('',#1194,.T.);
#795=FACE_OUTER_BOUND('',#1195,.T.);
#796=FACE_OUTER_BOUND('',#1196,.T.);
#797=FACE_OUTER_BOUND('',#1197,.T.);
#798=FACE_OUTER_BOUND('',#1198,.T.);
#799=FACE_OUTER_BOUND('',#1199,.T.);
#800=FACE_OUTER_BOUND('',#1200,.T.);
#801=FACE_OUTER_BOUND('',#1201,.T.);
#802=FACE_OUTER_BOUND('',#1202,.T.);
#803=EDGE_LOOP('',(#4651,#4652,#4653,#4654));
#804=EDGE_LOOP('',(#4655,#4656,#4657,#4658));
#805=EDGE_LOOP('',(#4659,#4660,#4661,#4662));
#806=EDGE_LOOP('',(#4663,#4664,#4665,#4666));
#807=EDGE_LOOP('',(#4667,#4668,#4669,#4670));
#808=EDGE_LOOP('',(#4671,#4672,#4673,#4674));
#809=EDGE_LOOP('',(#4675,#4676,#4677,#4678));
#810=EDGE_LOOP('',(#4679,#4680,#4681,#4682));
#811=EDGE_LOOP('',(#4683,#4684,#4685,#4686));
#812=EDGE_LOOP('',(#4687,#4688,#4689,#4690));
#813=EDGE_LOOP('',(#4691,#4692,#4693,#4694));
#814=EDGE_LOOP('',(#4695,#4696,#4697,#4698));
#815=EDGE_LOOP('',(#4699,#4700,#4701,#4702));
#816=EDGE_LOOP('',(#4703,#4704,#4705,#4706));
#817=EDGE_LOOP('',(#4707,#4708,#4709,#4710));
#818=EDGE_LOOP('',(#4711,#4712,#4713,#4714));
#819=EDGE_LOOP('',(#4715,#4716,#4717,#4718));
#820=EDGE_LOOP('',(#4719,#4720,#4721,#4722));
#821=EDGE_LOOP('',(#4723,#4724,#4725,#4726));
#822=EDGE_LOOP('',(#4727,#4728,#4729,#4730));
#823=EDGE_LOOP('',(#4731,#4732,#4733,#4734));
#824=EDGE_LOOP('',(#4735,#4736,#4737,#4738));
#825=EDGE_LOOP('',(#4739,#4740,#4741,#4742));
#826=EDGE_LOOP('',(#4743,#4744,#4745,#4746));
#827=EDGE_LOOP('',(#4747,#4748,#4749,#4750));
#828=EDGE_LOOP('',(#4751,#4752,#4753,#4754));
#829=EDGE_LOOP('',(#4755,#4756,#4757,#4758));
#830=EDGE_LOOP('',(#4759,#4760,#4761,#4762));
#831=EDGE_LOOP('',(#4763,#4764,#4765,#4766));
#832=EDGE_LOOP('',(#4767,#4768,#4769,#4770));
#833=EDGE_LOOP('',(#4771,#4772,#4773,#4774));
#834=EDGE_LOOP('',(#4775,#4776,#4777,#4778));
#835=EDGE_LOOP('',(#4779,#4780,#4781,#4782));
#836=EDGE_LOOP('',(#4783,#4784,#4785,#4786));
#837=EDGE_LOOP('',(#4787,#4788,#4789,#4790));
#838=EDGE_LOOP('',(#4791,#4792,#4793,#4794));
#839=EDGE_LOOP('',(#4795,#4796,#4797,#4798));
#840=EDGE_LOOP('',(#4799,#4800,#4801,#4802));
#841=EDGE_LOOP('',(#4803,#4804,#4805,#4806));
#842=EDGE_LOOP('',(#4807,#4808,#4809,#4810));
#843=EDGE_LOOP('',(#4811,#4812,#4813,#4814));
#844=EDGE_LOOP('',(#4815,#4816,#4817,#4818));
#845=EDGE_LOOP('',(#4819,#4820,#4821,#4822));
#846=EDGE_LOOP('',(#4823,#4824,#4825,#4826));
#847=EDGE_LOOP('',(#4827,#4828,#4829,#4830));
#848=EDGE_LOOP('',(#4831,#4832,#4833,#4834));
#849=EDGE_LOOP('',(#4835,#4836,#4837,#4838));
#850=EDGE_LOOP('',(#4839,#4840,#4841,#4842));
#851=EDGE_LOOP('',(#4843,#4844,#4845,#4846));
#852=EDGE_LOOP('',(#4847,#4848,#4849,#4850));
#853=EDGE_LOOP('',(#4851,#4852,#4853,#4854));
#854=EDGE_LOOP('',(#4855,#4856,#4857,#4858));
#855=EDGE_LOOP('',(#4859,#4860,#4861,#4862));
#856=EDGE_LOOP('',(#4863,#4864,#4865,#4866));
#857=EDGE_LOOP('',(#4867,#4868,#4869,#4870));
#858=EDGE_LOOP('',(#4871,#4872,#4873,#4874));
#859=EDGE_LOOP('',(#4875,#4876,#4877,#4878));
#860=EDGE_LOOP('',(#4879,#4880,#4881,#4882));
#861=EDGE_LOOP('',(#4883,#4884,#4885,#4886));
#862=EDGE_LOOP('',(#4887,#4888,#4889,#4890));
#863=EDGE_LOOP('',(#4891,#4892,#4893,#4894));
#864=EDGE_LOOP('',(#4895,#4896,#4897,#4898));
#865=EDGE_LOOP('',(#4899,#4900,#4901,#4902));
#866=EDGE_LOOP('',(#4903,#4904,#4905,#4906));
#867=EDGE_LOOP('',(#4907,#4908,#4909,#4910));
#868=EDGE_LOOP('',(#4911,#4912,#4913,#4914));
#869=EDGE_LOOP('',(#4915,#4916,#4917,#4918));
#870=EDGE_LOOP('',(#4919,#4920,#4921,#4922));
#871=EDGE_LOOP('',(#4923,#4924,#4925,#4926));
#872=EDGE_LOOP('',(#4927,#4928,#4929,#4930));
#873=EDGE_LOOP('',(#4931,#4932,#4933,#4934));
#874=EDGE_LOOP('',(#4935,#4936,#4937,#4938));
#875=EDGE_LOOP('',(#4939,#4940,#4941,#4942));
#876=EDGE_LOOP('',(#4943,#4944,#4945,#4946));
#877=EDGE_LOOP('',(#4947,#4948,#4949,#4950));
#878=EDGE_LOOP('',(#4951,#4952,#4953,#4954));
#879=EDGE_LOOP('',(#4955,#4956,#4957,#4958));
#880=EDGE_LOOP('',(#4959,#4960,#4961,#4962));
#881=EDGE_LOOP('',(#4963,#4964,#4965,#4966));
#882=EDGE_LOOP('',(#4967,#4968,#4969,#4970));
#883=EDGE_LOOP('',(#4971,#4972,#4973,#4974));
#884=EDGE_LOOP('',(#4975,#4976,#4977,#4978));
#885=EDGE_LOOP('',(#4979,#4980,#4981,#4982));
#886=EDGE_LOOP('',(#4983,#4984,#4985,#4986));
#887=EDGE_LOOP('',(#4987,#4988,#4989,#4990));
#888=EDGE_LOOP('',(#4991,#4992,#4993,#4994));
#889=EDGE_LOOP('',(#4995,#4996,#4997,#4998));
#890=EDGE_LOOP('',(#4999,#5000,#5001,#5002));
#891=EDGE_LOOP('',(#5003,#5004,#5005,#5006));
#892=EDGE_LOOP('',(#5007,#5008,#5009,#5010));
#893=EDGE_LOOP('',(#5011,#5012,#5013,#5014));
#894=EDGE_LOOP('',(#5015,#5016,#5017,#5018));
#895=EDGE_LOOP('',(#5019,#5020,#5021,#5022));
#896=EDGE_LOOP('',(#5023,#5024,#5025,#5026));
#897=EDGE_LOOP('',(#5027,#5028,#5029,#5030));
#898=EDGE_LOOP('',(#5031,#5032,#5033,#5034));
#899=EDGE_LOOP('',(#5035,#5036,#5037,#5038));
#900=EDGE_LOOP('',(#5039,#5040,#5041,#5042));
#901=EDGE_LOOP('',(#5043,#5044,#5045,#5046));
#902=EDGE_LOOP('',(#5047,#5048,#5049,#5050));
#903=EDGE_LOOP('',(#5051,#5052,#5053,#5054));
#904=EDGE_LOOP('',(#5055,#5056,#5057,#5058));
#905=EDGE_LOOP('',(#5059,#5060,#5061,#5062));
#906=EDGE_LOOP('',(#5063,#5064,#5065,#5066));
#907=EDGE_LOOP('',(#5067,#5068,#5069,#5070));
#908=EDGE_LOOP('',(#5071,#5072,#5073,#5074));
#909=EDGE_LOOP('',(#5075,#5076,#5077,#5078));
#910=EDGE_LOOP('',(#5079,#5080,#5081,#5082));
#911=EDGE_LOOP('',(#5083,#5084,#5085,#5086));
#912=EDGE_LOOP('',(#5087,#5088,#5089,#5090));
#913=EDGE_LOOP('',(#5091,#5092,#5093,#5094));
#914=EDGE_LOOP('',(#5095,#5096,#5097,#5098));
#915=EDGE_LOOP('',(#5099,#5100,#5101,#5102));
#916=EDGE_LOOP('',(#5103,#5104,#5105,#5106));
#917=EDGE_LOOP('',(#5107,#5108,#5109,#5110));
#918=EDGE_LOOP('',(#5111,#5112,#5113,#5114));
#919=EDGE_LOOP('',(#5115,#5116,#5117,#5118));
#920=EDGE_LOOP('',(#5119,#5120,#5121,#5122));
#921=EDGE_LOOP('',(#5123,#5124,#5125,#5126));
#922=EDGE_LOOP('',(#5127,#5128,#5129,#5130));
#923=EDGE_LOOP('',(#5131,#5132,#5133,#5134));
#924=EDGE_LOOP('',(#5135,#5136,#5137,#5138));
#925=EDGE_LOOP('',(#5139,#5140,#5141,#5142));
#926=EDGE_LOOP('',(#5143,#5144,#5145,#5146));
#927=EDGE_LOOP('',(#5147,#5148,#5149,#5150));
#928=EDGE_LOOP('',(#5151,#5152,#5153,#5154));
#929=EDGE_LOOP('',(#5155,#5156,#5157,#5158));
#930=EDGE_LOOP('',(#5159,#5160,#5161,#5162));
#931=EDGE_LOOP('',(#5163,#5164,#5165,#5166));
#932=EDGE_LOOP('',(#5167,#5168,#5169,#5170));
#933=EDGE_LOOP('',(#5171,#5172,#5173,#5174));
#934=EDGE_LOOP('',(#5175,#5176,#5177,#5178));
#935=EDGE_LOOP('',(#5179,#5180,#5181,#5182));
#936=EDGE_LOOP('',(#5183,#5184,#5185,#5186));
#937=EDGE_LOOP('',(#5187,#5188,#5189,#5190));
#938=EDGE_LOOP('',(#5191,#5192,#5193,#5194));
#939=EDGE_LOOP('',(#5195,#5196,#5197,#5198));
#940=EDGE_LOOP('',(#5199,#5200,#5201,#5202));
#941=EDGE_LOOP('',(#5203,#5204,#5205,#5206));
#942=EDGE_LOOP('',(#5207,#5208,#5209,#5210));
#943=EDGE_LOOP('',(#5211,#5212,#5213,#5214));
#944=EDGE_LOOP('',(#5215,#5216,#5217,#5218));
#945=EDGE_LOOP('',(#5219,#5220,#5221,#5222));
#946=EDGE_LOOP('',(#5223,#5224,#5225,#5226));
#947=EDGE_LOOP('',(#5227,#5228,#5229,#5230));
#948=EDGE_LOOP('',(#5231,#5232,#5233,#5234));
#949=EDGE_LOOP('',(#5235,#5236,#5237,#5238));
#950=EDGE_LOOP('',(#5239,#5240,#5241,#5242));
#951=EDGE_LOOP('',(#5243,#5244,#5245,#5246));
#952=EDGE_LOOP('',(#5247,#5248,#5249,#5250));
#953=EDGE_LOOP('',(#5251,#5252,#5253,#5254));
#954=EDGE_LOOP('',(#5255,#5256,#5257,#5258));
#955=EDGE_LOOP('',(#5259,#5260,#5261,#5262));
#956=EDGE_LOOP('',(#5263,#5264,#5265,#5266));
#957=EDGE_LOOP('',(#5267,#5268,#5269,#5270));
#958=EDGE_LOOP('',(#5271,#5272,#5273,#5274));
#959=EDGE_LOOP('',(#5275,#5276,#5277,#5278));
#960=EDGE_LOOP('',(#5279,#5280,#5281,#5282));
#961=EDGE_LOOP('',(#5283,#5284,#5285,#5286));
#962=EDGE_LOOP('',(#5287,#5288,#5289,#5290));
#963=EDGE_LOOP('',(#5291,#5292,#5293,#5294));
#964=EDGE_LOOP('',(#5295,#5296,#5297,#5298));
#965=EDGE_LOOP('',(#5299,#5300,#5301,#5302));
#966=EDGE_LOOP('',(#5303,#5304,#5305,#5306));
#967=EDGE_LOOP('',(#5307,#5308,#5309,#5310));
#968=EDGE_LOOP('',(#5311,#5312,#5313,#5314));
#969=EDGE_LOOP('',(#5315,#5316,#5317,#5318));
#970=EDGE_LOOP('',(#5319,#5320,#5321,#5322));
#971=EDGE_LOOP('',(#5323,#5324,#5325,#5326));
#972=EDGE_LOOP('',(#5327,#5328,#5329,#5330));
#973=EDGE_LOOP('',(#5331,#5332,#5333,#5334));
#974=EDGE_LOOP('',(#5335,#5336,#5337,#5338));
#975=EDGE_LOOP('',(#5339,#5340,#5341,#5342));
#976=EDGE_LOOP('',(#5343,#5344,#5345,#5346));
#977=EDGE_LOOP('',(#5347,#5348,#5349,#5350));
#978=EDGE_LOOP('',(#5351,#5352,#5353,#5354));
#979=EDGE_LOOP('',(#5355,#5356,#5357,#5358));
#980=EDGE_LOOP('',(#5359,#5360,#5361,#5362));
#981=EDGE_LOOP('',(#5363,#5364,#5365,#5366));
#982=EDGE_LOOP('',(#5367,#5368,#5369,#5370));
#983=EDGE_LOOP('',(#5371,#5372,#5373,#5374));
#984=EDGE_LOOP('',(#5375,#5376,#5377,#5378));
#985=EDGE_LOOP('',(#5379,#5380,#5381,#5382));
#986=EDGE_LOOP('',(#5383,#5384,#5385,#5386));
#987=EDGE_LOOP('',(#5387,#5388,#5389,#5390));
#988=EDGE_LOOP('',(#5391,#5392,#5393,#5394));
#989=EDGE_LOOP('',(#5395,#5396,#5397,#5398));
#990=EDGE_LOOP('',(#5399,#5400,#5401,#5402));
#991=EDGE_LOOP('',(#5403,#5404,#5405,#5406));
#992=EDGE_LOOP('',(#5407,#5408,#5409,#5410));
#993=EDGE_LOOP('',(#5411,#5412,#5413,#5414));
#994=EDGE_LOOP('',(#5415,#5416,#5417,#5418));
#995=EDGE_LOOP('',(#5419,#5420,#5421,#5422));
#996=EDGE_LOOP('',(#5423,#5424,#5425,#5426));
#997=EDGE_LOOP('',(#5427,#5428,#5429,#5430));
#998=EDGE_LOOP('',(#5431,#5432,#5433,#5434));
#999=EDGE_LOOP('',(#5435,#5436,#5437,#5438));
#1000=EDGE_LOOP('',(#5439,#5440,#5441,#5442));
#1001=EDGE_LOOP('',(#5443,#5444,#5445,#5446));
#1002=EDGE_LOOP('',(#5447,#5448,#5449,#5450));
#1003=EDGE_LOOP('',(#5451,#5452,#5453,#5454));
#1004=EDGE_LOOP('',(#5455,#5456,#5457,#5458));
#1005=EDGE_LOOP('',(#5459,#5460,#5461,#5462));
#1006=EDGE_LOOP('',(#5463,#5464,#5465,#5466));
#1007=EDGE_LOOP('',(#5467,#5468,#5469,#5470));
#1008=EDGE_LOOP('',(#5471,#5472,#5473,#5474));
#1009=EDGE_LOOP('',(#5475,#5476,#5477,#5478));
#1010=EDGE_LOOP('',(#5479,#5480,#5481,#5482));
#1011=EDGE_LOOP('',(#5483,#5484,#5485,#5486));
#1012=EDGE_LOOP('',(#5487,#5488,#5489,#5490));
#1013=EDGE_LOOP('',(#5491,#5492,#5493,#5494));
#1014=EDGE_LOOP('',(#5495,#5496,#5497,#5498));
#1015=EDGE_LOOP('',(#5499,#5500,#5501,#5502));
#1016=EDGE_LOOP('',(#5503,#5504,#5505,#5506));
#1017=EDGE_LOOP('',(#5507,#5508,#5509,#5510));
#1018=EDGE_LOOP('',(#5511,#5512,#5513,#5514));
#1019=EDGE_LOOP('',(#5515,#5516,#5517,#5518));
#1020=EDGE_LOOP('',(#5519,#5520,#5521,#5522));
#1021=EDGE_LOOP('',(#5523,#5524,#5525,#5526));
#1022=EDGE_LOOP('',(#5527,#5528,#5529,#5530));
#1023=EDGE_LOOP('',(#5531,#5532,#5533,#5534));
#1024=EDGE_LOOP('',(#5535,#5536,#5537,#5538));
#1025=EDGE_LOOP('',(#5539,#5540,#5541,#5542));
#1026=EDGE_LOOP('',(#5543,#5544,#5545,#5546));
#1027=EDGE_LOOP('',(#5547,#5548,#5549,#5550));
#1028=EDGE_LOOP('',(#5551,#5552,#5553,#5554));
#1029=EDGE_LOOP('',(#5555,#5556,#5557,#5558));
#1030=EDGE_LOOP('',(#5559,#5560,#5561,#5562));
#1031=EDGE_LOOP('',(#5563,#5564,#5565,#5566));
#1032=EDGE_LOOP('',(#5567,#5568,#5569,#5570));
#1033=EDGE_LOOP('',(#5571,#5572,#5573,#5574));
#1034=EDGE_LOOP('',(#5575,#5576,#5577,#5578));
#1035=EDGE_LOOP('',(#5579,#5580,#5581,#5582));
#1036=EDGE_LOOP('',(#5583,#5584,#5585,#5586));
#1037=EDGE_LOOP('',(#5587,#5588,#5589,#5590));
#1038=EDGE_LOOP('',(#5591,#5592,#5593,#5594));
#1039=EDGE_LOOP('',(#5595,#5596,#5597,#5598));
#1040=EDGE_LOOP('',(#5599,#5600,#5601,#5602));
#1041=EDGE_LOOP('',(#5603,#5604,#5605,#5606));
#1042=EDGE_LOOP('',(#5607,#5608,#5609,#5610));
#1043=EDGE_LOOP('',(#5611,#5612,#5613,#5614));
#1044=EDGE_LOOP('',(#5615,#5616,#5617,#5618));
#1045=EDGE_LOOP('',(#5619,#5620,#5621,#5622));
#1046=EDGE_LOOP('',(#5623,#5624,#5625,#5626));
#1047=EDGE_LOOP('',(#5627,#5628,#5629,#5630));
#1048=EDGE_LOOP('',(#5631,#5632,#5633,#5634));
#1049=EDGE_LOOP('',(#5635,#5636,#5637,#5638));
#1050=EDGE_LOOP('',(#5639,#5640,#5641,#5642));
#1051=EDGE_LOOP('',(#5643,#5644,#5645,#5646));
#1052=EDGE_LOOP('',(#5647,#5648,#5649,#5650));
#1053=EDGE_LOOP('',(#5651,#5652,#5653,#5654));
#1054=EDGE_LOOP('',(#5655,#5656,#5657,#5658));
#1055=EDGE_LOOP('',(#5659,#5660,#5661,#5662));
#1056=EDGE_LOOP('',(#5663,#5664,#5665,#5666));
#1057=EDGE_LOOP('',(#5667,#5668,#5669,#5670));
#1058=EDGE_LOOP('',(#5671,#5672,#5673,#5674));
#1059=EDGE_LOOP('',(#5675,#5676,#5677,#5678));
#1060=EDGE_LOOP('',(#5679,#5680,#5681,#5682));
#1061=EDGE_LOOP('',(#5683,#5684,#5685,#5686));
#1062=EDGE_LOOP('',(#5687,#5688,#5689,#5690));
#1063=EDGE_LOOP('',(#5691,#5692,#5693,#5694));
#1064=EDGE_LOOP('',(#5695,#5696,#5697,#5698));
#1065=EDGE_LOOP('',(#5699,#5700,#5701,#5702));
#1066=EDGE_LOOP('',(#5703,#5704,#5705,#5706));
#1067=EDGE_LOOP('',(#5707,#5708,#5709,#5710));
#1068=EDGE_LOOP('',(#5711,#5712,#5713,#5714));
#1069=EDGE_LOOP('',(#5715,#5716,#5717,#5718));
#1070=EDGE_LOOP('',(#5719,#5720,#5721,#5722));
#1071=EDGE_LOOP('',(#5723,#5724,#5725,#5726));
#1072=EDGE_LOOP('',(#5727,#5728,#5729,#5730));
#1073=EDGE_LOOP('',(#5731,#5732,#5733,#5734));
#1074=EDGE_LOOP('',(#5735,#5736,#5737,#5738));
#1075=EDGE_LOOP('',(#5739,#5740,#5741,#5742));
#1076=EDGE_LOOP('',(#5743,#5744,#5745,#5746));
#1077=EDGE_LOOP('',(#5747,#5748,#5749,#5750));
#1078=EDGE_LOOP('',(#5751,#5752,#5753,#5754));
#1079=EDGE_LOOP('',(#5755,#5756,#5757,#5758));
#1080=EDGE_LOOP('',(#5759,#5760,#5761,#5762));
#1081=EDGE_LOOP('',(#5763,#5764,#5765,#5766));
#1082=EDGE_LOOP('',(#5767,#5768,#5769,#5770));
#1083=EDGE_LOOP('',(#5771,#5772,#5773,#5774));
#1084=EDGE_LOOP('',(#5775,#5776,#5777,#5778));
#1085=EDGE_LOOP('',(#5779,#5780,#5781,#5782));
#1086=EDGE_LOOP('',(#5783,#5784,#5785,#5786));
#1087=EDGE_LOOP('',(#5787,#5788,#5789,#5790));
#1088=EDGE_LOOP('',(#5791,#5792,#5793,#5794));
#1089=EDGE_LOOP('',(#5795,#5796,#5797,#5798));
#1090=EDGE_LOOP('',(#5799,#5800,#5801,#5802));
#1091=EDGE_LOOP('',(#5803,#5804,#5805,#5806));
#1092=EDGE_LOOP('',(#5807,#5808,#5809,#5810));
#1093=EDGE_LOOP('',(#5811,#5812,#5813,#5814));
#1094=EDGE_LOOP('',(#5815,#5816,#5817,#5818));
#1095=EDGE_LOOP('',(#5819,#5820,#5821,#5822));
#1096=EDGE_LOOP('',(#5823,#5824,#5825,#5826));
#1097=EDGE_LOOP('',(#5827,#5828,#5829,#5830));
#1098=EDGE_LOOP('',(#5831,#5832,#5833,#5834));
#1099=EDGE_LOOP('',(#5835,#5836,#5837,#5838));
#1100=EDGE_LOOP('',(#5839,#5840,#5841,#5842,#5843,#5844,#5845,#5846,#5847,
#5848,#5849,#5850,#5851,#5852,#5853,#5854,#5855,#5856,#5857,#5858,#5859,
#5860,#5861,#5862,#5863,#5864,#5865,#5866,#5867,#5868,#5869,#5870,#5871,
#5872,#5873,#5874,#5875,#5876,#5877,#5878,#5879,#5880,#5881,#5882,#5883,
#5884,#5885,#5886,#5887,#5888,#5889,#5890,#5891,#5892,#5893,#5894,#5895,
#5896,#5897,#5898));
#1101=EDGE_LOOP('',(#5899,#5900,#5901,#5902,#5903,#5904,#5905,#5906));
#1102=EDGE_LOOP('',(#5907,#5908,#5909,#5910,#5911,#5912,#5913,#5914));
#1103=EDGE_LOOP('',(#5915,#5916,#5917,#5918,#5919,#5920,#5921,#5922));
#1104=EDGE_LOOP('',(#5923,#5924,#5925,#5926,#5927,#5928,#5929,#5930,#5931,
#5932,#5933,#5934,#5935,#5936,#5937,#5938,#5939,#5940,#5941,#5942,#5943,
#5944,#5945,#5946,#5947,#5948,#5949,#5950,#5951,#5952,#5953,#5954,#5955,
#5956,#5957,#5958,#5959,#5960,#5961,#5962,#5963,#5964,#5965,#5966,#5967,
#5968,#5969,#5970,#5971,#5972,#5973,#5974,#5975,#5976,#5977,#5978,#5979,
#5980,#5981,#5982));
#1105=EDGE_LOOP('',(#5983,#5984,#5985,#5986,#5987,#5988,#5989,#5990));
#1106=EDGE_LOOP('',(#5991,#5992,#5993,#5994,#5995,#5996,#5997,#5998));
#1107=EDGE_LOOP('',(#5999,#6000,#6001,#6002,#6003,#6004,#6005,#6006,#6007,
#6008,#6009,#6010,#6011,#6012,#6013,#6014,#6015,#6016,#6017,#6018,#6019,
#6020,#6021,#6022,#6023,#6024,#6025,#6026,#6027,#6028,#6029,#6030,#6031,
#6032,#6033,#6034,#6035,#6036,#6037,#6038,#6039,#6040,#6041,#6042,#6043,
#6044,#6045,#6046,#6047,#6048,#6049,#6050,#6051,#6052,#6053,#6054,#6055,
#6056,#6057,#6058));
#1108=EDGE_LOOP('',(#6059,#6060,#6061,#6062,#6063,#6064,#6065,#6066));
#1109=EDGE_LOOP('',(#6067,#6068,#6069,#6070,#6071,#6072,#6073,#6074));
#1110=EDGE_LOOP('',(#6075,#6076,#6077,#6078,#6079,#6080,#6081,#6082));
#1111=EDGE_LOOP('',(#6083,#6084,#6085,#6086,#6087,#6088,#6089,#6090));
#1112=EDGE_LOOP('',(#6091,#6092,#6093,#6094,#6095,#6096,#6097,#6098));
#1113=EDGE_LOOP('',(#6099,#6100,#6101,#6102,#6103,#6104,#6105,#6106));
#1114=EDGE_LOOP('',(#6107,#6108,#6109,#6110,#6111,#6112,#6113,#6114));
#1115=EDGE_LOOP('',(#6115,#6116,#6117,#6118,#6119,#6120,#6121,#6122));
#1116=EDGE_LOOP('',(#6123,#6124,#6125,#6126,#6127,#6128,#6129,#6130));
#1117=EDGE_LOOP('',(#6131,#6132,#6133,#6134));
#1118=EDGE_LOOP('',(#6135,#6136,#6137,#6138,#6139,#6140,#6141,#6142,#6143,
#6144,#6145,#6146,#6147,#6148,#6149,#6150,#6151,#6152,#6153,#6154,#6155,
#6156,#6157,#6158,#6159,#6160,#6161,#6162,#6163,#6164,#6165,#6166,#6167,
#6168,#6169,#6170,#6171,#6172,#6173,#6174,#6175,#6176,#6177,#6178,#6179,
#6180,#6181,#6182,#6183,#6184,#6185,#6186,#6187,#6188,#6189,#6190,#6191,
#6192,#6193,#6194));
#1119=EDGE_LOOP('',(#6195,#6196,#6197,#6198,#6199,#6200,#6201,#6202));
#1120=EDGE_LOOP('',(#6203,#6204,#6205,#6206,#6207,#6208,#6209,#6210));
#1121=EDGE_LOOP('',(#6211,#6212,#6213,#6214,#6215,#6216,#6217,#6218));
#1122=EDGE_LOOP('',(#6219,#6220,#6221,#6222,#6223,#6224,#6225,#6226,#6227,
#6228,#6229,#6230,#6231,#6232,#6233,#6234,#6235,#6236,#6237,#6238,#6239,
#6240,#6241,#6242,#6243,#6244,#6245,#6246,#6247,#6248,#6249,#6250,#6251,
#6252,#6253,#6254,#6255,#6256,#6257,#6258,#6259,#6260,#6261,#6262,#6263,
#6264,#6265,#6266,#6267,#6268,#6269,#6270,#6271,#6272,#6273,#6274,#6275,
#6276,#6277,#6278));
#1123=EDGE_LOOP('',(#6279,#6280,#6281,#6282,#6283,#6284,#6285,#6286));
#1124=EDGE_LOOP('',(#6287,#6288,#6289,#6290,#6291,#6292,#6293,#6294));
#1125=EDGE_LOOP('',(#6295,#6296,#6297,#6298,#6299,#6300,#6301,#6302,#6303,
#6304,#6305,#6306,#6307,#6308,#6309,#6310,#6311,#6312,#6313,#6314,#6315,
#6316,#6317,#6318,#6319,#6320,#6321,#6322,#6323,#6324,#6325,#6326,#6327,
#6328,#6329,#6330,#6331,#6332,#6333,#6334,#6335,#6336,#6337,#6338,#6339,
#6340,#6341,#6342,#6343,#6344,#6345,#6346,#6347,#6348,#6349,#6350,#6351,
#6352,#6353,#6354));
#1126=EDGE_LOOP('',(#6355,#6356,#6357,#6358,#6359,#6360,#6361,#6362));
#1127=EDGE_LOOP('',(#6363,#6364,#6365,#6366,#6367,#6368,#6369,#6370));
#1128=EDGE_LOOP('',(#6371,#6372,#6373,#6374,#6375,#6376,#6377,#6378));
#1129=EDGE_LOOP('',(#6379,#6380,#6381,#6382,#6383,#6384,#6385,#6386));
#1130=EDGE_LOOP('',(#6387,#6388,#6389,#6390,#6391,#6392,#6393,#6394));
#1131=EDGE_LOOP('',(#6395,#6396,#6397,#6398,#6399,#6400,#6401,#6402));
#1132=EDGE_LOOP('',(#6403,#6404,#6405,#6406,#6407,#6408,#6409,#6410));
#1133=EDGE_LOOP('',(#6411,#6412,#6413,#6414,#6415,#6416,#6417,#6418));
#1134=EDGE_LOOP('',(#6419,#6420,#6421,#6422,#6423,#6424,#6425,#6426));
#1135=EDGE_LOOP('',(#6427,#6428,#6429,#6430));
#1136=EDGE_LOOP('',(#6431,#6432,#6433,#6434));
#1137=EDGE_LOOP('',(#6435,#6436,#6437,#6438));
#1138=EDGE_LOOP('',(#6439,#6440,#6441,#6442,#6443,#6444,#6445,#6446,#6447,
#6448,#6449,#6450));
#1139=EDGE_LOOP('',(#6451,#6452,#6453,#6454,#6455,#6456));
#1140=EDGE_LOOP('',(#6457,#6458,#6459,#6460));
#1141=EDGE_LOOP('',(#6461,#6462,#6463,#6464));
#1142=EDGE_LOOP('',(#6465,#6466,#6467,#6468));
#1143=EDGE_LOOP('',(#6469,#6470,#6471,#6472));
#1144=EDGE_LOOP('',(#6473,#6474,#6475,#6476));
#1145=EDGE_LOOP('',(#6477,#6478,#6479,#6480));
#1146=EDGE_LOOP('',(#6481,#6482,#6483,#6484));
#1147=EDGE_LOOP('',(#6485,#6486,#6487,#6488));
#1148=EDGE_LOOP('',(#6489,#6490,#6491,#6492));
#1149=EDGE_LOOP('',(#6493,#6494,#6495,#6496));
#1150=EDGE_LOOP('',(#6497,#6498,#6499,#6500));
#1151=EDGE_LOOP('',(#6501,#6502,#6503,#6504));
#1152=EDGE_LOOP('',(#6505,#6506,#6507,#6508,#6509,#6510,#6511,#6512,#6513,
#6514,#6515,#6516));
#1153=EDGE_LOOP('',(#6517,#6518,#6519,#6520,#6521,#6522,#6523,#6524,#6525,
#6526,#6527,#6528));
#1154=EDGE_LOOP('',(#6529,#6530,#6531,#6532,#6533,#6534));
#1155=EDGE_LOOP('',(#6535,#6536,#6537,#6538));
#1156=EDGE_LOOP('',(#6539,#6540,#6541,#6542));
#1157=EDGE_LOOP('',(#6543,#6544,#6545,#6546,#6547,#6548,#6549,#6550));
#1158=EDGE_LOOP('',(#6551,#6552,#6553,#6554));
#1159=EDGE_LOOP('',(#6555,#6556,#6557,#6558));
#1160=EDGE_LOOP('',(#6559,#6560,#6561,#6562));
#1161=EDGE_LOOP('',(#6563,#6564,#6565,#6566,#6567,#6568,#6569,#6570));
#1162=EDGE_LOOP('',(#6571,#6572,#6573,#6574));
#1163=EDGE_LOOP('',(#6575,#6576,#6577,#6578,#6579,#6580,#6581,#6582,#6583,
#6584,#6585,#6586));
#1164=EDGE_LOOP('',(#6587,#6588,#6589,#6590));
#1165=EDGE_LOOP('',(#6591,#6592,#6593,#6594,#6595,#6596,#6597,#6598));
#1166=EDGE_LOOP('',(#6599,#6600,#6601,#6602,#6603,#6604,#6605,#6606,#6607,
#6608,#6609,#6610));
#1167=EDGE_LOOP('',(#6611,#6612,#6613,#6614));
#1168=EDGE_LOOP('',(#6615,#6616,#6617,#6618,#6619,#6620,#6621,#6622,#6623,
#6624,#6625,#6626));
#1169=EDGE_LOOP('',(#6627,#6628,#6629,#6630));
#1170=EDGE_LOOP('',(#6631,#6632,#6633,#6634));
#1171=EDGE_LOOP('',(#6635,#6636,#6637,#6638));
#1172=EDGE_LOOP('',(#6639,#6640,#6641,#6642));
#1173=EDGE_LOOP('',(#6643,#6644,#6645,#6646));
#1174=EDGE_LOOP('',(#6647,#6648,#6649,#6650));
#1175=EDGE_LOOP('',(#6651,#6652,#6653,#6654));
#1176=EDGE_LOOP('',(#6655,#6656,#6657,#6658,#6659,#6660,#6661,#6662));
#1177=EDGE_LOOP('',(#6663,#6664,#6665,#6666,#6667,#6668));
#1178=EDGE_LOOP('',(#6669,#6670,#6671,#6672,#6673,#6674));
#1179=EDGE_LOOP('',(#6675,#6676,#6677,#6678));
#1180=EDGE_LOOP('',(#6679,#6680,#6681,#6682));
#1181=EDGE_LOOP('',(#6683,#6684,#6685,#6686));
#1182=EDGE_LOOP('',(#6687,#6688,#6689,#6690));
#1183=EDGE_LOOP('',(#6691,#6692,#6693,#6694));
#1184=EDGE_LOOP('',(#6695,#6696,#6697,#6698));
#1185=EDGE_LOOP('',(#6699,#6700,#6701,#6702));
#1186=EDGE_LOOP('',(#6703,#6704,#6705,#6706));
#1187=EDGE_LOOP('',(#6707,#6708,#6709,#6710));
#1188=EDGE_LOOP('',(#6711,#6712,#6713,#6714));
#1189=EDGE_LOOP('',(#6715,#6716,#6717,#6718));
#1190=EDGE_LOOP('',(#6719,#6720,#6721,#6722));
#1191=EDGE_LOOP('',(#6723,#6724,#6725,#6726,#6727,#6728,#6729,#6730,#6731,
#6732,#6733,#6734));
#1192=EDGE_LOOP('',(#6735,#6736,#6737,#6738,#6739,#6740,#6741,#6742,#6743,
#6744,#6745,#6746));
#1193=EDGE_LOOP('',(#6747,#6748,#6749,#6750));
#1194=EDGE_LOOP('',(#6751,#6752,#6753,#6754,#6755,#6756,#6757,#6758));
#1195=EDGE_LOOP('',(#6759,#6760,#6761,#6762));
#1196=EDGE_LOOP('',(#6763,#6764,#6765,#6766));
#1197=EDGE_LOOP('',(#6767,#6768,#6769,#6770,#6771,#6772,#6773,#6774,#6775,
#6776,#6777,#6778));
#1198=EDGE_LOOP('',(#6779,#6780,#6781,#6782,#6783,#6784,#6785,#6786));
#1199=EDGE_LOOP('',(#6787,#6788,#6789,#6790,#6791,#6792,#6793,#6794,#6795,
#6796,#6797,#6798));
#1200=EDGE_LOOP('',(#6799,#6800,#6801,#6802));
#1201=EDGE_LOOP('',(#6803,#6804,#6805,#6806));
#1202=EDGE_LOOP('',(#6807,#6808,#6809,#6810));
#1203=LINE('',#10122,#2027);
#1204=LINE('',#10124,#2028);
#1205=LINE('',#10126,#2029);
#1206=LINE('',#10127,#2030);
#1207=LINE('',#10133,#2031);
#1208=LINE('',#10136,#2032);
#1209=LINE('',#10138,#2033);
#1210=LINE('',#10139,#2034);
#1211=LINE('',#10145,#2035);
#1212=LINE('',#10148,#2036);
#1213=LINE('',#10150,#2037);
#1214=LINE('',#10151,#2038);
#1215=LINE('',#10157,#2039);
#1216=LINE('',#10160,#2040);
#1217=LINE('',#10162,#2041);
#1218=LINE('',#10163,#2042);
#1219=LINE('',#10170,#2043);
#1220=LINE('',#10172,#2044);
#1221=LINE('',#10174,#2045);
#1222=LINE('',#10175,#2046);
#1223=LINE('',#10181,#2047);
#1224=LINE('',#10184,#2048);
#1225=LINE('',#10186,#2049);
#1226=LINE('',#10187,#2050);
#1227=LINE('',#10193,#2051);
#1228=LINE('',#10196,#2052);
#1229=LINE('',#10198,#2053);
#1230=LINE('',#10199,#2054);
#1231=LINE('',#10205,#2055);
#1232=LINE('',#10208,#2056);
#1233=LINE('',#10210,#2057);
#1234=LINE('',#10211,#2058);
#1235=LINE('',#10218,#2059);
#1236=LINE('',#10220,#2060);
#1237=LINE('',#10222,#2061);
#1238=LINE('',#10223,#2062);
#1239=LINE('',#10229,#2063);
#1240=LINE('',#10232,#2064);
#1241=LINE('',#10234,#2065);
#1242=LINE('',#10235,#2066);
#1243=LINE('',#10241,#2067);
#1244=LINE('',#10244,#2068);
#1245=LINE('',#10246,#2069);
#1246=LINE('',#10247,#2070);
#1247=LINE('',#10253,#2071);
#1248=LINE('',#10256,#2072);
#1249=LINE('',#10258,#2073);
#1250=LINE('',#10259,#2074);
#1251=LINE('',#10266,#2075);
#1252=LINE('',#10268,#2076);
#1253=LINE('',#10270,#2077);
#1254=LINE('',#10271,#2078);
#1255=LINE('',#10277,#2079);
#1256=LINE('',#10280,#2080);
#1257=LINE('',#10282,#2081);
#1258=LINE('',#10283,#2082);
#1259=LINE('',#10289,#2083);
#1260=LINE('',#10292,#2084);
#1261=LINE('',#10294,#2085);
#1262=LINE('',#10295,#2086);
#1263=LINE('',#10301,#2087);
#1264=LINE('',#10304,#2088);
#1265=LINE('',#10306,#2089);
#1266=LINE('',#10307,#2090);
#1267=LINE('',#10314,#2091);
#1268=LINE('',#10316,#2092);
#1269=LINE('',#10318,#2093);
#1270=LINE('',#10319,#2094);
#1271=LINE('',#10325,#2095);
#1272=LINE('',#10328,#2096);
#1273=LINE('',#10330,#2097);
#1274=LINE('',#10331,#2098);
#1275=LINE('',#10337,#2099);
#1276=LINE('',#10340,#2100);
#1277=LINE('',#10342,#2101);
#1278=LINE('',#10343,#2102);
#1279=LINE('',#10349,#2103);
#1280=LINE('',#10352,#2104);
#1281=LINE('',#10354,#2105);
#1282=LINE('',#10355,#2106);
#1283=LINE('',#10362,#2107);
#1284=LINE('',#10364,#2108);
#1285=LINE('',#10366,#2109);
#1286=LINE('',#10367,#2110);
#1287=LINE('',#10373,#2111);
#1288=LINE('',#10376,#2112);
#1289=LINE('',#10378,#2113);
#1290=LINE('',#10379,#2114);
#1291=LINE('',#10385,#2115);
#1292=LINE('',#10388,#2116);
#1293=LINE('',#10390,#2117);
#1294=LINE('',#10391,#2118);
#1295=LINE('',#10397,#2119);
#1296=LINE('',#10400,#2120);
#1297=LINE('',#10402,#2121);
#1298=LINE('',#10403,#2122);
#1299=LINE('',#10410,#2123);
#1300=LINE('',#10412,#2124);
#1301=LINE('',#10414,#2125);
#1302=LINE('',#10415,#2126);
#1303=LINE('',#10421,#2127);
#1304=LINE('',#10424,#2128);
#1305=LINE('',#10426,#2129);
#1306=LINE('',#10427,#2130);
#1307=LINE('',#10433,#2131);
#1308=LINE('',#10436,#2132);
#1309=LINE('',#10438,#2133);
#1310=LINE('',#10439,#2134);
#1311=LINE('',#10445,#2135);
#1312=LINE('',#10448,#2136);
#1313=LINE('',#10450,#2137);
#1314=LINE('',#10451,#2138);
#1315=LINE('',#10458,#2139);
#1316=LINE('',#10460,#2140);
#1317=LINE('',#10462,#2141);
#1318=LINE('',#10463,#2142);
#1319=LINE('',#10469,#2143);
#1320=LINE('',#10472,#2144);
#1321=LINE('',#10474,#2145);
#1322=LINE('',#10475,#2146);
#1323=LINE('',#10481,#2147);
#1324=LINE('',#10484,#2148);
#1325=LINE('',#10486,#2149);
#1326=LINE('',#10487,#2150);
#1327=LINE('',#10493,#2151);
#1328=LINE('',#10496,#2152);
#1329=LINE('',#10498,#2153);
#1330=LINE('',#10499,#2154);
#1331=LINE('',#10506,#2155);
#1332=LINE('',#10508,#2156);
#1333=LINE('',#10510,#2157);
#1334=LINE('',#10511,#2158);
#1335=LINE('',#10517,#2159);
#1336=LINE('',#10520,#2160);
#1337=LINE('',#10522,#2161);
#1338=LINE('',#10523,#2162);
#1339=LINE('',#10529,#2163);
#1340=LINE('',#10532,#2164);
#1341=LINE('',#10534,#2165);
#1342=LINE('',#10535,#2166);
#1343=LINE('',#10541,#2167);
#1344=LINE('',#10544,#2168);
#1345=LINE('',#10546,#2169);
#1346=LINE('',#10547,#2170);
#1347=LINE('',#10554,#2171);
#1348=LINE('',#10556,#2172);
#1349=LINE('',#10558,#2173);
#1350=LINE('',#10559,#2174);
#1351=LINE('',#10565,#2175);
#1352=LINE('',#10568,#2176);
#1353=LINE('',#10570,#2177);
#1354=LINE('',#10571,#2178);
#1355=LINE('',#10574,#2179);
#1356=LINE('',#10576,#2180);
#1357=LINE('',#10577,#2181);
#1358=LINE('',#10583,#2182);
#1359=LINE('',#10586,#2183);
#1360=LINE('',#10588,#2184);
#1361=LINE('',#10589,#2185);
#1362=LINE('',#10595,#2186);
#1363=LINE('',#10598,#2187);
#1364=LINE('',#10600,#2188);
#1365=LINE('',#10601,#2189);
#1366=LINE('',#10604,#2190);
#1367=LINE('',#10606,#2191);
#1368=LINE('',#10607,#2192);
#1369=LINE('',#10610,#2193);
#1370=LINE('',#10612,#2194);
#1371=LINE('',#10613,#2195);
#1372=LINE('',#10619,#2196);
#1373=LINE('',#10622,#2197);
#1374=LINE('',#10624,#2198);
#1375=LINE('',#10625,#2199);
#1376=LINE('',#10631,#2200);
#1377=LINE('',#10634,#2201);
#1378=LINE('',#10636,#2202);
#1379=LINE('',#10637,#2203);
#1380=LINE('',#10640,#2204);
#1381=LINE('',#10642,#2205);
#1382=LINE('',#10643,#2206);
#1383=LINE('',#10646,#2207);
#1384=LINE('',#10648,#2208);
#1385=LINE('',#10649,#2209);
#1386=LINE('',#10655,#2210);
#1387=LINE('',#10658,#2211);
#1388=LINE('',#10660,#2212);
#1389=LINE('',#10661,#2213);
#1390=LINE('',#10667,#2214);
#1391=LINE('',#10670,#2215);
#1392=LINE('',#10672,#2216);
#1393=LINE('',#10673,#2217);
#1394=LINE('',#10676,#2218);
#1395=LINE('',#10678,#2219);
#1396=LINE('',#10679,#2220);
#1397=LINE('',#10685,#2221);
#1398=LINE('',#10688,#2222);
#1399=LINE('',#10690,#2223);
#1400=LINE('',#10691,#2224);
#1401=LINE('',#10694,#2225);
#1402=LINE('',#10696,#2226);
#1403=LINE('',#10697,#2227);
#1404=LINE('',#10703,#2228);
#1405=LINE('',#10706,#2229);
#1406=LINE('',#10708,#2230);
#1407=LINE('',#10709,#2231);
#1408=LINE('',#10715,#2232);
#1409=LINE('',#10718,#2233);
#1410=LINE('',#10720,#2234);
#1411=LINE('',#10721,#2235);
#1412=LINE('',#10727,#2236);
#1413=LINE('',#10730,#2237);
#1414=LINE('',#10732,#2238);
#1415=LINE('',#10733,#2239);
#1416=LINE('',#10739,#2240);
#1417=LINE('',#10742,#2241);
#1418=LINE('',#10744,#2242);
#1419=LINE('',#10745,#2243);
#1420=LINE('',#10751,#2244);
#1421=LINE('',#10754,#2245);
#1422=LINE('',#10756,#2246);
#1423=LINE('',#10757,#2247);
#1424=LINE('',#10763,#2248);
#1425=LINE('',#10766,#2249);
#1426=LINE('',#10768,#2250);
#1427=LINE('',#10769,#2251);
#1428=LINE('',#10772,#2252);
#1429=LINE('',#10774,#2253);
#1430=LINE('',#10775,#2254);
#1431=LINE('',#10781,#2255);
#1432=LINE('',#10784,#2256);
#1433=LINE('',#10786,#2257);
#1434=LINE('',#10787,#2258);
#1435=LINE('',#10790,#2259);
#1436=LINE('',#10792,#2260);
#1437=LINE('',#10793,#2261);
#1438=LINE('',#10799,#2262);
#1439=LINE('',#10802,#2263);
#1440=LINE('',#10804,#2264);
#1441=LINE('',#10805,#2265);
#1442=LINE('',#10811,#2266);
#1443=LINE('',#10814,#2267);
#1444=LINE('',#10816,#2268);
#1445=LINE('',#10817,#2269);
#1446=LINE('',#10820,#2270);
#1447=LINE('',#10822,#2271);
#1448=LINE('',#10823,#2272);
#1449=LINE('',#10829,#2273);
#1450=LINE('',#10832,#2274);
#1451=LINE('',#10834,#2275);
#1452=LINE('',#10835,#2276);
#1453=LINE('',#10838,#2277);
#1454=LINE('',#10840,#2278);
#1455=LINE('',#10841,#2279);
#1456=LINE('',#10847,#2280);
#1457=LINE('',#10850,#2281);
#1458=LINE('',#10852,#2282);
#1459=LINE('',#10853,#2283);
#1460=LINE('',#10859,#2284);
#1461=LINE('',#10862,#2285);
#1462=LINE('',#10864,#2286);
#1463=LINE('',#10865,#2287);
#1464=LINE('',#10871,#2288);
#1465=LINE('',#10874,#2289);
#1466=LINE('',#10876,#2290);
#1467=LINE('',#10877,#2291);
#1468=LINE('',#10883,#2292);
#1469=LINE('',#10886,#2293);
#1470=LINE('',#10888,#2294);
#1471=LINE('',#10889,#2295);
#1472=LINE('',#10895,#2296);
#1473=LINE('',#10898,#2297);
#1474=LINE('',#10900,#2298);
#1475=LINE('',#10901,#2299);
#1476=LINE('',#10907,#2300);
#1477=LINE('',#10909,#2301);
#1478=LINE('',#10910,#2302);
#1479=LINE('',#10914,#2303);
#1480=LINE('',#10916,#2304);
#1481=LINE('',#10918,#2305);
#1482=LINE('',#10919,#2306);
#1483=LINE('',#10925,#2307);
#1484=LINE('',#10928,#2308);
#1485=LINE('',#10930,#2309);
#1486=LINE('',#10931,#2310);
#1487=LINE('',#10937,#2311);
#1488=LINE('',#10940,#2312);
#1489=LINE('',#10942,#2313);
#1490=LINE('',#10943,#2314);
#1491=LINE('',#10949,#2315);
#1492=LINE('',#10952,#2316);
#1493=LINE('',#10954,#2317);
#1494=LINE('',#10955,#2318);
#1495=LINE('',#10962,#2319);
#1496=LINE('',#10964,#2320);
#1497=LINE('',#10966,#2321);
#1498=LINE('',#10967,#2322);
#1499=LINE('',#10973,#2323);
#1500=LINE('',#10976,#2324);
#1501=LINE('',#10978,#2325);
#1502=LINE('',#10979,#2326);
#1503=LINE('',#10985,#2327);
#1504=LINE('',#10988,#2328);
#1505=LINE('',#10990,#2329);
#1506=LINE('',#10991,#2330);
#1507=LINE('',#10997,#2331);
#1508=LINE('',#11000,#2332);
#1509=LINE('',#11002,#2333);
#1510=LINE('',#11003,#2334);
#1511=LINE('',#11010,#2335);
#1512=LINE('',#11012,#2336);
#1513=LINE('',#11014,#2337);
#1514=LINE('',#11015,#2338);
#1515=LINE('',#11021,#2339);
#1516=LINE('',#11024,#2340);
#1517=LINE('',#11026,#2341);
#1518=LINE('',#11027,#2342);
#1519=LINE('',#11030,#2343);
#1520=LINE('',#11032,#2344);
#1521=LINE('',#11033,#2345);
#1522=LINE('',#11039,#2346);
#1523=LINE('',#11042,#2347);
#1524=LINE('',#11044,#2348);
#1525=LINE('',#11045,#2349);
#1526=LINE('',#11051,#2350);
#1527=LINE('',#11054,#2351);
#1528=LINE('',#11056,#2352);
#1529=LINE('',#11057,#2353);
#1530=LINE('',#11060,#2354);
#1531=LINE('',#11062,#2355);
#1532=LINE('',#11063,#2356);
#1533=LINE('',#11066,#2357);
#1534=LINE('',#11068,#2358);
#1535=LINE('',#11069,#2359);
#1536=LINE('',#11075,#2360);
#1537=LINE('',#11078,#2361);
#1538=LINE('',#11080,#2362);
#1539=LINE('',#11081,#2363);
#1540=LINE('',#11087,#2364);
#1541=LINE('',#11090,#2365);
#1542=LINE('',#11092,#2366);
#1543=LINE('',#11093,#2367);
#1544=LINE('',#11096,#2368);
#1545=LINE('',#11098,#2369);
#1546=LINE('',#11099,#2370);
#1547=LINE('',#11102,#2371);
#1548=LINE('',#11104,#2372);
#1549=LINE('',#11105,#2373);
#1550=LINE('',#11111,#2374);
#1551=LINE('',#11114,#2375);
#1552=LINE('',#11116,#2376);
#1553=LINE('',#11117,#2377);
#1554=LINE('',#11123,#2378);
#1555=LINE('',#11126,#2379);
#1556=LINE('',#11128,#2380);
#1557=LINE('',#11129,#2381);
#1558=LINE('',#11132,#2382);
#1559=LINE('',#11134,#2383);
#1560=LINE('',#11135,#2384);
#1561=LINE('',#11141,#2385);
#1562=LINE('',#11144,#2386);
#1563=LINE('',#11146,#2387);
#1564=LINE('',#11147,#2388);
#1565=LINE('',#11150,#2389);
#1566=LINE('',#11152,#2390);
#1567=LINE('',#11153,#2391);
#1568=LINE('',#11159,#2392);
#1569=LINE('',#11162,#2393);
#1570=LINE('',#11164,#2394);
#1571=LINE('',#11165,#2395);
#1572=LINE('',#11171,#2396);
#1573=LINE('',#11174,#2397);
#1574=LINE('',#11176,#2398);
#1575=LINE('',#11177,#2399);
#1576=LINE('',#11183,#2400);
#1577=LINE('',#11186,#2401);
#1578=LINE('',#11188,#2402);
#1579=LINE('',#11189,#2403);
#1580=LINE('',#11195,#2404);
#1581=LINE('',#11198,#2405);
#1582=LINE('',#11200,#2406);
#1583=LINE('',#11201,#2407);
#1584=LINE('',#11207,#2408);
#1585=LINE('',#11210,#2409);
#1586=LINE('',#11212,#2410);
#1587=LINE('',#11213,#2411);
#1588=LINE('',#11219,#2412);
#1589=LINE('',#11222,#2413);
#1590=LINE('',#11224,#2414);
#1591=LINE('',#11225,#2415);
#1592=LINE('',#11228,#2416);
#1593=LINE('',#11230,#2417);
#1594=LINE('',#11231,#2418);
#1595=LINE('',#11237,#2419);
#1596=LINE('',#11240,#2420);
#1597=LINE('',#11242,#2421);
#1598=LINE('',#11243,#2422);
#1599=LINE('',#11246,#2423);
#1600=LINE('',#11248,#2424);
#1601=LINE('',#11249,#2425);
#1602=LINE('',#11255,#2426);
#1603=LINE('',#11258,#2427);
#1604=LINE('',#11260,#2428);
#1605=LINE('',#11261,#2429);
#1606=LINE('',#11267,#2430);
#1607=LINE('',#11270,#2431);
#1608=LINE('',#11272,#2432);
#1609=LINE('',#11273,#2433);
#1610=LINE('',#11276,#2434);
#1611=LINE('',#11278,#2435);
#1612=LINE('',#11279,#2436);
#1613=LINE('',#11285,#2437);
#1614=LINE('',#11288,#2438);
#1615=LINE('',#11290,#2439);
#1616=LINE('',#11291,#2440);
#1617=LINE('',#11294,#2441);
#1618=LINE('',#11296,#2442);
#1619=LINE('',#11297,#2443);
#1620=LINE('',#11303,#2444);
#1621=LINE('',#11306,#2445);
#1622=LINE('',#11308,#2446);
#1623=LINE('',#11309,#2447);
#1624=LINE('',#11315,#2448);
#1625=LINE('',#11318,#2449);
#1626=LINE('',#11320,#2450);
#1627=LINE('',#11321,#2451);
#1628=LINE('',#11327,#2452);
#1629=LINE('',#11330,#2453);
#1630=LINE('',#11332,#2454);
#1631=LINE('',#11333,#2455);
#1632=LINE('',#11339,#2456);
#1633=LINE('',#11342,#2457);
#1634=LINE('',#11344,#2458);
#1635=LINE('',#11345,#2459);
#1636=LINE('',#11351,#2460);
#1637=LINE('',#11354,#2461);
#1638=LINE('',#11356,#2462);
#1639=LINE('',#11357,#2463);
#1640=LINE('',#11363,#2464);
#1641=LINE('',#11365,#2465);
#1642=LINE('',#11366,#2466);
#1643=LINE('',#11370,#2467);
#1644=LINE('',#11372,#2468);
#1645=LINE('',#11374,#2469);
#1646=LINE('',#11375,#2470);
#1647=LINE('',#11381,#2471);
#1648=LINE('',#11384,#2472);
#1649=LINE('',#11386,#2473);
#1650=LINE('',#11387,#2474);
#1651=LINE('',#11393,#2475);
#1652=LINE('',#11396,#2476);
#1653=LINE('',#11398,#2477);
#1654=LINE('',#11399,#2478);
#1655=LINE('',#11405,#2479);
#1656=LINE('',#11408,#2480);
#1657=LINE('',#11410,#2481);
#1658=LINE('',#11411,#2482);
#1659=LINE('',#11418,#2483);
#1660=LINE('',#11420,#2484);
#1661=LINE('',#11422,#2485);
#1662=LINE('',#11423,#2486);
#1663=LINE('',#11429,#2487);
#1664=LINE('',#11432,#2488);
#1665=LINE('',#11434,#2489);
#1666=LINE('',#11435,#2490);
#1667=LINE('',#11441,#2491);
#1668=LINE('',#11444,#2492);
#1669=LINE('',#11446,#2493);
#1670=LINE('',#11447,#2494);
#1671=LINE('',#11453,#2495);
#1672=LINE('',#11456,#2496);
#1673=LINE('',#11458,#2497);
#1674=LINE('',#11459,#2498);
#1675=LINE('',#11466,#2499);
#1676=LINE('',#11468,#2500);
#1677=LINE('',#11470,#2501);
#1678=LINE('',#11471,#2502);
#1679=LINE('',#11477,#2503);
#1680=LINE('',#11480,#2504);
#1681=LINE('',#11482,#2505);
#1682=LINE('',#11483,#2506);
#1683=LINE('',#11489,#2507);
#1684=LINE('',#11492,#2508);
#1685=LINE('',#11494,#2509);
#1686=LINE('',#11495,#2510);
#1687=LINE('',#11501,#2511);
#1688=LINE('',#11504,#2512);
#1689=LINE('',#11506,#2513);
#1690=LINE('',#11507,#2514);
#1691=LINE('',#11514,#2515);
#1692=LINE('',#11516,#2516);
#1693=LINE('',#11518,#2517);
#1694=LINE('',#11519,#2518);
#1695=LINE('',#11525,#2519);
#1696=LINE('',#11528,#2520);
#1697=LINE('',#11530,#2521);
#1698=LINE('',#11531,#2522);
#1699=LINE('',#11534,#2523);
#1700=LINE('',#11536,#2524);
#1701=LINE('',#11537,#2525);
#1702=LINE('',#11543,#2526);
#1703=LINE('',#11546,#2527);
#1704=LINE('',#11548,#2528);
#1705=LINE('',#11549,#2529);
#1706=LINE('',#11555,#2530);
#1707=LINE('',#11558,#2531);
#1708=LINE('',#11560,#2532);
#1709=LINE('',#11561,#2533);
#1710=LINE('',#11564,#2534);
#1711=LINE('',#11566,#2535);
#1712=LINE('',#11567,#2536);
#1713=LINE('',#11570,#2537);
#1714=LINE('',#11572,#2538);
#1715=LINE('',#11573,#2539);
#1716=LINE('',#11579,#2540);
#1717=LINE('',#11582,#2541);
#1718=LINE('',#11584,#2542);
#1719=LINE('',#11585,#2543);
#1720=LINE('',#11591,#2544);
#1721=LINE('',#11594,#2545);
#1722=LINE('',#11596,#2546);
#1723=LINE('',#11597,#2547);
#1724=LINE('',#11600,#2548);
#1725=LINE('',#11602,#2549);
#1726=LINE('',#11603,#2550);
#1727=LINE('',#11606,#2551);
#1728=LINE('',#11608,#2552);
#1729=LINE('',#11609,#2553);
#1730=LINE('',#11615,#2554);
#1731=LINE('',#11618,#2555);
#1732=LINE('',#11620,#2556);
#1733=LINE('',#11621,#2557);
#1734=LINE('',#11627,#2558);
#1735=LINE('',#11630,#2559);
#1736=LINE('',#11632,#2560);
#1737=LINE('',#11633,#2561);
#1738=LINE('',#11636,#2562);
#1739=LINE('',#11638,#2563);
#1740=LINE('',#11639,#2564);
#1741=LINE('',#11645,#2565);
#1742=LINE('',#11648,#2566);
#1743=LINE('',#11650,#2567);
#1744=LINE('',#11651,#2568);
#1745=LINE('',#11654,#2569);
#1746=LINE('',#11656,#2570);
#1747=LINE('',#11657,#2571);
#1748=LINE('',#11663,#2572);
#1749=LINE('',#11666,#2573);
#1750=LINE('',#11668,#2574);
#1751=LINE('',#11669,#2575);
#1752=LINE('',#11675,#2576);
#1753=LINE('',#11678,#2577);
#1754=LINE('',#11680,#2578);
#1755=LINE('',#11681,#2579);
#1756=LINE('',#11687,#2580);
#1757=LINE('',#11690,#2581);
#1758=LINE('',#11692,#2582);
#1759=LINE('',#11693,#2583);
#1760=LINE('',#11699,#2584);
#1761=LINE('',#11702,#2585);
#1762=LINE('',#11704,#2586);
#1763=LINE('',#11705,#2587);
#1764=LINE('',#11711,#2588);
#1765=LINE('',#11714,#2589);
#1766=LINE('',#11716,#2590);
#1767=LINE('',#11717,#2591);
#1768=LINE('',#11723,#2592);
#1769=LINE('',#11726,#2593);
#1770=LINE('',#11728,#2594);
#1771=LINE('',#11729,#2595);
#1772=LINE('',#11732,#2596);
#1773=LINE('',#11734,#2597);
#1774=LINE('',#11735,#2598);
#1775=LINE('',#11741,#2599);
#1776=LINE('',#11744,#2600);
#1777=LINE('',#11746,#2601);
#1778=LINE('',#11747,#2602);
#1779=LINE('',#11750,#2603);
#1780=LINE('',#11752,#2604);
#1781=LINE('',#11753,#2605);
#1782=LINE('',#11759,#2606);
#1783=LINE('',#11762,#2607);
#1784=LINE('',#11764,#2608);
#1785=LINE('',#11765,#2609);
#1786=LINE('',#11771,#2610);
#1787=LINE('',#11774,#2611);
#1788=LINE('',#11776,#2612);
#1789=LINE('',#11777,#2613);
#1790=LINE('',#11780,#2614);
#1791=LINE('',#11782,#2615);
#1792=LINE('',#11783,#2616);
#1793=LINE('',#11789,#2617);
#1794=LINE('',#11792,#2618);
#1795=LINE('',#11794,#2619);
#1796=LINE('',#11795,#2620);
#1797=LINE('',#11798,#2621);
#1798=LINE('',#11800,#2622);
#1799=LINE('',#11801,#2623);
#1800=LINE('',#11807,#2624);
#1801=LINE('',#11810,#2625);
#1802=LINE('',#11812,#2626);
#1803=LINE('',#11813,#2627);
#1804=LINE('',#11819,#2628);
#1805=LINE('',#11822,#2629);
#1806=LINE('',#11824,#2630);
#1807=LINE('',#11825,#2631);
#1808=LINE('',#11831,#2632);
#1809=LINE('',#11834,#2633);
#1810=LINE('',#11836,#2634);
#1811=LINE('',#11837,#2635);
#1812=LINE('',#11843,#2636);
#1813=LINE('',#11846,#2637);
#1814=LINE('',#11848,#2638);
#1815=LINE('',#11849,#2639);
#1816=LINE('',#11855,#2640);
#1817=LINE('',#11858,#2641);
#1818=LINE('',#11860,#2642);
#1819=LINE('',#11861,#2643);
#1820=LINE('',#11867,#2644);
#1821=LINE('',#11869,#2645);
#1822=LINE('',#11870,#2646);
#1823=LINE('',#11874,#2647);
#1824=LINE('',#11876,#2648);
#1825=LINE('',#11878,#2649);
#1826=LINE('',#11879,#2650);
#1827=LINE('',#11882,#2651);
#1828=LINE('',#11884,#2652);
#1829=LINE('',#11885,#2653);
#1830=LINE('',#11888,#2654);
#1831=LINE('',#11890,#2655);
#1832=LINE('',#11891,#2656);
#1833=LINE('',#11893,#2657);
#1834=LINE('',#11894,#2658);
#1835=LINE('',#11900,#2659);
#1836=LINE('',#11902,#2660);
#1837=LINE('',#11904,#2661);
#1838=LINE('',#11905,#2662);
#1839=LINE('',#11908,#2663);
#1840=LINE('',#11910,#2664);
#1841=LINE('',#11911,#2665);
#1842=LINE('',#11914,#2666);
#1843=LINE('',#11916,#2667);
#1844=LINE('',#11917,#2668);
#1845=LINE('',#11920,#2669);
#1846=LINE('',#11922,#2670);
#1847=LINE('',#11924,#2671);
#1848=LINE('',#11926,#2672);
#1849=LINE('',#11928,#2673);
#1850=LINE('',#11930,#2674);
#1851=LINE('',#11932,#2675);
#1852=LINE('',#11934,#2676);
#1853=LINE('',#11935,#2677);
#1854=LINE('',#11938,#2678);
#1855=LINE('',#11940,#2679);
#1856=LINE('',#11942,#2680);
#1857=LINE('',#11943,#2681);
#1858=LINE('',#11947,#2682);
#1859=LINE('',#11949,#2683);
#1860=LINE('',#11951,#2684);
#1861=LINE('',#11952,#2685);
#1862=LINE('',#11956,#2686);
#1863=LINE('',#11958,#2687);
#1864=LINE('',#11960,#2688);
#1865=LINE('',#11961,#2689);
#1866=LINE('',#11964,#2690);
#1867=LINE('',#11966,#2691);
#1868=LINE('',#11967,#2692);
#1869=LINE('',#11970,#2693);
#1870=LINE('',#11972,#2694);
#1871=LINE('',#11973,#2695);
#1872=LINE('',#11977,#2696);
#1873=LINE('',#11979,#2697);
#1874=LINE('',#11981,#2698);
#1875=LINE('',#11982,#2699);
#1876=LINE('',#11984,#2700);
#1877=LINE('',#11985,#2701);
#1878=LINE('',#11989,#2702);
#1879=LINE('',#11991,#2703);
#1880=LINE('',#11993,#2704);
#1881=LINE('',#11994,#2705);
#1882=LINE('',#11998,#2706);
#1883=LINE('',#12000,#2707);
#1884=LINE('',#12002,#2708);
#1885=LINE('',#12003,#2709);
#1886=LINE('',#12006,#2710);
#1887=LINE('',#12008,#2711);
#1888=LINE('',#12009,#2712);
#1889=LINE('',#12012,#2713);
#1890=LINE('',#12014,#2714);
#1891=LINE('',#12015,#2715);
#1892=LINE('',#12018,#2716);
#1893=LINE('',#12020,#2717);
#1894=LINE('',#12021,#2718);
#1895=LINE('',#12023,#2719);
#1896=LINE('',#12024,#2720);
#1897=LINE('',#12026,#2721);
#1898=LINE('',#12028,#2722);
#1899=LINE('',#12030,#2723);
#1900=LINE('',#12032,#2724);
#1901=LINE('',#12033,#2725);
#1902=LINE('',#12035,#2726);
#1903=LINE('',#12036,#2727);
#1904=LINE('',#12038,#2728);
#1905=LINE('',#12040,#2729);
#1906=LINE('',#12041,#2730);
#1907=LINE('',#12044,#2731);
#1908=LINE('',#12045,#2732);
#1909=LINE('',#12047,#2733);
#1910=LINE('',#12049,#2734);
#1911=LINE('',#12052,#2735);
#1912=LINE('',#12053,#2736);
#1913=LINE('',#12055,#2737);
#1914=LINE('',#12056,#2738);
#1915=LINE('',#12059,#2739);
#1916=LINE('',#12061,#2740);
#1917=LINE('',#12062,#2741);
#1918=LINE('',#12065,#2742);
#1919=LINE('',#12067,#2743);
#1920=LINE('',#12068,#2744);
#1921=LINE('',#12071,#2745);
#1922=LINE('',#12073,#2746);
#1923=LINE('',#12074,#2747);
#1924=LINE('',#12076,#2748);
#1925=LINE('',#12078,#2749);
#1926=LINE('',#12080,#2750);
#1927=LINE('',#12082,#2751);
#1928=LINE('',#12083,#2752);
#1929=LINE('',#12086,#2753);
#1930=LINE('',#12087,#2754);
#1931=LINE('',#12090,#2755);
#1932=LINE('',#12091,#2756);
#1933=LINE('',#12093,#2757);
#1934=LINE('',#12095,#2758);
#1935=LINE('',#12097,#2759);
#1936=LINE('',#12101,#2760);
#1937=LINE('',#12103,#2761);
#1938=LINE('',#12105,#2762);
#1939=LINE('',#12106,#2763);
#1940=LINE('',#12108,#2764);
#1941=LINE('',#12109,#2765);
#1942=LINE('',#12111,#2766);
#1943=LINE('',#12117,#2767);
#1944=LINE('',#12119,#2768);
#1945=LINE('',#12121,#2769);
#1946=LINE('',#12122,#2770);
#1947=LINE('',#12126,#2771);
#1948=LINE('',#12128,#2772);
#1949=LINE('',#12130,#2773);
#1950=LINE('',#12131,#2774);
#1951=LINE('',#12133,#2775);
#1952=LINE('',#12134,#2776);
#1953=LINE('',#12137,#2777);
#1954=LINE('',#12139,#2778);
#1955=LINE('',#12141,#2779);
#1956=LINE('',#12143,#2780);
#1957=LINE('',#12144,#2781);
#1958=LINE('',#12147,#2782);
#1959=LINE('',#12149,#2783);
#1960=LINE('',#12151,#2784);
#1961=LINE('',#12152,#2785);
#1962=LINE('',#12155,#2786);
#1963=LINE('',#12157,#2787);
#1964=LINE('',#12159,#2788);
#1965=LINE('',#12160,#2789);
#1966=LINE('',#12164,#2790);
#1967=LINE('',#12166,#2791);
#1968=LINE('',#12168,#2792);
#1969=LINE('',#12169,#2793);
#1970=LINE('',#12173,#2794);
#1971=LINE('',#12175,#2795);
#1972=LINE('',#12177,#2796);
#1973=LINE('',#12178,#2797);
#1974=LINE('',#12181,#2798);
#1975=LINE('',#12183,#2799);
#1976=LINE('',#12184,#2800);
#1977=LINE('',#12187,#2801);
#1978=LINE('',#12189,#2802);
#1979=LINE('',#12190,#2803);
#1980=LINE('',#12194,#2804);
#1981=LINE('',#12196,#2805);
#1982=LINE('',#12198,#2806);
#1983=LINE('',#12199,#2807);
#1984=LINE('',#12201,#2808);
#1985=LINE('',#12202,#2809);
#1986=LINE('',#12205,#2810);
#1987=LINE('',#12207,#2811);
#1988=LINE('',#12208,#2812);
#1989=LINE('',#12211,#2813);
#1990=LINE('',#12213,#2814);
#1991=LINE('',#12214,#2815);
#1992=LINE('',#12217,#2816);
#1993=LINE('',#12219,#2817);
#1994=LINE('',#12220,#2818);
#1995=LINE('',#12223,#2819);
#1996=LINE('',#12225,#2820);
#1997=LINE('',#12226,#2821);
#1998=LINE('',#12230,#2822);
#1999=LINE('',#12232,#2823);
#2000=LINE('',#12234,#2824);
#2001=LINE('',#12235,#2825);
#2002=LINE('',#12237,#2826);
#2003=LINE('',#12238,#2827);
#2004=LINE('',#12241,#2828);
#2005=LINE('',#12243,#2829);
#2006=LINE('',#12244,#2830);
#2007=LINE('',#12245,#2831);
#2008=LINE('',#12248,#2832);
#2009=LINE('',#12250,#2833);
#2010=LINE('',#12252,#2834);
#2011=LINE('',#12253,#2835);
#2012=LINE('',#12254,#2836);
#2013=LINE('',#12256,#2837);
#2014=LINE('',#12259,#2838);
#2015=LINE('',#12260,#2839);
#2016=LINE('',#12262,#2840);
#2017=LINE('',#12263,#2841);
#2018=LINE('',#12265,#2842);
#2019=LINE('',#12268,#2843);
#2020=LINE('',#12269,#2844);
#2021=LINE('',#12272,#2845);
#2022=LINE('',#12273,#2846);
#2023=LINE('',#12276,#2847);
#2024=LINE('',#12277,#2848);
#2025=LINE('',#12279,#2849);
#2026=LINE('',#12281,#2850);
#2027=VECTOR('',#8054,10.);
#2028=VECTOR('',#8055,10.);
#2029=VECTOR('',#8056,10.);
#2030=VECTOR('',#8057,10.);
#2031=VECTOR('',#8064,10.);
#2032=VECTOR('',#8067,10.);
#2033=VECTOR('',#8068,10.);
#2034=VECTOR('',#8069,10.);
#2035=VECTOR('',#8076,10.);
#2036=VECTOR('',#8079,10.);
#2037=VECTOR('',#8080,10.);
#2038=VECTOR('',#8081,10.);
#2039=VECTOR('',#8088,10.);
#2040=VECTOR('',#8091,10.);
#2041=VECTOR('',#8092,10.);
#2042=VECTOR('',#8093,10.);
#2043=VECTOR('',#8102,10.);
#2044=VECTOR('',#8103,10.);
#2045=VECTOR('',#8104,10.);
#2046=VECTOR('',#8105,10.);
#2047=VECTOR('',#8112,10.);
#2048=VECTOR('',#8115,10.);
#2049=VECTOR('',#8116,10.);
#2050=VECTOR('',#8117,10.);
#2051=VECTOR('',#8124,10.);
#2052=VECTOR('',#8127,10.);
#2053=VECTOR('',#8128,10.);
#2054=VECTOR('',#8129,10.);
#2055=VECTOR('',#8136,10.);
#2056=VECTOR('',#8139,10.);
#2057=VECTOR('',#8140,10.);
#2058=VECTOR('',#8141,10.);
#2059=VECTOR('',#8150,10.);
#2060=VECTOR('',#8151,10.);
#2061=VECTOR('',#8152,10.);
#2062=VECTOR('',#8153,10.);
#2063=VECTOR('',#8160,10.);
#2064=VECTOR('',#8163,10.);
#2065=VECTOR('',#8164,10.);
#2066=VECTOR('',#8165,10.);
#2067=VECTOR('',#8172,10.);
#2068=VECTOR('',#8175,10.);
#2069=VECTOR('',#8176,10.);
#2070=VECTOR('',#8177,10.);
#2071=VECTOR('',#8184,10.);
#2072=VECTOR('',#8187,10.);
#2073=VECTOR('',#8188,10.);
#2074=VECTOR('',#8189,10.);
#2075=VECTOR('',#8198,10.);
#2076=VECTOR('',#8199,10.);
#2077=VECTOR('',#8200,10.);
#2078=VECTOR('',#8201,10.);
#2079=VECTOR('',#8208,10.);
#2080=VECTOR('',#8211,10.);
#2081=VECTOR('',#8212,10.);
#2082=VECTOR('',#8213,10.);
#2083=VECTOR('',#8220,10.);
#2084=VECTOR('',#8223,10.);
#2085=VECTOR('',#8224,10.);
#2086=VECTOR('',#8225,10.);
#2087=VECTOR('',#8232,10.);
#2088=VECTOR('',#8235,10.);
#2089=VECTOR('',#8236,10.);
#2090=VECTOR('',#8237,10.);
#2091=VECTOR('',#8246,10.);
#2092=VECTOR('',#8247,10.);
#2093=VECTOR('',#8248,10.);
#2094=VECTOR('',#8249,10.);
#2095=VECTOR('',#8256,10.);
#2096=VECTOR('',#8259,10.);
#2097=VECTOR('',#8260,10.);
#2098=VECTOR('',#8261,10.);
#2099=VECTOR('',#8268,10.);
#2100=VECTOR('',#8271,10.);
#2101=VECTOR('',#8272,10.);
#2102=VECTOR('',#8273,10.);
#2103=VECTOR('',#8280,10.);
#2104=VECTOR('',#8283,10.);
#2105=VECTOR('',#8284,10.);
#2106=VECTOR('',#8285,10.);
#2107=VECTOR('',#8294,10.);
#2108=VECTOR('',#8295,10.);
#2109=VECTOR('',#8296,10.);
#2110=VECTOR('',#8297,10.);
#2111=VECTOR('',#8304,10.);
#2112=VECTOR('',#8307,10.);
#2113=VECTOR('',#8308,10.);
#2114=VECTOR('',#8309,10.);
#2115=VECTOR('',#8316,10.);
#2116=VECTOR('',#8319,10.);
#2117=VECTOR('',#8320,10.);
#2118=VECTOR('',#8321,10.);
#2119=VECTOR('',#8328,10.);
#2120=VECTOR('',#8331,10.);
#2121=VECTOR('',#8332,10.);
#2122=VECTOR('',#8333,10.);
#2123=VECTOR('',#8342,10.);
#2124=VECTOR('',#8343,10.);
#2125=VECTOR('',#8344,10.);
#2126=VECTOR('',#8345,10.);
#2127=VECTOR('',#8352,10.);
#2128=VECTOR('',#8355,10.);
#2129=VECTOR('',#8356,10.);
#2130=VECTOR('',#8357,10.);
#2131=VECTOR('',#8364,10.);
#2132=VECTOR('',#8367,10.);
#2133=VECTOR('',#8368,10.);
#2134=VECTOR('',#8369,10.);
#2135=VECTOR('',#8376,10.);
#2136=VECTOR('',#8379,10.);
#2137=VECTOR('',#8380,10.);
#2138=VECTOR('',#8381,10.);
#2139=VECTOR('',#8390,10.);
#2140=VECTOR('',#8391,10.);
#2141=VECTOR('',#8392,10.);
#2142=VECTOR('',#8393,10.);
#2143=VECTOR('',#8400,10.);
#2144=VECTOR('',#8403,10.);
#2145=VECTOR('',#8404,10.);
#2146=VECTOR('',#8405,10.);
#2147=VECTOR('',#8412,10.);
#2148=VECTOR('',#8415,10.);
#2149=VECTOR('',#8416,10.);
#2150=VECTOR('',#8417,10.);
#2151=VECTOR('',#8424,10.);
#2152=VECTOR('',#8427,10.);
#2153=VECTOR('',#8428,10.);
#2154=VECTOR('',#8429,10.);
#2155=VECTOR('',#8438,10.);
#2156=VECTOR('',#8439,10.);
#2157=VECTOR('',#8440,10.);
#2158=VECTOR('',#8441,10.);
#2159=VECTOR('',#8448,10.);
#2160=VECTOR('',#8451,10.);
#2161=VECTOR('',#8452,10.);
#2162=VECTOR('',#8453,10.);
#2163=VECTOR('',#8460,10.);
#2164=VECTOR('',#8463,10.);
#2165=VECTOR('',#8464,10.);
#2166=VECTOR('',#8465,10.);
#2167=VECTOR('',#8472,10.);
#2168=VECTOR('',#8475,10.);
#2169=VECTOR('',#8476,10.);
#2170=VECTOR('',#8477,10.);
#2171=VECTOR('',#8486,10.);
#2172=VECTOR('',#8487,10.);
#2173=VECTOR('',#8488,10.);
#2174=VECTOR('',#8489,10.);
#2175=VECTOR('',#8496,10.);
#2176=VECTOR('',#8499,10.);
#2177=VECTOR('',#8500,10.);
#2178=VECTOR('',#8501,10.);
#2179=VECTOR('',#8504,10.);
#2180=VECTOR('',#8505,10.);
#2181=VECTOR('',#8506,10.);
#2182=VECTOR('',#8513,10.);
#2183=VECTOR('',#8516,10.);
#2184=VECTOR('',#8517,10.);
#2185=VECTOR('',#8518,10.);
#2186=VECTOR('',#8525,10.);
#2187=VECTOR('',#8528,10.);
#2188=VECTOR('',#8529,10.);
#2189=VECTOR('',#8530,10.);
#2190=VECTOR('',#8533,10.);
#2191=VECTOR('',#8534,10.);
#2192=VECTOR('',#8535,10.);
#2193=VECTOR('',#8538,10.);
#2194=VECTOR('',#8539,10.);
#2195=VECTOR('',#8540,10.);
#2196=VECTOR('',#8547,10.);
#2197=VECTOR('',#8550,10.);
#2198=VECTOR('',#8551,10.);
#2199=VECTOR('',#8552,10.);
#2200=VECTOR('',#8559,10.);
#2201=VECTOR('',#8562,10.);
#2202=VECTOR('',#8563,10.);
#2203=VECTOR('',#8564,10.);
#2204=VECTOR('',#8567,10.);
#2205=VECTOR('',#8568,10.);
#2206=VECTOR('',#8569,10.);
#2207=VECTOR('',#8572,10.);
#2208=VECTOR('',#8573,10.);
#2209=VECTOR('',#8574,10.);
#2210=VECTOR('',#8581,10.);
#2211=VECTOR('',#8584,10.);
#2212=VECTOR('',#8585,10.);
#2213=VECTOR('',#8586,10.);
#2214=VECTOR('',#8593,10.);
#2215=VECTOR('',#8596,10.);
#2216=VECTOR('',#8597,10.);
#2217=VECTOR('',#8598,10.);
#2218=VECTOR('',#8601,10.);
#2219=VECTOR('',#8602,10.);
#2220=VECTOR('',#8603,10.);
#2221=VECTOR('',#8610,10.);
#2222=VECTOR('',#8613,10.);
#2223=VECTOR('',#8614,10.);
#2224=VECTOR('',#8615,10.);
#2225=VECTOR('',#8618,10.);
#2226=VECTOR('',#8619,10.);
#2227=VECTOR('',#8620,10.);
#2228=VECTOR('',#8627,10.);
#2229=VECTOR('',#8630,10.);
#2230=VECTOR('',#8631,10.);
#2231=VECTOR('',#8632,10.);
#2232=VECTOR('',#8639,10.);
#2233=VECTOR('',#8642,10.);
#2234=VECTOR('',#8643,10.);
#2235=VECTOR('',#8644,10.);
#2236=VECTOR('',#8651,10.);
#2237=VECTOR('',#8654,10.);
#2238=VECTOR('',#8655,10.);
#2239=VECTOR('',#8656,10.);
#2240=VECTOR('',#8663,10.);
#2241=VECTOR('',#8666,10.);
#2242=VECTOR('',#8667,10.);
#2243=VECTOR('',#8668,10.);
#2244=VECTOR('',#8675,10.);
#2245=VECTOR('',#8678,10.);
#2246=VECTOR('',#8679,10.);
#2247=VECTOR('',#8680,10.);
#2248=VECTOR('',#8687,10.);
#2249=VECTOR('',#8690,10.);
#2250=VECTOR('',#8691,10.);
#2251=VECTOR('',#8692,10.);
#2252=VECTOR('',#8695,10.);
#2253=VECTOR('',#8696,10.);
#2254=VECTOR('',#8697,10.);
#2255=VECTOR('',#8704,10.);
#2256=VECTOR('',#8707,10.);
#2257=VECTOR('',#8708,10.);
#2258=VECTOR('',#8709,10.);
#2259=VECTOR('',#8712,10.);
#2260=VECTOR('',#8713,10.);
#2261=VECTOR('',#8714,10.);
#2262=VECTOR('',#8721,10.);
#2263=VECTOR('',#8724,10.);
#2264=VECTOR('',#8725,10.);
#2265=VECTOR('',#8726,10.);
#2266=VECTOR('',#8733,10.);
#2267=VECTOR('',#8736,10.);
#2268=VECTOR('',#8737,10.);
#2269=VECTOR('',#8738,10.);
#2270=VECTOR('',#8741,10.);
#2271=VECTOR('',#8742,10.);
#2272=VECTOR('',#8743,10.);
#2273=VECTOR('',#8750,10.);
#2274=VECTOR('',#8753,10.);
#2275=VECTOR('',#8754,10.);
#2276=VECTOR('',#8755,10.);
#2277=VECTOR('',#8758,10.);
#2278=VECTOR('',#8759,10.);
#2279=VECTOR('',#8760,10.);
#2280=VECTOR('',#8767,10.);
#2281=VECTOR('',#8770,10.);
#2282=VECTOR('',#8771,10.);
#2283=VECTOR('',#8772,10.);
#2284=VECTOR('',#8779,10.);
#2285=VECTOR('',#8782,10.);
#2286=VECTOR('',#8783,10.);
#2287=VECTOR('',#8784,10.);
#2288=VECTOR('',#8791,10.);
#2289=VECTOR('',#8794,10.);
#2290=VECTOR('',#8795,10.);
#2291=VECTOR('',#8796,10.);
#2292=VECTOR('',#8803,10.);
#2293=VECTOR('',#8806,10.);
#2294=VECTOR('',#8807,10.);
#2295=VECTOR('',#8808,10.);
#2296=VECTOR('',#8815,10.);
#2297=VECTOR('',#8818,10.);
#2298=VECTOR('',#8819,10.);
#2299=VECTOR('',#8820,10.);
#2300=VECTOR('',#8827,10.);
#2301=VECTOR('',#8830,10.);
#2302=VECTOR('',#8831,10.);
#2303=VECTOR('',#8834,10.);
#2304=VECTOR('',#8835,10.);
#2305=VECTOR('',#8836,10.);
#2306=VECTOR('',#8837,10.);
#2307=VECTOR('',#8844,10.);
#2308=VECTOR('',#8847,10.);
#2309=VECTOR('',#8848,10.);
#2310=VECTOR('',#8849,10.);
#2311=VECTOR('',#8856,10.);
#2312=VECTOR('',#8859,10.);
#2313=VECTOR('',#8860,10.);
#2314=VECTOR('',#8861,10.);
#2315=VECTOR('',#8868,10.);
#2316=VECTOR('',#8871,10.);
#2317=VECTOR('',#8872,10.);
#2318=VECTOR('',#8873,10.);
#2319=VECTOR('',#8882,10.);
#2320=VECTOR('',#8883,10.);
#2321=VECTOR('',#8884,10.);
#2322=VECTOR('',#8885,10.);
#2323=VECTOR('',#8892,10.);
#2324=VECTOR('',#8895,10.);
#2325=VECTOR('',#8896,10.);
#2326=VECTOR('',#8897,10.);
#2327=VECTOR('',#8904,10.);
#2328=VECTOR('',#8907,10.);
#2329=VECTOR('',#8908,10.);
#2330=VECTOR('',#8909,10.);
#2331=VECTOR('',#8916,10.);
#2332=VECTOR('',#8919,10.);
#2333=VECTOR('',#8920,10.);
#2334=VECTOR('',#8921,10.);
#2335=VECTOR('',#8930,10.);
#2336=VECTOR('',#8931,10.);
#2337=VECTOR('',#8932,10.);
#2338=VECTOR('',#8933,10.);
#2339=VECTOR('',#8940,10.);
#2340=VECTOR('',#8943,10.);
#2341=VECTOR('',#8944,10.);
#2342=VECTOR('',#8945,10.);
#2343=VECTOR('',#8948,10.);
#2344=VECTOR('',#8949,10.);
#2345=VECTOR('',#8950,10.);
#2346=VECTOR('',#8957,10.);
#2347=VECTOR('',#8960,10.);
#2348=VECTOR('',#8961,10.);
#2349=VECTOR('',#8962,10.);
#2350=VECTOR('',#8969,10.);
#2351=VECTOR('',#8972,10.);
#2352=VECTOR('',#8973,10.);
#2353=VECTOR('',#8974,10.);
#2354=VECTOR('',#8977,10.);
#2355=VECTOR('',#8978,10.);
#2356=VECTOR('',#8979,10.);
#2357=VECTOR('',#8982,10.);
#2358=VECTOR('',#8983,10.);
#2359=VECTOR('',#8984,10.);
#2360=VECTOR('',#8991,10.);
#2361=VECTOR('',#8994,10.);
#2362=VECTOR('',#8995,10.);
#2363=VECTOR('',#8996,10.);
#2364=VECTOR('',#9003,10.);
#2365=VECTOR('',#9006,10.);
#2366=VECTOR('',#9007,10.);
#2367=VECTOR('',#9008,10.);
#2368=VECTOR('',#9011,10.);
#2369=VECTOR('',#9012,10.);
#2370=VECTOR('',#9013,10.);
#2371=VECTOR('',#9016,10.);
#2372=VECTOR('',#9017,10.);
#2373=VECTOR('',#9018,10.);
#2374=VECTOR('',#9025,10.);
#2375=VECTOR('',#9028,10.);
#2376=VECTOR('',#9029,10.);
#2377=VECTOR('',#9030,10.);
#2378=VECTOR('',#9037,10.);
#2379=VECTOR('',#9040,10.);
#2380=VECTOR('',#9041,10.);
#2381=VECTOR('',#9042,10.);
#2382=VECTOR('',#9045,10.);
#2383=VECTOR('',#9046,10.);
#2384=VECTOR('',#9047,10.);
#2385=VECTOR('',#9054,10.);
#2386=VECTOR('',#9057,10.);
#2387=VECTOR('',#9058,10.);
#2388=VECTOR('',#9059,10.);
#2389=VECTOR('',#9062,10.);
#2390=VECTOR('',#9063,10.);
#2391=VECTOR('',#9064,10.);
#2392=VECTOR('',#9071,10.);
#2393=VECTOR('',#9074,10.);
#2394=VECTOR('',#9075,10.);
#2395=VECTOR('',#9076,10.);
#2396=VECTOR('',#9083,10.);
#2397=VECTOR('',#9086,10.);
#2398=VECTOR('',#9087,10.);
#2399=VECTOR('',#9088,10.);
#2400=VECTOR('',#9095,10.);
#2401=VECTOR('',#9098,10.);
#2402=VECTOR('',#9099,10.);
#2403=VECTOR('',#9100,10.);
#2404=VECTOR('',#9107,10.);
#2405=VECTOR('',#9110,10.);
#2406=VECTOR('',#9111,10.);
#2407=VECTOR('',#9112,10.);
#2408=VECTOR('',#9119,10.);
#2409=VECTOR('',#9122,10.);
#2410=VECTOR('',#9123,10.);
#2411=VECTOR('',#9124,10.);
#2412=VECTOR('',#9131,10.);
#2413=VECTOR('',#9134,10.);
#2414=VECTOR('',#9135,10.);
#2415=VECTOR('',#9136,10.);
#2416=VECTOR('',#9139,10.);
#2417=VECTOR('',#9140,10.);
#2418=VECTOR('',#9141,10.);
#2419=VECTOR('',#9148,10.);
#2420=VECTOR('',#9151,10.);
#2421=VECTOR('',#9152,10.);
#2422=VECTOR('',#9153,10.);
#2423=VECTOR('',#9156,10.);
#2424=VECTOR('',#9157,10.);
#2425=VECTOR('',#9158,10.);
#2426=VECTOR('',#9165,10.);
#2427=VECTOR('',#9168,10.);
#2428=VECTOR('',#9169,10.);
#2429=VECTOR('',#9170,10.);
#2430=VECTOR('',#9177,10.);
#2431=VECTOR('',#9180,10.);
#2432=VECTOR('',#9181,10.);
#2433=VECTOR('',#9182,10.);
#2434=VECTOR('',#9185,10.);
#2435=VECTOR('',#9186,10.);
#2436=VECTOR('',#9187,10.);
#2437=VECTOR('',#9194,10.);
#2438=VECTOR('',#9197,10.);
#2439=VECTOR('',#9198,10.);
#2440=VECTOR('',#9199,10.);
#2441=VECTOR('',#9202,10.);
#2442=VECTOR('',#9203,10.);
#2443=VECTOR('',#9204,10.);
#2444=VECTOR('',#9211,10.);
#2445=VECTOR('',#9214,10.);
#2446=VECTOR('',#9215,10.);
#2447=VECTOR('',#9216,10.);
#2448=VECTOR('',#9223,10.);
#2449=VECTOR('',#9226,10.);
#2450=VECTOR('',#9227,10.);
#2451=VECTOR('',#9228,10.);
#2452=VECTOR('',#9235,10.);
#2453=VECTOR('',#9238,10.);
#2454=VECTOR('',#9239,10.);
#2455=VECTOR('',#9240,10.);
#2456=VECTOR('',#9247,10.);
#2457=VECTOR('',#9250,10.);
#2458=VECTOR('',#9251,10.);
#2459=VECTOR('',#9252,10.);
#2460=VECTOR('',#9259,10.);
#2461=VECTOR('',#9262,10.);
#2462=VECTOR('',#9263,10.);
#2463=VECTOR('',#9264,10.);
#2464=VECTOR('',#9271,10.);
#2465=VECTOR('',#9274,10.);
#2466=VECTOR('',#9275,10.);
#2467=VECTOR('',#9278,10.);
#2468=VECTOR('',#9279,10.);
#2469=VECTOR('',#9280,10.);
#2470=VECTOR('',#9281,10.);
#2471=VECTOR('',#9288,10.);
#2472=VECTOR('',#9291,10.);
#2473=VECTOR('',#9292,10.);
#2474=VECTOR('',#9293,10.);
#2475=VECTOR('',#9300,10.);
#2476=VECTOR('',#9303,10.);
#2477=VECTOR('',#9304,10.);
#2478=VECTOR('',#9305,10.);
#2479=VECTOR('',#9312,10.);
#2480=VECTOR('',#9315,10.);
#2481=VECTOR('',#9316,10.);
#2482=VECTOR('',#9317,10.);
#2483=VECTOR('',#9326,10.);
#2484=VECTOR('',#9327,10.);
#2485=VECTOR('',#9328,10.);
#2486=VECTOR('',#9329,10.);
#2487=VECTOR('',#9336,10.);
#2488=VECTOR('',#9339,10.);
#2489=VECTOR('',#9340,10.);
#2490=VECTOR('',#9341,10.);
#2491=VECTOR('',#9348,10.);
#2492=VECTOR('',#9351,10.);
#2493=VECTOR('',#9352,10.);
#2494=VECTOR('',#9353,10.);
#2495=VECTOR('',#9360,10.);
#2496=VECTOR('',#9363,10.);
#2497=VECTOR('',#9364,10.);
#2498=VECTOR('',#9365,10.);
#2499=VECTOR('',#9374,10.);
#2500=VECTOR('',#9375,10.);
#2501=VECTOR('',#9376,10.);
#2502=VECTOR('',#9377,10.);
#2503=VECTOR('',#9384,10.);
#2504=VECTOR('',#9387,10.);
#2505=VECTOR('',#9388,10.);
#2506=VECTOR('',#9389,10.);
#2507=VECTOR('',#9396,10.);
#2508=VECTOR('',#9399,10.);
#2509=VECTOR('',#9400,10.);
#2510=VECTOR('',#9401,10.);
#2511=VECTOR('',#9408,10.);
#2512=VECTOR('',#9411,10.);
#2513=VECTOR('',#9412,10.);
#2514=VECTOR('',#9413,10.);
#2515=VECTOR('',#9422,10.);
#2516=VECTOR('',#9423,10.);
#2517=VECTOR('',#9424,10.);
#2518=VECTOR('',#9425,10.);
#2519=VECTOR('',#9432,10.);
#2520=VECTOR('',#9435,10.);
#2521=VECTOR('',#9436,10.);
#2522=VECTOR('',#9437,10.);
#2523=VECTOR('',#9440,10.);
#2524=VECTOR('',#9441,10.);
#2525=VECTOR('',#9442,10.);
#2526=VECTOR('',#9449,10.);
#2527=VECTOR('',#9452,10.);
#2528=VECTOR('',#9453,10.);
#2529=VECTOR('',#9454,10.);
#2530=VECTOR('',#9461,10.);
#2531=VECTOR('',#9464,10.);
#2532=VECTOR('',#9465,10.);
#2533=VECTOR('',#9466,10.);
#2534=VECTOR('',#9469,10.);
#2535=VECTOR('',#9470,10.);
#2536=VECTOR('',#9471,10.);
#2537=VECTOR('',#9474,10.);
#2538=VECTOR('',#9475,10.);
#2539=VECTOR('',#9476,10.);
#2540=VECTOR('',#9483,10.);
#2541=VECTOR('',#9486,10.);
#2542=VECTOR('',#9487,10.);
#2543=VECTOR('',#9488,10.);
#2544=VECTOR('',#9495,10.);
#2545=VECTOR('',#9498,10.);
#2546=VECTOR('',#9499,10.);
#2547=VECTOR('',#9500,10.);
#2548=VECTOR('',#9503,10.);
#2549=VECTOR('',#9504,10.);
#2550=VECTOR('',#9505,10.);
#2551=VECTOR('',#9508,10.);
#2552=VECTOR('',#9509,10.);
#2553=VECTOR('',#9510,10.);
#2554=VECTOR('',#9517,10.);
#2555=VECTOR('',#9520,10.);
#2556=VECTOR('',#9521,10.);
#2557=VECTOR('',#9522,10.);
#2558=VECTOR('',#9529,10.);
#2559=VECTOR('',#9532,10.);
#2560=VECTOR('',#9533,10.);
#2561=VECTOR('',#9534,10.);
#2562=VECTOR('',#9537,10.);
#2563=VECTOR('',#9538,10.);
#2564=VECTOR('',#9539,10.);
#2565=VECTOR('',#9546,10.);
#2566=VECTOR('',#9549,10.);
#2567=VECTOR('',#9550,10.);
#2568=VECTOR('',#9551,10.);
#2569=VECTOR('',#9554,10.);
#2570=VECTOR('',#9555,10.);
#2571=VECTOR('',#9556,10.);
#2572=VECTOR('',#9563,10.);
#2573=VECTOR('',#9566,10.);
#2574=VECTOR('',#9567,10.);
#2575=VECTOR('',#9568,10.);
#2576=VECTOR('',#9575,10.);
#2577=VECTOR('',#9578,10.);
#2578=VECTOR('',#9579,10.);
#2579=VECTOR('',#9580,10.);
#2580=VECTOR('',#9587,10.);
#2581=VECTOR('',#9590,10.);
#2582=VECTOR('',#9591,10.);
#2583=VECTOR('',#9592,10.);
#2584=VECTOR('',#9599,10.);
#2585=VECTOR('',#9602,10.);
#2586=VECTOR('',#9603,10.);
#2587=VECTOR('',#9604,10.);
#2588=VECTOR('',#9611,10.);
#2589=VECTOR('',#9614,10.);
#2590=VECTOR('',#9615,10.);
#2591=VECTOR('',#9616,10.);
#2592=VECTOR('',#9623,10.);
#2593=VECTOR('',#9626,10.);
#2594=VECTOR('',#9627,10.);
#2595=VECTOR('',#9628,10.);
#2596=VECTOR('',#9631,10.);
#2597=VECTOR('',#9632,10.);
#2598=VECTOR('',#9633,10.);
#2599=VECTOR('',#9640,10.);
#2600=VECTOR('',#9643,10.);
#2601=VECTOR('',#9644,10.);
#2602=VECTOR('',#9645,10.);
#2603=VECTOR('',#9648,10.);
#2604=VECTOR('',#9649,10.);
#2605=VECTOR('',#9650,10.);
#2606=VECTOR('',#9657,10.);
#2607=VECTOR('',#9660,10.);
#2608=VECTOR('',#9661,10.);
#2609=VECTOR('',#9662,10.);
#2610=VECTOR('',#9669,10.);
#2611=VECTOR('',#9672,10.);
#2612=VECTOR('',#9673,10.);
#2613=VECTOR('',#9674,10.);
#2614=VECTOR('',#9677,10.);
#2615=VECTOR('',#9678,10.);
#2616=VECTOR('',#9679,10.);
#2617=VECTOR('',#9686,10.);
#2618=VECTOR('',#9689,10.);
#2619=VECTOR('',#9690,10.);
#2620=VECTOR('',#9691,10.);
#2621=VECTOR('',#9694,10.);
#2622=VECTOR('',#9695,10.);
#2623=VECTOR('',#9696,10.);
#2624=VECTOR('',#9703,10.);
#2625=VECTOR('',#9706,10.);
#2626=VECTOR('',#9707,10.);
#2627=VECTOR('',#9708,10.);
#2628=VECTOR('',#9715,10.);
#2629=VECTOR('',#9718,10.);
#2630=VECTOR('',#9719,10.);
#2631=VECTOR('',#9720,10.);
#2632=VECTOR('',#9727,10.);
#2633=VECTOR('',#9730,10.);
#2634=VECTOR('',#9731,10.);
#2635=VECTOR('',#9732,10.);
#2636=VECTOR('',#9739,10.);
#2637=VECTOR('',#9742,10.);
#2638=VECTOR('',#9743,10.);
#2639=VECTOR('',#9744,10.);
#2640=VECTOR('',#9751,10.);
#2641=VECTOR('',#9754,10.);
#2642=VECTOR('',#9755,10.);
#2643=VECTOR('',#9756,10.);
#2644=VECTOR('',#9763,10.);
#2645=VECTOR('',#9766,10.);
#2646=VECTOR('',#9767,10.);
#2647=VECTOR('',#9770,10.);
#2648=VECTOR('',#9771,10.);
#2649=VECTOR('',#9772,10.);
#2650=VECTOR('',#9773,10.);
#2651=VECTOR('',#9776,10.);
#2652=VECTOR('',#9777,10.);
#2653=VECTOR('',#9778,10.);
#2654=VECTOR('',#9781,10.);
#2655=VECTOR('',#9782,10.);
#2656=VECTOR('',#9783,10.);
#2657=VECTOR('',#9786,10.);
#2658=VECTOR('',#9787,10.);
#2659=VECTOR('',#9794,10.);
#2660=VECTOR('',#9795,10.);
#2661=VECTOR('',#9796,10.);
#2662=VECTOR('',#9797,10.);
#2663=VECTOR('',#9800,10.);
#2664=VECTOR('',#9801,10.);
#2665=VECTOR('',#9802,10.);
#2666=VECTOR('',#9805,10.);
#2667=VECTOR('',#9806,10.);
#2668=VECTOR('',#9807,10.);
#2669=VECTOR('',#9810,10.);
#2670=VECTOR('',#9811,10.);
#2671=VECTOR('',#9812,10.);
#2672=VECTOR('',#9813,10.);
#2673=VECTOR('',#9814,10.);
#2674=VECTOR('',#9815,10.);
#2675=VECTOR('',#9816,10.);
#2676=VECTOR('',#9817,10.);
#2677=VECTOR('',#9818,10.);
#2678=VECTOR('',#9821,10.);
#2679=VECTOR('',#9822,10.);
#2680=VECTOR('',#9823,10.);
#2681=VECTOR('',#9824,10.);
#2682=VECTOR('',#9827,10.);
#2683=VECTOR('',#9828,10.);
#2684=VECTOR('',#9829,10.);
#2685=VECTOR('',#9830,10.);
#2686=VECTOR('',#9833,10.);
#2687=VECTOR('',#9834,10.);
#2688=VECTOR('',#9835,10.);
#2689=VECTOR('',#9836,10.);
#2690=VECTOR('',#9839,10.);
#2691=VECTOR('',#9840,10.);
#2692=VECTOR('',#9841,10.);
#2693=VECTOR('',#9844,10.);
#2694=VECTOR('',#9845,10.);
#2695=VECTOR('',#9846,10.);
#2696=VECTOR('',#9849,10.);
#2697=VECTOR('',#9850,10.);
#2698=VECTOR('',#9851,10.);
#2699=VECTOR('',#9852,10.);
#2700=VECTOR('',#9855,10.);
#2701=VECTOR('',#9856,10.);
#2702=VECTOR('',#9859,10.);
#2703=VECTOR('',#9860,10.);
#2704=VECTOR('',#9861,10.);
#2705=VECTOR('',#9862,10.);
#2706=VECTOR('',#9865,10.);
#2707=VECTOR('',#9866,10.);
#2708=VECTOR('',#9867,10.);
#2709=VECTOR('',#9868,10.);
#2710=VECTOR('',#9871,10.);
#2711=VECTOR('',#9872,10.);
#2712=VECTOR('',#9873,10.);
#2713=VECTOR('',#9876,10.);
#2714=VECTOR('',#9877,10.);
#2715=VECTOR('',#9878,10.);
#2716=VECTOR('',#9881,10.);
#2717=VECTOR('',#9882,10.);
#2718=VECTOR('',#9883,10.);
#2719=VECTOR('',#9886,10.);
#2720=VECTOR('',#9887,10.);
#2721=VECTOR('',#9890,10.);
#2722=VECTOR('',#9891,10.);
#2723=VECTOR('',#9892,10.);
#2724=VECTOR('',#9893,10.);
#2725=VECTOR('',#9894,10.);
#2726=VECTOR('',#9897,10.);
#2727=VECTOR('',#9898,10.);
#2728=VECTOR('',#9899,10.);
#2729=VECTOR('',#9900,10.);
#2730=VECTOR('',#9901,10.);
#2731=VECTOR('',#9904,10.);
#2732=VECTOR('',#9905,10.);
#2733=VECTOR('',#9908,10.);
#2734=VECTOR('',#9911,10.);
#2735=VECTOR('',#9914,10.);
#2736=VECTOR('',#9915,10.);
#2737=VECTOR('',#9916,10.);
#2738=VECTOR('',#9917,10.);
#2739=VECTOR('',#9920,10.);
#2740=VECTOR('',#9921,10.);
#2741=VECTOR('',#9922,10.);
#2742=VECTOR('',#9925,10.);
#2743=VECTOR('',#9926,10.);
#2744=VECTOR('',#9927,10.);
#2745=VECTOR('',#9930,10.);
#2746=VECTOR('',#9931,10.);
#2747=VECTOR('',#9932,10.);
#2748=VECTOR('',#9933,10.);
#2749=VECTOR('',#9934,10.);
#2750=VECTOR('',#9935,10.);
#2751=VECTOR('',#9936,10.);
#2752=VECTOR('',#9937,10.);
#2753=VECTOR('',#9940,10.);
#2754=VECTOR('',#9941,10.);
#2755=VECTOR('',#9944,10.);
#2756=VECTOR('',#9945,10.);
#2757=VECTOR('',#9948,10.);
#2758=VECTOR('',#9951,10.);
#2759=VECTOR('',#9954,10.);
#2760=VECTOR('',#9959,10.);
#2761=VECTOR('',#9960,10.);
#2762=VECTOR('',#9961,10.);
#2763=VECTOR('',#9962,10.);
#2764=VECTOR('',#9965,10.);
#2765=VECTOR('',#9966,10.);
#2766=VECTOR('',#9969,10.);
#2767=VECTOR('',#9976,10.);
#2768=VECTOR('',#9977,10.);
#2769=VECTOR('',#9978,10.);
#2770=VECTOR('',#9979,10.);
#2771=VECTOR('',#9982,10.);
#2772=VECTOR('',#9983,10.);
#2773=VECTOR('',#9984,10.);
#2774=VECTOR('',#9985,10.);
#2775=VECTOR('',#9988,10.);
#2776=VECTOR('',#9989,10.);
#2777=VECTOR('',#9992,10.);
#2778=VECTOR('',#9993,10.);
#2779=VECTOR('',#9994,10.);
#2780=VECTOR('',#9995,10.);
#2781=VECTOR('',#9996,10.);
#2782=VECTOR('',#9999,10.);
#2783=VECTOR('',#10000,10.);
#2784=VECTOR('',#10001,10.);
#2785=VECTOR('',#10002,10.);
#2786=VECTOR('',#10005,10.);
#2787=VECTOR('',#10006,10.);
#2788=VECTOR('',#10007,10.);
#2789=VECTOR('',#10008,10.);
#2790=VECTOR('',#10011,10.);
#2791=VECTOR('',#10012,10.);
#2792=VECTOR('',#10013,10.);
#2793=VECTOR('',#10014,10.);
#2794=VECTOR('',#10017,10.);
#2795=VECTOR('',#10018,10.);
#2796=VECTOR('',#10019,10.);
#2797=VECTOR('',#10020,10.);
#2798=VECTOR('',#10023,10.);
#2799=VECTOR('',#10024,10.);
#2800=VECTOR('',#10025,10.);
#2801=VECTOR('',#10028,10.);
#2802=VECTOR('',#10029,10.);
#2803=VECTOR('',#10030,10.);
#2804=VECTOR('',#10033,10.);
#2805=VECTOR('',#10034,10.);
#2806=VECTOR('',#10035,10.);
#2807=VECTOR('',#10036,10.);
#2808=VECTOR('',#10039,10.);
#2809=VECTOR('',#10040,10.);
#2810=VECTOR('',#10043,10.);
#2811=VECTOR('',#10044,10.);
#2812=VECTOR('',#10045,10.);
#2813=VECTOR('',#10048,10.);
#2814=VECTOR('',#10049,10.);
#2815=VECTOR('',#10050,10.);
#2816=VECTOR('',#10053,10.);
#2817=VECTOR('',#10054,10.);
#2818=VECTOR('',#10055,10.);
#2819=VECTOR('',#10058,10.);
#2820=VECTOR('',#10059,10.);
#2821=VECTOR('',#10060,10.);
#2822=VECTOR('',#10063,10.);
#2823=VECTOR('',#10064,10.);
#2824=VECTOR('',#10065,10.);
#2825=VECTOR('',#10066,10.);
#2826=VECTOR('',#10069,10.);
#2827=VECTOR('',#10070,10.);
#2828=VECTOR('',#10073,10.);
#2829=VECTOR('',#10074,10.);
#2830=VECTOR('',#10075,10.);
#2831=VECTOR('',#10076,10.);
#2832=VECTOR('',#10079,10.);
#2833=VECTOR('',#10080,10.);
#2834=VECTOR('',#10081,10.);
#2835=VECTOR('',#10082,10.);
#2836=VECTOR('',#10083,10.);
#2837=VECTOR('',#10086,10.);
#2838=VECTOR('',#10089,10.);
#2839=VECTOR('',#10090,10.);
#2840=VECTOR('',#10091,10.);
#2841=VECTOR('',#10092,10.);
#2842=VECTOR('',#10095,10.);
#2843=VECTOR('',#10098,10.);
#2844=VECTOR('',#10099,10.);
#2845=VECTOR('',#10102,10.);
#2846=VECTOR('',#10103,10.);
#2847=VECTOR('',#10106,10.);
#2848=VECTOR('',#10107,10.);
#2849=VECTOR('',#10110,10.);
#2850=VECTOR('',#10113,10.);
#2851=VERTEX_POINT('',#10120);
#2852=VERTEX_POINT('',#10121);
#2853=VERTEX_POINT('',#10123);
#2854=VERTEX_POINT('',#10125);
#2855=VERTEX_POINT('',#10129);
#2856=VERTEX_POINT('',#10131);
#2857=VERTEX_POINT('',#10135);
#2858=VERTEX_POINT('',#10137);
#2859=VERTEX_POINT('',#10141);
#2860=VERTEX_POINT('',#10143);
#2861=VERTEX_POINT('',#10147);
#2862=VERTEX_POINT('',#10149);
#2863=VERTEX_POINT('',#10153);
#2864=VERTEX_POINT('',#10155);
#2865=VERTEX_POINT('',#10159);
#2866=VERTEX_POINT('',#10161);
#2867=VERTEX_POINT('',#10168);
#2868=VERTEX_POINT('',#10169);
#2869=VERTEX_POINT('',#10171);
#2870=VERTEX_POINT('',#10173);
#2871=VERTEX_POINT('',#10177);
#2872=VERTEX_POINT('',#10179);
#2873=VERTEX_POINT('',#10183);
#2874=VERTEX_POINT('',#10185);
#2875=VERTEX_POINT('',#10189);
#2876=VERTEX_POINT('',#10191);
#2877=VERTEX_POINT('',#10195);
#2878=VERTEX_POINT('',#10197);
#2879=VERTEX_POINT('',#10201);
#2880=VERTEX_POINT('',#10203);
#2881=VERTEX_POINT('',#10207);
#2882=VERTEX_POINT('',#10209);
#2883=VERTEX_POINT('',#10216);
#2884=VERTEX_POINT('',#10217);
#2885=VERTEX_POINT('',#10219);
#2886=VERTEX_POINT('',#10221);
#2887=VERTEX_POINT('',#10225);
#2888=VERTEX_POINT('',#10227);
#2889=VERTEX_POINT('',#10231);
#2890=VERTEX_POINT('',#10233);
#2891=VERTEX_POINT('',#10237);
#2892=VERTEX_POINT('',#10239);
#2893=VERTEX_POINT('',#10243);
#2894=VERTEX_POINT('',#10245);
#2895=VERTEX_POINT('',#10249);
#2896=VERTEX_POINT('',#10251);
#2897=VERTEX_POINT('',#10255);
#2898=VERTEX_POINT('',#10257);
#2899=VERTEX_POINT('',#10264);
#2900=VERTEX_POINT('',#10265);
#2901=VERTEX_POINT('',#10267);
#2902=VERTEX_POINT('',#10269);
#2903=VERTEX_POINT('',#10273);
#2904=VERTEX_POINT('',#10275);
#2905=VERTEX_POINT('',#10279);
#2906=VERTEX_POINT('',#10281);
#2907=VERTEX_POINT('',#10285);
#2908=VERTEX_POINT('',#10287);
#2909=VERTEX_POINT('',#10291);
#2910=VERTEX_POINT('',#10293);
#2911=VERTEX_POINT('',#10297);
#2912=VERTEX_POINT('',#10299);
#2913=VERTEX_POINT('',#10303);
#2914=VERTEX_POINT('',#10305);
#2915=VERTEX_POINT('',#10312);
#2916=VERTEX_POINT('',#10313);
#2917=VERTEX_POINT('',#10315);
#2918=VERTEX_POINT('',#10317);
#2919=VERTEX_POINT('',#10321);
#2920=VERTEX_POINT('',#10323);
#2921=VERTEX_POINT('',#10327);
#2922=VERTEX_POINT('',#10329);
#2923=VERTEX_POINT('',#10333);
#2924=VERTEX_POINT('',#10335);
#2925=VERTEX_POINT('',#10339);
#2926=VERTEX_POINT('',#10341);
#2927=VERTEX_POINT('',#10345);
#2928=VERTEX_POINT('',#10347);
#2929=VERTEX_POINT('',#10351);
#2930=VERTEX_POINT('',#10353);
#2931=VERTEX_POINT('',#10360);
#2932=VERTEX_POINT('',#10361);
#2933=VERTEX_POINT('',#10363);
#2934=VERTEX_POINT('',#10365);
#2935=VERTEX_POINT('',#10369);
#2936=VERTEX_POINT('',#10371);
#2937=VERTEX_POINT('',#10375);
#2938=VERTEX_POINT('',#10377);
#2939=VERTEX_POINT('',#10381);
#2940=VERTEX_POINT('',#10383);
#2941=VERTEX_POINT('',#10387);
#2942=VERTEX_POINT('',#10389);
#2943=VERTEX_POINT('',#10393);
#2944=VERTEX_POINT('',#10395);
#2945=VERTEX_POINT('',#10399);
#2946=VERTEX_POINT('',#10401);
#2947=VERTEX_POINT('',#10408);
#2948=VERTEX_POINT('',#10409);
#2949=VERTEX_POINT('',#10411);
#2950=VERTEX_POINT('',#10413);
#2951=VERTEX_POINT('',#10417);
#2952=VERTEX_POINT('',#10419);
#2953=VERTEX_POINT('',#10423);
#2954=VERTEX_POINT('',#10425);
#2955=VERTEX_POINT('',#10429);
#2956=VERTEX_POINT('',#10431);
#2957=VERTEX_POINT('',#10435);
#2958=VERTEX_POINT('',#10437);
#2959=VERTEX_POINT('',#10441);
#2960=VERTEX_POINT('',#10443);
#2961=VERTEX_POINT('',#10447);
#2962=VERTEX_POINT('',#10449);
#2963=VERTEX_POINT('',#10456);
#2964=VERTEX_POINT('',#10457);
#2965=VERTEX_POINT('',#10459);
#2966=VERTEX_POINT('',#10461);
#2967=VERTEX_POINT('',#10465);
#2968=VERTEX_POINT('',#10467);
#2969=VERTEX_POINT('',#10471);
#2970=VERTEX_POINT('',#10473);
#2971=VERTEX_POINT('',#10477);
#2972=VERTEX_POINT('',#10479);
#2973=VERTEX_POINT('',#10483);
#2974=VERTEX_POINT('',#10485);
#2975=VERTEX_POINT('',#10489);
#2976=VERTEX_POINT('',#10491);
#2977=VERTEX_POINT('',#10495);
#2978=VERTEX_POINT('',#10497);
#2979=VERTEX_POINT('',#10504);
#2980=VERTEX_POINT('',#10505);
#2981=VERTEX_POINT('',#10507);
#2982=VERTEX_POINT('',#10509);
#2983=VERTEX_POINT('',#10513);
#2984=VERTEX_POINT('',#10515);
#2985=VERTEX_POINT('',#10519);
#2986=VERTEX_POINT('',#10521);
#2987=VERTEX_POINT('',#10525);
#2988=VERTEX_POINT('',#10527);
#2989=VERTEX_POINT('',#10531);
#2990=VERTEX_POINT('',#10533);
#2991=VERTEX_POINT('',#10537);
#2992=VERTEX_POINT('',#10539);
#2993=VERTEX_POINT('',#10543);
#2994=VERTEX_POINT('',#10545);
#2995=VERTEX_POINT('',#10552);
#2996=VERTEX_POINT('',#10553);
#2997=VERTEX_POINT('',#10555);
#2998=VERTEX_POINT('',#10557);
#2999=VERTEX_POINT('',#10561);
#3000=VERTEX_POINT('',#10563);
#3001=VERTEX_POINT('',#10567);
#3002=VERTEX_POINT('',#10569);
#3003=VERTEX_POINT('',#10573);
#3004=VERTEX_POINT('',#10575);
#3005=VERTEX_POINT('',#10579);
#3006=VERTEX_POINT('',#10581);
#3007=VERTEX_POINT('',#10585);
#3008=VERTEX_POINT('',#10587);
#3009=VERTEX_POINT('',#10591);
#3010=VERTEX_POINT('',#10593);
#3011=VERTEX_POINT('',#10597);
#3012=VERTEX_POINT('',#10599);
#3013=VERTEX_POINT('',#10603);
#3014=VERTEX_POINT('',#10605);
#3015=VERTEX_POINT('',#10609);
#3016=VERTEX_POINT('',#10611);
#3017=VERTEX_POINT('',#10615);
#3018=VERTEX_POINT('',#10617);
#3019=VERTEX_POINT('',#10621);
#3020=VERTEX_POINT('',#10623);
#3021=VERTEX_POINT('',#10627);
#3022=VERTEX_POINT('',#10629);
#3023=VERTEX_POINT('',#10633);
#3024=VERTEX_POINT('',#10635);
#3025=VERTEX_POINT('',#10639);
#3026=VERTEX_POINT('',#10641);
#3027=VERTEX_POINT('',#10645);
#3028=VERTEX_POINT('',#10647);
#3029=VERTEX_POINT('',#10651);
#3030=VERTEX_POINT('',#10653);
#3031=VERTEX_POINT('',#10657);
#3032=VERTEX_POINT('',#10659);
#3033=VERTEX_POINT('',#10663);
#3034=VERTEX_POINT('',#10665);
#3035=VERTEX_POINT('',#10669);
#3036=VERTEX_POINT('',#10671);
#3037=VERTEX_POINT('',#10675);
#3038=VERTEX_POINT('',#10677);
#3039=VERTEX_POINT('',#10681);
#3040=VERTEX_POINT('',#10683);
#3041=VERTEX_POINT('',#10687);
#3042=VERTEX_POINT('',#10689);
#3043=VERTEX_POINT('',#10693);
#3044=VERTEX_POINT('',#10695);
#3045=VERTEX_POINT('',#10699);
#3046=VERTEX_POINT('',#10701);
#3047=VERTEX_POINT('',#10705);
#3048=VERTEX_POINT('',#10707);
#3049=VERTEX_POINT('',#10711);
#3050=VERTEX_POINT('',#10713);
#3051=VERTEX_POINT('',#10717);
#3052=VERTEX_POINT('',#10719);
#3053=VERTEX_POINT('',#10723);
#3054=VERTEX_POINT('',#10725);
#3055=VERTEX_POINT('',#10729);
#3056=VERTEX_POINT('',#10731);
#3057=VERTEX_POINT('',#10735);
#3058=VERTEX_POINT('',#10737);
#3059=VERTEX_POINT('',#10741);
#3060=VERTEX_POINT('',#10743);
#3061=VERTEX_POINT('',#10747);
#3062=VERTEX_POINT('',#10749);
#3063=VERTEX_POINT('',#10753);
#3064=VERTEX_POINT('',#10755);
#3065=VERTEX_POINT('',#10759);
#3066=VERTEX_POINT('',#10761);
#3067=VERTEX_POINT('',#10765);
#3068=VERTEX_POINT('',#10767);
#3069=VERTEX_POINT('',#10771);
#3070=VERTEX_POINT('',#10773);
#3071=VERTEX_POINT('',#10777);
#3072=VERTEX_POINT('',#10779);
#3073=VERTEX_POINT('',#10783);
#3074=VERTEX_POINT('',#10785);
#3075=VERTEX_POINT('',#10789);
#3076=VERTEX_POINT('',#10791);
#3077=VERTEX_POINT('',#10795);
#3078=VERTEX_POINT('',#10797);
#3079=VERTEX_POINT('',#10801);
#3080=VERTEX_POINT('',#10803);
#3081=VERTEX_POINT('',#10807);
#3082=VERTEX_POINT('',#10809);
#3083=VERTEX_POINT('',#10813);
#3084=VERTEX_POINT('',#10815);
#3085=VERTEX_POINT('',#10819);
#3086=VERTEX_POINT('',#10821);
#3087=VERTEX_POINT('',#10825);
#3088=VERTEX_POINT('',#10827);
#3089=VERTEX_POINT('',#10831);
#3090=VERTEX_POINT('',#10833);
#3091=VERTEX_POINT('',#10837);
#3092=VERTEX_POINT('',#10839);
#3093=VERTEX_POINT('',#10843);
#3094=VERTEX_POINT('',#10845);
#3095=VERTEX_POINT('',#10849);
#3096=VERTEX_POINT('',#10851);
#3097=VERTEX_POINT('',#10855);
#3098=VERTEX_POINT('',#10857);
#3099=VERTEX_POINT('',#10861);
#3100=VERTEX_POINT('',#10863);
#3101=VERTEX_POINT('',#10867);
#3102=VERTEX_POINT('',#10869);
#3103=VERTEX_POINT('',#10873);
#3104=VERTEX_POINT('',#10875);
#3105=VERTEX_POINT('',#10879);
#3106=VERTEX_POINT('',#10881);
#3107=VERTEX_POINT('',#10885);
#3108=VERTEX_POINT('',#10887);
#3109=VERTEX_POINT('',#10891);
#3110=VERTEX_POINT('',#10893);
#3111=VERTEX_POINT('',#10897);
#3112=VERTEX_POINT('',#10899);
#3113=VERTEX_POINT('',#10903);
#3114=VERTEX_POINT('',#10905);
#3115=VERTEX_POINT('',#10912);
#3116=VERTEX_POINT('',#10913);
#3117=VERTEX_POINT('',#10915);
#3118=VERTEX_POINT('',#10917);
#3119=VERTEX_POINT('',#10921);
#3120=VERTEX_POINT('',#10923);
#3121=VERTEX_POINT('',#10927);
#3122=VERTEX_POINT('',#10929);
#3123=VERTEX_POINT('',#10933);
#3124=VERTEX_POINT('',#10935);
#3125=VERTEX_POINT('',#10939);
#3126=VERTEX_POINT('',#10941);
#3127=VERTEX_POINT('',#10945);
#3128=VERTEX_POINT('',#10947);
#3129=VERTEX_POINT('',#10951);
#3130=VERTEX_POINT('',#10953);
#3131=VERTEX_POINT('',#10960);
#3132=VERTEX_POINT('',#10961);
#3133=VERTEX_POINT('',#10963);
#3134=VERTEX_POINT('',#10965);
#3135=VERTEX_POINT('',#10969);
#3136=VERTEX_POINT('',#10971);
#3137=VERTEX_POINT('',#10975);
#3138=VERTEX_POINT('',#10977);
#3139=VERTEX_POINT('',#10981);
#3140=VERTEX_POINT('',#10983);
#3141=VERTEX_POINT('',#10987);
#3142=VERTEX_POINT('',#10989);
#3143=VERTEX_POINT('',#10993);
#3144=VERTEX_POINT('',#10995);
#3145=VERTEX_POINT('',#10999);
#3146=VERTEX_POINT('',#11001);
#3147=VERTEX_POINT('',#11008);
#3148=VERTEX_POINT('',#11009);
#3149=VERTEX_POINT('',#11011);
#3150=VERTEX_POINT('',#11013);
#3151=VERTEX_POINT('',#11017);
#3152=VERTEX_POINT('',#11019);
#3153=VERTEX_POINT('',#11023);
#3154=VERTEX_POINT('',#11025);
#3155=VERTEX_POINT('',#11029);
#3156=VERTEX_POINT('',#11031);
#3157=VERTEX_POINT('',#11035);
#3158=VERTEX_POINT('',#11037);
#3159=VERTEX_POINT('',#11041);
#3160=VERTEX_POINT('',#11043);
#3161=VERTEX_POINT('',#11047);
#3162=VERTEX_POINT('',#11049);
#3163=VERTEX_POINT('',#11053);
#3164=VERTEX_POINT('',#11055);
#3165=VERTEX_POINT('',#11059);
#3166=VERTEX_POINT('',#11061);
#3167=VERTEX_POINT('',#11065);
#3168=VERTEX_POINT('',#11067);
#3169=VERTEX_POINT('',#11071);
#3170=VERTEX_POINT('',#11073);
#3171=VERTEX_POINT('',#11077);
#3172=VERTEX_POINT('',#11079);
#3173=VERTEX_POINT('',#11083);
#3174=VERTEX_POINT('',#11085);
#3175=VERTEX_POINT('',#11089);
#3176=VERTEX_POINT('',#11091);
#3177=VERTEX_POINT('',#11095);
#3178=VERTEX_POINT('',#11097);
#3179=VERTEX_POINT('',#11101);
#3180=VERTEX_POINT('',#11103);
#3181=VERTEX_POINT('',#11107);
#3182=VERTEX_POINT('',#11109);
#3183=VERTEX_POINT('',#11113);
#3184=VERTEX_POINT('',#11115);
#3185=VERTEX_POINT('',#11119);
#3186=VERTEX_POINT('',#11121);
#3187=VERTEX_POINT('',#11125);
#3188=VERTEX_POINT('',#11127);
#3189=VERTEX_POINT('',#11131);
#3190=VERTEX_POINT('',#11133);
#3191=VERTEX_POINT('',#11137);
#3192=VERTEX_POINT('',#11139);
#3193=VERTEX_POINT('',#11143);
#3194=VERTEX_POINT('',#11145);
#3195=VERTEX_POINT('',#11149);
#3196=VERTEX_POINT('',#11151);
#3197=VERTEX_POINT('',#11155);
#3198=VERTEX_POINT('',#11157);
#3199=VERTEX_POINT('',#11161);
#3200=VERTEX_POINT('',#11163);
#3201=VERTEX_POINT('',#11167);
#3202=VERTEX_POINT('',#11169);
#3203=VERTEX_POINT('',#11173);
#3204=VERTEX_POINT('',#11175);
#3205=VERTEX_POINT('',#11179);
#3206=VERTEX_POINT('',#11181);
#3207=VERTEX_POINT('',#11185);
#3208=VERTEX_POINT('',#11187);
#3209=VERTEX_POINT('',#11191);
#3210=VERTEX_POINT('',#11193);
#3211=VERTEX_POINT('',#11197);
#3212=VERTEX_POINT('',#11199);
#3213=VERTEX_POINT('',#11203);
#3214=VERTEX_POINT('',#11205);
#3215=VERTEX_POINT('',#11209);
#3216=VERTEX_POINT('',#11211);
#3217=VERTEX_POINT('',#11215);
#3218=VERTEX_POINT('',#11217);
#3219=VERTEX_POINT('',#11221);
#3220=VERTEX_POINT('',#11223);
#3221=VERTEX_POINT('',#11227);
#3222=VERTEX_POINT('',#11229);
#3223=VERTEX_POINT('',#11233);
#3224=VERTEX_POINT('',#11235);
#3225=VERTEX_POINT('',#11239);
#3226=VERTEX_POINT('',#11241);
#3227=VERTEX_POINT('',#11245);
#3228=VERTEX_POINT('',#11247);
#3229=VERTEX_POINT('',#11251);
#3230=VERTEX_POINT('',#11253);
#3231=VERTEX_POINT('',#11257);
#3232=VERTEX_POINT('',#11259);
#3233=VERTEX_POINT('',#11263);
#3234=VERTEX_POINT('',#11265);
#3235=VERTEX_POINT('',#11269);
#3236=VERTEX_POINT('',#11271);
#3237=VERTEX_POINT('',#11275);
#3238=VERTEX_POINT('',#11277);
#3239=VERTEX_POINT('',#11281);
#3240=VERTEX_POINT('',#11283);
#3241=VERTEX_POINT('',#11287);
#3242=VERTEX_POINT('',#11289);
#3243=VERTEX_POINT('',#11293);
#3244=VERTEX_POINT('',#11295);
#3245=VERTEX_POINT('',#11299);
#3246=VERTEX_POINT('',#11301);
#3247=VERTEX_POINT('',#11305);
#3248=VERTEX_POINT('',#11307);
#3249=VERTEX_POINT('',#11311);
#3250=VERTEX_POINT('',#11313);
#3251=VERTEX_POINT('',#11317);
#3252=VERTEX_POINT('',#11319);
#3253=VERTEX_POINT('',#11323);
#3254=VERTEX_POINT('',#11325);
#3255=VERTEX_POINT('',#11329);
#3256=VERTEX_POINT('',#11331);
#3257=VERTEX_POINT('',#11335);
#3258=VERTEX_POINT('',#11337);
#3259=VERTEX_POINT('',#11341);
#3260=VERTEX_POINT('',#11343);
#3261=VERTEX_POINT('',#11347);
#3262=VERTEX_POINT('',#11349);
#3263=VERTEX_POINT('',#11353);
#3264=VERTEX_POINT('',#11355);
#3265=VERTEX_POINT('',#11359);
#3266=VERTEX_POINT('',#11361);
#3267=VERTEX_POINT('',#11368);
#3268=VERTEX_POINT('',#11369);
#3269=VERTEX_POINT('',#11371);
#3270=VERTEX_POINT('',#11373);
#3271=VERTEX_POINT('',#11377);
#3272=VERTEX_POINT('',#11379);
#3273=VERTEX_POINT('',#11383);
#3274=VERTEX_POINT('',#11385);
#3275=VERTEX_POINT('',#11389);
#3276=VERTEX_POINT('',#11391);
#3277=VERTEX_POINT('',#11395);
#3278=VERTEX_POINT('',#11397);
#3279=VERTEX_POINT('',#11401);
#3280=VERTEX_POINT('',#11403);
#3281=VERTEX_POINT('',#11407);
#3282=VERTEX_POINT('',#11409);
#3283=VERTEX_POINT('',#11416);
#3284=VERTEX_POINT('',#11417);
#3285=VERTEX_POINT('',#11419);
#3286=VERTEX_POINT('',#11421);
#3287=VERTEX_POINT('',#11425);
#3288=VERTEX_POINT('',#11427);
#3289=VERTEX_POINT('',#11431);
#3290=VERTEX_POINT('',#11433);
#3291=VERTEX_POINT('',#11437);
#3292=VERTEX_POINT('',#11439);
#3293=VERTEX_POINT('',#11443);
#3294=VERTEX_POINT('',#11445);
#3295=VERTEX_POINT('',#11449);
#3296=VERTEX_POINT('',#11451);
#3297=VERTEX_POINT('',#11455);
#3298=VERTEX_POINT('',#11457);
#3299=VERTEX_POINT('',#11464);
#3300=VERTEX_POINT('',#11465);
#3301=VERTEX_POINT('',#11467);
#3302=VERTEX_POINT('',#11469);
#3303=VERTEX_POINT('',#11473);
#3304=VERTEX_POINT('',#11475);
#3305=VERTEX_POINT('',#11479);
#3306=VERTEX_POINT('',#11481);
#3307=VERTEX_POINT('',#11485);
#3308=VERTEX_POINT('',#11487);
#3309=VERTEX_POINT('',#11491);
#3310=VERTEX_POINT('',#11493);
#3311=VERTEX_POINT('',#11497);
#3312=VERTEX_POINT('',#11499);
#3313=VERTEX_POINT('',#11503);
#3314=VERTEX_POINT('',#11505);
#3315=VERTEX_POINT('',#11512);
#3316=VERTEX_POINT('',#11513);
#3317=VERTEX_POINT('',#11515);
#3318=VERTEX_POINT('',#11517);
#3319=VERTEX_POINT('',#11521);
#3320=VERTEX_POINT('',#11523);
#3321=VERTEX_POINT('',#11527);
#3322=VERTEX_POINT('',#11529);
#3323=VERTEX_POINT('',#11533);
#3324=VERTEX_POINT('',#11535);
#3325=VERTEX_POINT('',#11539);
#3326=VERTEX_POINT('',#11541);
#3327=VERTEX_POINT('',#11545);
#3328=VERTEX_POINT('',#11547);
#3329=VERTEX_POINT('',#11551);
#3330=VERTEX_POINT('',#11553);
#3331=VERTEX_POINT('',#11557);
#3332=VERTEX_POINT('',#11559);
#3333=VERTEX_POINT('',#11563);
#3334=VERTEX_POINT('',#11565);
#3335=VERTEX_POINT('',#11569);
#3336=VERTEX_POINT('',#11571);
#3337=VERTEX_POINT('',#11575);
#3338=VERTEX_POINT('',#11577);
#3339=VERTEX_POINT('',#11581);
#3340=VERTEX_POINT('',#11583);
#3341=VERTEX_POINT('',#11587);
#3342=VERTEX_POINT('',#11589);
#3343=VERTEX_POINT('',#11593);
#3344=VERTEX_POINT('',#11595);
#3345=VERTEX_POINT('',#11599);
#3346=VERTEX_POINT('',#11601);
#3347=VERTEX_POINT('',#11605);
#3348=VERTEX_POINT('',#11607);
#3349=VERTEX_POINT('',#11611);
#3350=VERTEX_POINT('',#11613);
#3351=VERTEX_POINT('',#11617);
#3352=VERTEX_POINT('',#11619);
#3353=VERTEX_POINT('',#11623);
#3354=VERTEX_POINT('',#11625);
#3355=VERTEX_POINT('',#11629);
#3356=VERTEX_POINT('',#11631);
#3357=VERTEX_POINT('',#11635);
#3358=VERTEX_POINT('',#11637);
#3359=VERTEX_POINT('',#11641);
#3360=VERTEX_POINT('',#11643);
#3361=VERTEX_POINT('',#11647);
#3362=VERTEX_POINT('',#11649);
#3363=VERTEX_POINT('',#11653);
#3364=VERTEX_POINT('',#11655);
#3365=VERTEX_POINT('',#11659);
#3366=VERTEX_POINT('',#11661);
#3367=VERTEX_POINT('',#11665);
#3368=VERTEX_POINT('',#11667);
#3369=VERTEX_POINT('',#11671);
#3370=VERTEX_POINT('',#11673);
#3371=VERTEX_POINT('',#11677);
#3372=VERTEX_POINT('',#11679);
#3373=VERTEX_POINT('',#11683);
#3374=VERTEX_POINT('',#11685);
#3375=VERTEX_POINT('',#11689);
#3376=VERTEX_POINT('',#11691);
#3377=VERTEX_POINT('',#11695);
#3378=VERTEX_POINT('',#11697);
#3379=VERTEX_POINT('',#11701);
#3380=VERTEX_POINT('',#11703);
#3381=VERTEX_POINT('',#11707);
#3382=VERTEX_POINT('',#11709);
#3383=VERTEX_POINT('',#11713);
#3384=VERTEX_POINT('',#11715);
#3385=VERTEX_POINT('',#11719);
#3386=VERTEX_POINT('',#11721);
#3387=VERTEX_POINT('',#11725);
#3388=VERTEX_POINT('',#11727);
#3389=VERTEX_POINT('',#11731);
#3390=VERTEX_POINT('',#11733);
#3391=VERTEX_POINT('',#11737);
#3392=VERTEX_POINT('',#11739);
#3393=VERTEX_POINT('',#11743);
#3394=VERTEX_POINT('',#11745);
#3395=VERTEX_POINT('',#11749);
#3396=VERTEX_POINT('',#11751);
#3397=VERTEX_POINT('',#11755);
#3398=VERTEX_POINT('',#11757);
#3399=VERTEX_POINT('',#11761);
#3400=VERTEX_POINT('',#11763);
#3401=VERTEX_POINT('',#11767);
#3402=VERTEX_POINT('',#11769);
#3403=VERTEX_POINT('',#11773);
#3404=VERTEX_POINT('',#11775);
#3405=VERTEX_POINT('',#11779);
#3406=VERTEX_POINT('',#11781);
#3407=VERTEX_POINT('',#11785);
#3408=VERTEX_POINT('',#11787);
#3409=VERTEX_POINT('',#11791);
#3410=VERTEX_POINT('',#11793);
#3411=VERTEX_POINT('',#11797);
#3412=VERTEX_POINT('',#11799);
#3413=VERTEX_POINT('',#11803);
#3414=VERTEX_POINT('',#11805);
#3415=VERTEX_POINT('',#11809);
#3416=VERTEX_POINT('',#11811);
#3417=VERTEX_POINT('',#11815);
#3418=VERTEX_POINT('',#11817);
#3419=VERTEX_POINT('',#11821);
#3420=VERTEX_POINT('',#11823);
#3421=VERTEX_POINT('',#11827);
#3422=VERTEX_POINT('',#11829);
#3423=VERTEX_POINT('',#11833);
#3424=VERTEX_POINT('',#11835);
#3425=VERTEX_POINT('',#11839);
#3426=VERTEX_POINT('',#11841);
#3427=VERTEX_POINT('',#11845);
#3428=VERTEX_POINT('',#11847);
#3429=VERTEX_POINT('',#11851);
#3430=VERTEX_POINT('',#11853);
#3431=VERTEX_POINT('',#11857);
#3432=VERTEX_POINT('',#11859);
#3433=VERTEX_POINT('',#11863);
#3434=VERTEX_POINT('',#11865);
#3435=VERTEX_POINT('',#11872);
#3436=VERTEX_POINT('',#11873);
#3437=VERTEX_POINT('',#11875);
#3438=VERTEX_POINT('',#11877);
#3439=VERTEX_POINT('',#11881);
#3440=VERTEX_POINT('',#11883);
#3441=VERTEX_POINT('',#11887);
#3442=VERTEX_POINT('',#11889);
#3443=VERTEX_POINT('',#11898);
#3444=VERTEX_POINT('',#11899);
#3445=VERTEX_POINT('',#11901);
#3446=VERTEX_POINT('',#11903);
#3447=VERTEX_POINT('',#11907);
#3448=VERTEX_POINT('',#11909);
#3449=VERTEX_POINT('',#11913);
#3450=VERTEX_POINT('',#11915);
#3451=VERTEX_POINT('',#11919);
#3452=VERTEX_POINT('',#11921);
#3453=VERTEX_POINT('',#11923);
#3454=VERTEX_POINT('',#11925);
#3455=VERTEX_POINT('',#11927);
#3456=VERTEX_POINT('',#11929);
#3457=VERTEX_POINT('',#11931);
#3458=VERTEX_POINT('',#11933);
#3459=VERTEX_POINT('',#11937);
#3460=VERTEX_POINT('',#11939);
#3461=VERTEX_POINT('',#11941);
#3462=VERTEX_POINT('',#11945);
#3463=VERTEX_POINT('',#11946);
#3464=VERTEX_POINT('',#11948);
#3465=VERTEX_POINT('',#11950);
#3466=VERTEX_POINT('',#11954);
#3467=VERTEX_POINT('',#11955);
#3468=VERTEX_POINT('',#11957);
#3469=VERTEX_POINT('',#11959);
#3470=VERTEX_POINT('',#11963);
#3471=VERTEX_POINT('',#11965);
#3472=VERTEX_POINT('',#11969);
#3473=VERTEX_POINT('',#11971);
#3474=VERTEX_POINT('',#11975);
#3475=VERTEX_POINT('',#11976);
#3476=VERTEX_POINT('',#11978);
#3477=VERTEX_POINT('',#11980);
#3478=VERTEX_POINT('',#11987);
#3479=VERTEX_POINT('',#11988);
#3480=VERTEX_POINT('',#11990);
#3481=VERTEX_POINT('',#11992);
#3482=VERTEX_POINT('',#11996);
#3483=VERTEX_POINT('',#11997);
#3484=VERTEX_POINT('',#11999);
#3485=VERTEX_POINT('',#12001);
#3486=VERTEX_POINT('',#12005);
#3487=VERTEX_POINT('',#12007);
#3488=VERTEX_POINT('',#12011);
#3489=VERTEX_POINT('',#12013);
#3490=VERTEX_POINT('',#12017);
#3491=VERTEX_POINT('',#12019);
#3492=VERTEX_POINT('',#12027);
#3493=VERTEX_POINT('',#12029);
#3494=VERTEX_POINT('',#12031);
#3495=VERTEX_POINT('',#12037);
#3496=VERTEX_POINT('',#12039);
#3497=VERTEX_POINT('',#12043);
#3498=VERTEX_POINT('',#12051);
#3499=VERTEX_POINT('',#12054);
#3500=VERTEX_POINT('',#12058);
#3501=VERTEX_POINT('',#12060);
#3502=VERTEX_POINT('',#12064);
#3503=VERTEX_POINT('',#12066);
#3504=VERTEX_POINT('',#12070);
#3505=VERTEX_POINT('',#12072);
#3506=VERTEX_POINT('',#12075);
#3507=VERTEX_POINT('',#12077);
#3508=VERTEX_POINT('',#12079);
#3509=VERTEX_POINT('',#12081);
#3510=VERTEX_POINT('',#12085);
#3511=VERTEX_POINT('',#12089);
#3512=VERTEX_POINT('',#12100);
#3513=VERTEX_POINT('',#12102);
#3514=VERTEX_POINT('',#12104);
#3515=VERTEX_POINT('',#12115);
#3516=VERTEX_POINT('',#12116);
#3517=VERTEX_POINT('',#12118);
#3518=VERTEX_POINT('',#12120);
#3519=VERTEX_POINT('',#12124);
#3520=VERTEX_POINT('',#12125);
#3521=VERTEX_POINT('',#12127);
#3522=VERTEX_POINT('',#12129);
#3523=VERTEX_POINT('',#12136);
#3524=VERTEX_POINT('',#12138);
#3525=VERTEX_POINT('',#12140);
#3526=VERTEX_POINT('',#12142);
#3527=VERTEX_POINT('',#12146);
#3528=VERTEX_POINT('',#12148);
#3529=VERTEX_POINT('',#12150);
#3530=VERTEX_POINT('',#12154);
#3531=VERTEX_POINT('',#12156);
#3532=VERTEX_POINT('',#12158);
#3533=VERTEX_POINT('',#12162);
#3534=VERTEX_POINT('',#12163);
#3535=VERTEX_POINT('',#12165);
#3536=VERTEX_POINT('',#12167);
#3537=VERTEX_POINT('',#12171);
#3538=VERTEX_POINT('',#12172);
#3539=VERTEX_POINT('',#12174);
#3540=VERTEX_POINT('',#12176);
#3541=VERTEX_POINT('',#12180);
#3542=VERTEX_POINT('',#12182);
#3543=VERTEX_POINT('',#12186);
#3544=VERTEX_POINT('',#12188);
#3545=VERTEX_POINT('',#12192);
#3546=VERTEX_POINT('',#12193);
#3547=VERTEX_POINT('',#12195);
#3548=VERTEX_POINT('',#12197);
#3549=VERTEX_POINT('',#12204);
#3550=VERTEX_POINT('',#12206);
#3551=VERTEX_POINT('',#12210);
#3552=VERTEX_POINT('',#12212);
#3553=VERTEX_POINT('',#12216);
#3554=VERTEX_POINT('',#12218);
#3555=VERTEX_POINT('',#12222);
#3556=VERTEX_POINT('',#12224);
#3557=VERTEX_POINT('',#12228);
#3558=VERTEX_POINT('',#12229);
#3559=VERTEX_POINT('',#12231);
#3560=VERTEX_POINT('',#12233);
#3561=VERTEX_POINT('',#12240);
#3562=VERTEX_POINT('',#12242);
#3563=VERTEX_POINT('',#12247);
#3564=VERTEX_POINT('',#12249);
#3565=VERTEX_POINT('',#12251);
#3566=VERTEX_POINT('',#12258);
#3567=VERTEX_POINT('',#12261);
#3568=VERTEX_POINT('',#12267);
#3569=VERTEX_POINT('',#12271);
#3570=VERTEX_POINT('',#12275);
#3571=EDGE_CURVE('',#2851,#2852,#1203,.T.);
#3572=EDGE_CURVE('',#2852,#2853,#1204,.T.);
#3573=EDGE_CURVE('',#2854,#2853,#1205,.T.);
#3574=EDGE_CURVE('',#2851,#2854,#1206,.T.);
#3575=EDGE_CURVE('',#2855,#2851,#54,.T.);
#3576=EDGE_CURVE('',#2856,#2854,#55,.T.);
#3577=EDGE_CURVE('',#2855,#2856,#1207,.T.);
#3578=EDGE_CURVE('',#2857,#2855,#1208,.T.);
#3579=EDGE_CURVE('',#2858,#2856,#1209,.T.);
#3580=EDGE_CURVE('',#2857,#2858,#1210,.T.);
#3581=EDGE_CURVE('',#2859,#2857,#56,.T.);
#3582=EDGE_CURVE('',#2860,#2858,#57,.T.);
#3583=EDGE_CURVE('',#2859,#2860,#1211,.T.);
#3584=EDGE_CURVE('',#2861,#2859,#1212,.T.);
#3585=EDGE_CURVE('',#2862,#2860,#1213,.T.);
#3586=EDGE_CURVE('',#2861,#2862,#1214,.T.);
#3587=EDGE_CURVE('',#2863,#2861,#58,.T.);
#3588=EDGE_CURVE('',#2864,#2862,#59,.T.);
#3589=EDGE_CURVE('',#2863,#2864,#1215,.T.);
#3590=EDGE_CURVE('',#2865,#2863,#1216,.T.);
#3591=EDGE_CURVE('',#2866,#2864,#1217,.T.);
#3592=EDGE_CURVE('',#2865,#2866,#1218,.T.);
#3593=EDGE_CURVE('',#2852,#2865,#60,.T.);
#3594=EDGE_CURVE('',#2853,#2866,#61,.T.);
#3595=EDGE_CURVE('',#2867,#2868,#1219,.T.);
#3596=EDGE_CURVE('',#2868,#2869,#1220,.T.);
#3597=EDGE_CURVE('',#2870,#2869,#1221,.T.);
#3598=EDGE_CURVE('',#2867,#2870,#1222,.T.);
#3599=EDGE_CURVE('',#2871,#2867,#62,.T.);
#3600=EDGE_CURVE('',#2872,#2870,#63,.T.);
#3601=EDGE_CURVE('',#2871,#2872,#1223,.T.);
#3602=EDGE_CURVE('',#2873,#2871,#1224,.T.);
#3603=EDGE_CURVE('',#2874,#2872,#1225,.T.);
#3604=EDGE_CURVE('',#2873,#2874,#1226,.T.);
#3605=EDGE_CURVE('',#2875,#2873,#64,.T.);
#3606=EDGE_CURVE('',#2876,#2874,#65,.T.);
#3607=EDGE_CURVE('',#2875,#2876,#1227,.T.);
#3608=EDGE_CURVE('',#2877,#2875,#1228,.T.);
#3609=EDGE_CURVE('',#2878,#2876,#1229,.T.);
#3610=EDGE_CURVE('',#2877,#2878,#1230,.T.);
#3611=EDGE_CURVE('',#2879,#2877,#66,.T.);
#3612=EDGE_CURVE('',#2880,#2878,#67,.T.);
#3613=EDGE_CURVE('',#2879,#2880,#1231,.T.);
#3614=EDGE_CURVE('',#2881,#2879,#1232,.T.);
#3615=EDGE_CURVE('',#2882,#2880,#1233,.T.);
#3616=EDGE_CURVE('',#2881,#2882,#1234,.T.);
#3617=EDGE_CURVE('',#2868,#2881,#68,.T.);
#3618=EDGE_CURVE('',#2869,#2882,#69,.T.);
#3619=EDGE_CURVE('',#2883,#2884,#1235,.T.);
#3620=EDGE_CURVE('',#2884,#2885,#1236,.T.);
#3621=EDGE_CURVE('',#2886,#2885,#1237,.T.);
#3622=EDGE_CURVE('',#2883,#2886,#1238,.T.);
#3623=EDGE_CURVE('',#2887,#2883,#70,.T.);
#3624=EDGE_CURVE('',#2888,#2886,#71,.T.);
#3625=EDGE_CURVE('',#2887,#2888,#1239,.T.);
#3626=EDGE_CURVE('',#2889,#2887,#1240,.T.);
#3627=EDGE_CURVE('',#2890,#2888,#1241,.T.);
#3628=EDGE_CURVE('',#2889,#2890,#1242,.T.);
#3629=EDGE_CURVE('',#2891,#2889,#72,.T.);
#3630=EDGE_CURVE('',#2892,#2890,#73,.T.);
#3631=EDGE_CURVE('',#2891,#2892,#1243,.T.);
#3632=EDGE_CURVE('',#2893,#2891,#1244,.T.);
#3633=EDGE_CURVE('',#2894,#2892,#1245,.T.);
#3634=EDGE_CURVE('',#2893,#2894,#1246,.T.);
#3635=EDGE_CURVE('',#2895,#2893,#74,.T.);
#3636=EDGE_CURVE('',#2896,#2894,#75,.T.);
#3637=EDGE_CURVE('',#2895,#2896,#1247,.T.);
#3638=EDGE_CURVE('',#2897,#2895,#1248,.T.);
#3639=EDGE_CURVE('',#2898,#2896,#1249,.T.);
#3640=EDGE_CURVE('',#2897,#2898,#1250,.T.);
#3641=EDGE_CURVE('',#2884,#2897,#76,.T.);
#3642=EDGE_CURVE('',#2885,#2898,#77,.T.);
#3643=EDGE_CURVE('',#2899,#2900,#1251,.T.);
#3644=EDGE_CURVE('',#2900,#2901,#1252,.T.);
#3645=EDGE_CURVE('',#2902,#2901,#1253,.T.);
#3646=EDGE_CURVE('',#2899,#2902,#1254,.T.);
#3647=EDGE_CURVE('',#2903,#2899,#78,.T.);
#3648=EDGE_CURVE('',#2904,#2902,#79,.T.);
#3649=EDGE_CURVE('',#2903,#2904,#1255,.T.);
#3650=EDGE_CURVE('',#2905,#2903,#1256,.T.);
#3651=EDGE_CURVE('',#2906,#2904,#1257,.T.);
#3652=EDGE_CURVE('',#2905,#2906,#1258,.T.);
#3653=EDGE_CURVE('',#2907,#2905,#80,.T.);
#3654=EDGE_CURVE('',#2908,#2906,#81,.T.);
#3655=EDGE_CURVE('',#2907,#2908,#1259,.T.);
#3656=EDGE_CURVE('',#2909,#2907,#1260,.T.);
#3657=EDGE_CURVE('',#2910,#2908,#1261,.T.);
#3658=EDGE_CURVE('',#2909,#2910,#1262,.T.);
#3659=EDGE_CURVE('',#2911,#2909,#82,.T.);
#3660=EDGE_CURVE('',#2912,#2910,#83,.T.);
#3661=EDGE_CURVE('',#2911,#2912,#1263,.T.);
#3662=EDGE_CURVE('',#2913,#2911,#1264,.T.);
#3663=EDGE_CURVE('',#2914,#2912,#1265,.T.);
#3664=EDGE_CURVE('',#2913,#2914,#1266,.T.);
#3665=EDGE_CURVE('',#2900,#2913,#84,.T.);
#3666=EDGE_CURVE('',#2901,#2914,#85,.T.);
#3667=EDGE_CURVE('',#2915,#2916,#1267,.T.);
#3668=EDGE_CURVE('',#2916,#2917,#1268,.T.);
#3669=EDGE_CURVE('',#2918,#2917,#1269,.T.);
#3670=EDGE_CURVE('',#2915,#2918,#1270,.T.);
#3671=EDGE_CURVE('',#2919,#2915,#86,.T.);
#3672=EDGE_CURVE('',#2920,#2918,#87,.T.);
#3673=EDGE_CURVE('',#2919,#2920,#1271,.T.);
#3674=EDGE_CURVE('',#2921,#2919,#1272,.T.);
#3675=EDGE_CURVE('',#2922,#2920,#1273,.T.);
#3676=EDGE_CURVE('',#2921,#2922,#1274,.T.);
#3677=EDGE_CURVE('',#2923,#2921,#88,.T.);
#3678=EDGE_CURVE('',#2924,#2922,#89,.T.);
#3679=EDGE_CURVE('',#2923,#2924,#1275,.T.);
#3680=EDGE_CURVE('',#2925,#2923,#1276,.T.);
#3681=EDGE_CURVE('',#2926,#2924,#1277,.T.);
#3682=EDGE_CURVE('',#2925,#2926,#1278,.T.);
#3683=EDGE_CURVE('',#2927,#2925,#90,.T.);
#3684=EDGE_CURVE('',#2928,#2926,#91,.T.);
#3685=EDGE_CURVE('',#2927,#2928,#1279,.T.);
#3686=EDGE_CURVE('',#2929,#2927,#1280,.T.);
#3687=EDGE_CURVE('',#2930,#2928,#1281,.T.);
#3688=EDGE_CURVE('',#2929,#2930,#1282,.T.);
#3689=EDGE_CURVE('',#2916,#2929,#92,.T.);
#3690=EDGE_CURVE('',#2917,#2930,#93,.T.);
#3691=EDGE_CURVE('',#2931,#2932,#1283,.T.);
#3692=EDGE_CURVE('',#2932,#2933,#1284,.T.);
#3693=EDGE_CURVE('',#2934,#2933,#1285,.T.);
#3694=EDGE_CURVE('',#2931,#2934,#1286,.T.);
#3695=EDGE_CURVE('',#2935,#2931,#94,.T.);
#3696=EDGE_CURVE('',#2936,#2934,#95,.T.);
#3697=EDGE_CURVE('',#2935,#2936,#1287,.T.);
#3698=EDGE_CURVE('',#2937,#2935,#1288,.T.);
#3699=EDGE_CURVE('',#2938,#2936,#1289,.T.);
#3700=EDGE_CURVE('',#2937,#2938,#1290,.T.);
#3701=EDGE_CURVE('',#2939,#2937,#96,.T.);
#3702=EDGE_CURVE('',#2940,#2938,#97,.T.);
#3703=EDGE_CURVE('',#2939,#2940,#1291,.T.);
#3704=EDGE_CURVE('',#2941,#2939,#1292,.T.);
#3705=EDGE_CURVE('',#2942,#2940,#1293,.T.);
#3706=EDGE_CURVE('',#2941,#2942,#1294,.T.);
#3707=EDGE_CURVE('',#2943,#2941,#98,.T.);
#3708=EDGE_CURVE('',#2944,#2942,#99,.T.);
#3709=EDGE_CURVE('',#2943,#2944,#1295,.T.);
#3710=EDGE_CURVE('',#2945,#2943,#1296,.T.);
#3711=EDGE_CURVE('',#2946,#2944,#1297,.T.);
#3712=EDGE_CURVE('',#2945,#2946,#1298,.T.);
#3713=EDGE_CURVE('',#2932,#2945,#100,.T.);
#3714=EDGE_CURVE('',#2933,#2946,#101,.T.);
#3715=EDGE_CURVE('',#2947,#2948,#1299,.T.);
#3716=EDGE_CURVE('',#2948,#2949,#1300,.T.);
#3717=EDGE_CURVE('',#2950,#2949,#1301,.T.);
#3718=EDGE_CURVE('',#2947,#2950,#1302,.T.);
#3719=EDGE_CURVE('',#2951,#2947,#102,.T.);
#3720=EDGE_CURVE('',#2952,#2950,#103,.T.);
#3721=EDGE_CURVE('',#2951,#2952,#1303,.T.);
#3722=EDGE_CURVE('',#2953,#2951,#1304,.T.);
#3723=EDGE_CURVE('',#2954,#2952,#1305,.T.);
#3724=EDGE_CURVE('',#2953,#2954,#1306,.T.);
#3725=EDGE_CURVE('',#2955,#2953,#104,.T.);
#3726=EDGE_CURVE('',#2956,#2954,#105,.T.);
#3727=EDGE_CURVE('',#2955,#2956,#1307,.T.);
#3728=EDGE_CURVE('',#2957,#2955,#1308,.T.);
#3729=EDGE_CURVE('',#2958,#2956,#1309,.T.);
#3730=EDGE_CURVE('',#2957,#2958,#1310,.T.);
#3731=EDGE_CURVE('',#2959,#2957,#106,.T.);
#3732=EDGE_CURVE('',#2960,#2958,#107,.T.);
#3733=EDGE_CURVE('',#2959,#2960,#1311,.T.);
#3734=EDGE_CURVE('',#2961,#2959,#1312,.T.);
#3735=EDGE_CURVE('',#2962,#2960,#1313,.T.);
#3736=EDGE_CURVE('',#2961,#2962,#1314,.T.);
#3737=EDGE_CURVE('',#2948,#2961,#108,.T.);
#3738=EDGE_CURVE('',#2949,#2962,#109,.T.);
#3739=EDGE_CURVE('',#2963,#2964,#1315,.T.);
#3740=EDGE_CURVE('',#2964,#2965,#1316,.T.);
#3741=EDGE_CURVE('',#2966,#2965,#1317,.T.);
#3742=EDGE_CURVE('',#2963,#2966,#1318,.T.);
#3743=EDGE_CURVE('',#2967,#2963,#110,.T.);
#3744=EDGE_CURVE('',#2968,#2966,#111,.T.);
#3745=EDGE_CURVE('',#2967,#2968,#1319,.T.);
#3746=EDGE_CURVE('',#2969,#2967,#1320,.T.);
#3747=EDGE_CURVE('',#2970,#2968,#1321,.T.);
#3748=EDGE_CURVE('',#2969,#2970,#1322,.T.);
#3749=EDGE_CURVE('',#2971,#2969,#112,.T.);
#3750=EDGE_CURVE('',#2972,#2970,#113,.T.);
#3751=EDGE_CURVE('',#2971,#2972,#1323,.T.);
#3752=EDGE_CURVE('',#2973,#2971,#1324,.T.);
#3753=EDGE_CURVE('',#2974,#2972,#1325,.T.);
#3754=EDGE_CURVE('',#2973,#2974,#1326,.T.);
#3755=EDGE_CURVE('',#2975,#2973,#114,.T.);
#3756=EDGE_CURVE('',#2976,#2974,#115,.T.);
#3757=EDGE_CURVE('',#2975,#2976,#1327,.T.);
#3758=EDGE_CURVE('',#2977,#2975,#1328,.T.);
#3759=EDGE_CURVE('',#2978,#2976,#1329,.T.);
#3760=EDGE_CURVE('',#2977,#2978,#1330,.T.);
#3761=EDGE_CURVE('',#2964,#2977,#116,.T.);
#3762=EDGE_CURVE('',#2965,#2978,#117,.T.);
#3763=EDGE_CURVE('',#2979,#2980,#1331,.T.);
#3764=EDGE_CURVE('',#2980,#2981,#1332,.T.);
#3765=EDGE_CURVE('',#2982,#2981,#1333,.T.);
#3766=EDGE_CURVE('',#2979,#2982,#1334,.T.);
#3767=EDGE_CURVE('',#2983,#2979,#118,.T.);
#3768=EDGE_CURVE('',#2984,#2982,#119,.T.);
#3769=EDGE_CURVE('',#2983,#2984,#1335,.T.);
#3770=EDGE_CURVE('',#2985,#2983,#1336,.T.);
#3771=EDGE_CURVE('',#2986,#2984,#1337,.T.);
#3772=EDGE_CURVE('',#2985,#2986,#1338,.T.);
#3773=EDGE_CURVE('',#2987,#2985,#120,.T.);
#3774=EDGE_CURVE('',#2988,#2986,#121,.T.);
#3775=EDGE_CURVE('',#2987,#2988,#1339,.T.);
#3776=EDGE_CURVE('',#2989,#2987,#1340,.T.);
#3777=EDGE_CURVE('',#2990,#2988,#1341,.T.);
#3778=EDGE_CURVE('',#2989,#2990,#1342,.T.);
#3779=EDGE_CURVE('',#2991,#2989,#122,.T.);
#3780=EDGE_CURVE('',#2992,#2990,#123,.T.);
#3781=EDGE_CURVE('',#2991,#2992,#1343,.T.);
#3782=EDGE_CURVE('',#2993,#2991,#1344,.T.);
#3783=EDGE_CURVE('',#2994,#2992,#1345,.T.);
#3784=EDGE_CURVE('',#2993,#2994,#1346,.T.);
#3785=EDGE_CURVE('',#2980,#2993,#124,.T.);
#3786=EDGE_CURVE('',#2981,#2994,#125,.T.);
#3787=EDGE_CURVE('',#2995,#2996,#1347,.T.);
#3788=EDGE_CURVE('',#2996,#2997,#1348,.T.);
#3789=EDGE_CURVE('',#2998,#2997,#1349,.T.);
#3790=EDGE_CURVE('',#2995,#2998,#1350,.T.);
#3791=EDGE_CURVE('',#2999,#2995,#126,.T.);
#3792=EDGE_CURVE('',#3000,#2998,#127,.T.);
#3793=EDGE_CURVE('',#2999,#3000,#1351,.T.);
#3794=EDGE_CURVE('',#3001,#2999,#1352,.T.);
#3795=EDGE_CURVE('',#3002,#3000,#1353,.T.);
#3796=EDGE_CURVE('',#3001,#3002,#1354,.T.);
#3797=EDGE_CURVE('',#3003,#3001,#1355,.T.);
#3798=EDGE_CURVE('',#3004,#3002,#1356,.T.);
#3799=EDGE_CURVE('',#3003,#3004,#1357,.T.);
#3800=EDGE_CURVE('',#3005,#3003,#128,.T.);
#3801=EDGE_CURVE('',#3006,#3004,#129,.T.);
#3802=EDGE_CURVE('',#3005,#3006,#1358,.T.);
#3803=EDGE_CURVE('',#3007,#3005,#1359,.T.);
#3804=EDGE_CURVE('',#3008,#3006,#1360,.T.);
#3805=EDGE_CURVE('',#3007,#3008,#1361,.T.);
#3806=EDGE_CURVE('',#3009,#3007,#130,.T.);
#3807=EDGE_CURVE('',#3010,#3008,#131,.T.);
#3808=EDGE_CURVE('',#3009,#3010,#1362,.T.);
#3809=EDGE_CURVE('',#3011,#3009,#1363,.T.);
#3810=EDGE_CURVE('',#3012,#3010,#1364,.T.);
#3811=EDGE_CURVE('',#3011,#3012,#1365,.T.);
#3812=EDGE_CURVE('',#3013,#3011,#1366,.T.);
#3813=EDGE_CURVE('',#3014,#3012,#1367,.T.);
#3814=EDGE_CURVE('',#3013,#3014,#1368,.T.);
#3815=EDGE_CURVE('',#3015,#3013,#1369,.T.);
#3816=EDGE_CURVE('',#3016,#3014,#1370,.T.);
#3817=EDGE_CURVE('',#3015,#3016,#1371,.T.);
#3818=EDGE_CURVE('',#3017,#3015,#132,.T.);
#3819=EDGE_CURVE('',#3018,#3016,#133,.T.);
#3820=EDGE_CURVE('',#3017,#3018,#1372,.T.);
#3821=EDGE_CURVE('',#3019,#3017,#1373,.T.);
#3822=EDGE_CURVE('',#3020,#3018,#1374,.T.);
#3823=EDGE_CURVE('',#3019,#3020,#1375,.T.);
#3824=EDGE_CURVE('',#3021,#3019,#134,.T.);
#3825=EDGE_CURVE('',#3022,#3020,#135,.T.);
#3826=EDGE_CURVE('',#3021,#3022,#1376,.T.);
#3827=EDGE_CURVE('',#3023,#3021,#1377,.T.);
#3828=EDGE_CURVE('',#3024,#3022,#1378,.T.);
#3829=EDGE_CURVE('',#3023,#3024,#1379,.T.);
#3830=EDGE_CURVE('',#3025,#3023,#1380,.T.);
#3831=EDGE_CURVE('',#3026,#3024,#1381,.T.);
#3832=EDGE_CURVE('',#3025,#3026,#1382,.T.);
#3833=EDGE_CURVE('',#3027,#3025,#1383,.T.);
#3834=EDGE_CURVE('',#3028,#3026,#1384,.T.);
#3835=EDGE_CURVE('',#3027,#3028,#1385,.T.);
#3836=EDGE_CURVE('',#3029,#3027,#136,.T.);
#3837=EDGE_CURVE('',#3030,#3028,#137,.T.);
#3838=EDGE_CURVE('',#3029,#3030,#1386,.T.);
#3839=EDGE_CURVE('',#3031,#3029,#1387,.T.);
#3840=EDGE_CURVE('',#3032,#3030,#1388,.T.);
#3841=EDGE_CURVE('',#3031,#3032,#1389,.T.);
#3842=EDGE_CURVE('',#3033,#3031,#138,.T.);
#3843=EDGE_CURVE('',#3034,#3032,#139,.T.);
#3844=EDGE_CURVE('',#3033,#3034,#1390,.T.);
#3845=EDGE_CURVE('',#3035,#3033,#1391,.T.);
#3846=EDGE_CURVE('',#3036,#3034,#1392,.T.);
#3847=EDGE_CURVE('',#3035,#3036,#1393,.T.);
#3848=EDGE_CURVE('',#3037,#3035,#1394,.T.);
#3849=EDGE_CURVE('',#3038,#3036,#1395,.T.);
#3850=EDGE_CURVE('',#3037,#3038,#1396,.T.);
#3851=EDGE_CURVE('',#3039,#3037,#140,.T.);
#3852=EDGE_CURVE('',#3040,#3038,#141,.T.);
#3853=EDGE_CURVE('',#3039,#3040,#1397,.T.);
#3854=EDGE_CURVE('',#3041,#3039,#1398,.T.);
#3855=EDGE_CURVE('',#3042,#3040,#1399,.T.);
#3856=EDGE_CURVE('',#3041,#3042,#1400,.T.);
#3857=EDGE_CURVE('',#3043,#3041,#1401,.T.);
#3858=EDGE_CURVE('',#3044,#3042,#1402,.T.);
#3859=EDGE_CURVE('',#3043,#3044,#1403,.T.);
#3860=EDGE_CURVE('',#3045,#3043,#142,.T.);
#3861=EDGE_CURVE('',#3046,#3044,#143,.T.);
#3862=EDGE_CURVE('',#3045,#3046,#1404,.T.);
#3863=EDGE_CURVE('',#3047,#3045,#1405,.T.);
#3864=EDGE_CURVE('',#3048,#3046,#1406,.T.);
#3865=EDGE_CURVE('',#3047,#3048,#1407,.T.);
#3866=EDGE_CURVE('',#3049,#3047,#144,.T.);
#3867=EDGE_CURVE('',#3050,#3048,#145,.T.);
#3868=EDGE_CURVE('',#3049,#3050,#1408,.T.);
#3869=EDGE_CURVE('',#3051,#3049,#1409,.T.);
#3870=EDGE_CURVE('',#3052,#3050,#1410,.T.);
#3871=EDGE_CURVE('',#3051,#3052,#1411,.T.);
#3872=EDGE_CURVE('',#3053,#3051,#146,.T.);
#3873=EDGE_CURVE('',#3054,#3052,#147,.T.);
#3874=EDGE_CURVE('',#3053,#3054,#1412,.T.);
#3875=EDGE_CURVE('',#3055,#3053,#1413,.T.);
#3876=EDGE_CURVE('',#3056,#3054,#1414,.T.);
#3877=EDGE_CURVE('',#3055,#3056,#1415,.T.);
#3878=EDGE_CURVE('',#3057,#3055,#148,.T.);
#3879=EDGE_CURVE('',#3058,#3056,#149,.T.);
#3880=EDGE_CURVE('',#3057,#3058,#1416,.T.);
#3881=EDGE_CURVE('',#3059,#3057,#1417,.T.);
#3882=EDGE_CURVE('',#3060,#3058,#1418,.T.);
#3883=EDGE_CURVE('',#3059,#3060,#1419,.T.);
#3884=EDGE_CURVE('',#3061,#3059,#150,.T.);
#3885=EDGE_CURVE('',#3062,#3060,#151,.T.);
#3886=EDGE_CURVE('',#3061,#3062,#1420,.T.);
#3887=EDGE_CURVE('',#3063,#3061,#1421,.T.);
#3888=EDGE_CURVE('',#3064,#3062,#1422,.T.);
#3889=EDGE_CURVE('',#3063,#3064,#1423,.T.);
#3890=EDGE_CURVE('',#3065,#3063,#152,.T.);
#3891=EDGE_CURVE('',#3066,#3064,#153,.T.);
#3892=EDGE_CURVE('',#3065,#3066,#1424,.T.);
#3893=EDGE_CURVE('',#3067,#3065,#1425,.T.);
#3894=EDGE_CURVE('',#3068,#3066,#1426,.T.);
#3895=EDGE_CURVE('',#3067,#3068,#1427,.T.);
#3896=EDGE_CURVE('',#3069,#3067,#1428,.T.);
#3897=EDGE_CURVE('',#3070,#3068,#1429,.T.);
#3898=EDGE_CURVE('',#3069,#3070,#1430,.T.);
#3899=EDGE_CURVE('',#3071,#3069,#154,.T.);
#3900=EDGE_CURVE('',#3072,#3070,#155,.T.);
#3901=EDGE_CURVE('',#3071,#3072,#1431,.T.);
#3902=EDGE_CURVE('',#3073,#3071,#1432,.T.);
#3903=EDGE_CURVE('',#3074,#3072,#1433,.T.);
#3904=EDGE_CURVE('',#3073,#3074,#1434,.T.);
#3905=EDGE_CURVE('',#3075,#3073,#1435,.T.);
#3906=EDGE_CURVE('',#3076,#3074,#1436,.T.);
#3907=EDGE_CURVE('',#3075,#3076,#1437,.T.);
#3908=EDGE_CURVE('',#3077,#3075,#156,.T.);
#3909=EDGE_CURVE('',#3078,#3076,#157,.T.);
#3910=EDGE_CURVE('',#3077,#3078,#1438,.T.);
#3911=EDGE_CURVE('',#3079,#3077,#1439,.T.);
#3912=EDGE_CURVE('',#3080,#3078,#1440,.T.);
#3913=EDGE_CURVE('',#3079,#3080,#1441,.T.);
#3914=EDGE_CURVE('',#3081,#3079,#158,.T.);
#3915=EDGE_CURVE('',#3082,#3080,#159,.T.);
#3916=EDGE_CURVE('',#3081,#3082,#1442,.T.);
#3917=EDGE_CURVE('',#3083,#3081,#1443,.T.);
#3918=EDGE_CURVE('',#3084,#3082,#1444,.T.);
#3919=EDGE_CURVE('',#3083,#3084,#1445,.T.);
#3920=EDGE_CURVE('',#3085,#3083,#1446,.T.);
#3921=EDGE_CURVE('',#3086,#3084,#1447,.T.);
#3922=EDGE_CURVE('',#3085,#3086,#1448,.T.);
#3923=EDGE_CURVE('',#3087,#3085,#160,.T.);
#3924=EDGE_CURVE('',#3088,#3086,#161,.T.);
#3925=EDGE_CURVE('',#3087,#3088,#1449,.T.);
#3926=EDGE_CURVE('',#3089,#3087,#1450,.T.);
#3927=EDGE_CURVE('',#3090,#3088,#1451,.T.);
#3928=EDGE_CURVE('',#3089,#3090,#1452,.T.);
#3929=EDGE_CURVE('',#3091,#3089,#1453,.T.);
#3930=EDGE_CURVE('',#3092,#3090,#1454,.T.);
#3931=EDGE_CURVE('',#3091,#3092,#1455,.T.);
#3932=EDGE_CURVE('',#3093,#3091,#162,.T.);
#3933=EDGE_CURVE('',#3094,#3092,#163,.T.);
#3934=EDGE_CURVE('',#3093,#3094,#1456,.T.);
#3935=EDGE_CURVE('',#3095,#3093,#1457,.T.);
#3936=EDGE_CURVE('',#3096,#3094,#1458,.T.);
#3937=EDGE_CURVE('',#3095,#3096,#1459,.T.);
#3938=EDGE_CURVE('',#3097,#3095,#164,.T.);
#3939=EDGE_CURVE('',#3098,#3096,#165,.T.);
#3940=EDGE_CURVE('',#3097,#3098,#1460,.T.);
#3941=EDGE_CURVE('',#3099,#3097,#1461,.T.);
#3942=EDGE_CURVE('',#3100,#3098,#1462,.T.);
#3943=EDGE_CURVE('',#3099,#3100,#1463,.T.);
#3944=EDGE_CURVE('',#3101,#3099,#166,.T.);
#3945=EDGE_CURVE('',#3102,#3100,#167,.T.);
#3946=EDGE_CURVE('',#3101,#3102,#1464,.T.);
#3947=EDGE_CURVE('',#3103,#3101,#1465,.T.);
#3948=EDGE_CURVE('',#3104,#3102,#1466,.T.);
#3949=EDGE_CURVE('',#3103,#3104,#1467,.T.);
#3950=EDGE_CURVE('',#3105,#3103,#168,.T.);
#3951=EDGE_CURVE('',#3106,#3104,#169,.T.);
#3952=EDGE_CURVE('',#3105,#3106,#1468,.T.);
#3953=EDGE_CURVE('',#3107,#3105,#1469,.T.);
#3954=EDGE_CURVE('',#3108,#3106,#1470,.T.);
#3955=EDGE_CURVE('',#3107,#3108,#1471,.T.);
#3956=EDGE_CURVE('',#3109,#3107,#170,.T.);
#3957=EDGE_CURVE('',#3110,#3108,#171,.T.);
#3958=EDGE_CURVE('',#3109,#3110,#1472,.T.);
#3959=EDGE_CURVE('',#3111,#3109,#1473,.T.);
#3960=EDGE_CURVE('',#3112,#3110,#1474,.T.);
#3961=EDGE_CURVE('',#3111,#3112,#1475,.T.);
#3962=EDGE_CURVE('',#3113,#3111,#172,.T.);
#3963=EDGE_CURVE('',#3114,#3112,#173,.T.);
#3964=EDGE_CURVE('',#3113,#3114,#1476,.T.);
#3965=EDGE_CURVE('',#2996,#3113,#1477,.T.);
#3966=EDGE_CURVE('',#2997,#3114,#1478,.T.);
#3967=EDGE_CURVE('',#3115,#3116,#1479,.T.);
#3968=EDGE_CURVE('',#3116,#3117,#1480,.T.);
#3969=EDGE_CURVE('',#3118,#3117,#1481,.T.);
#3970=EDGE_CURVE('',#3115,#3118,#1482,.T.);
#3971=EDGE_CURVE('',#3119,#3115,#174,.T.);
#3972=EDGE_CURVE('',#3120,#3118,#175,.T.);
#3973=EDGE_CURVE('',#3119,#3120,#1483,.T.);
#3974=EDGE_CURVE('',#3121,#3119,#1484,.T.);
#3975=EDGE_CURVE('',#3122,#3120,#1485,.T.);
#3976=EDGE_CURVE('',#3121,#3122,#1486,.T.);
#3977=EDGE_CURVE('',#3123,#3121,#176,.T.);
#3978=EDGE_CURVE('',#3124,#3122,#177,.T.);
#3979=EDGE_CURVE('',#3123,#3124,#1487,.T.);
#3980=EDGE_CURVE('',#3125,#3123,#1488,.T.);
#3981=EDGE_CURVE('',#3126,#3124,#1489,.T.);
#3982=EDGE_CURVE('',#3125,#3126,#1490,.T.);
#3983=EDGE_CURVE('',#3127,#3125,#178,.T.);
#3984=EDGE_CURVE('',#3128,#3126,#179,.T.);
#3985=EDGE_CURVE('',#3127,#3128,#1491,.T.);
#3986=EDGE_CURVE('',#3129,#3127,#1492,.T.);
#3987=EDGE_CURVE('',#3130,#3128,#1493,.T.);
#3988=EDGE_CURVE('',#3129,#3130,#1494,.T.);
#3989=EDGE_CURVE('',#3116,#3129,#180,.T.);
#3990=EDGE_CURVE('',#3117,#3130,#181,.T.);
#3991=EDGE_CURVE('',#3131,#3132,#1495,.T.);
#3992=EDGE_CURVE('',#3132,#3133,#1496,.T.);
#3993=EDGE_CURVE('',#3134,#3133,#1497,.T.);
#3994=EDGE_CURVE('',#3131,#3134,#1498,.T.);
#3995=EDGE_CURVE('',#3135,#3131,#182,.T.);
#3996=EDGE_CURVE('',#3136,#3134,#183,.T.);
#3997=EDGE_CURVE('',#3135,#3136,#1499,.T.);
#3998=EDGE_CURVE('',#3137,#3135,#1500,.T.);
#3999=EDGE_CURVE('',#3138,#3136,#1501,.T.);
#4000=EDGE_CURVE('',#3137,#3138,#1502,.T.);
#4001=EDGE_CURVE('',#3139,#3137,#184,.T.);
#4002=EDGE_CURVE('',#3140,#3138,#185,.T.);
#4003=EDGE_CURVE('',#3139,#3140,#1503,.T.);
#4004=EDGE_CURVE('',#3141,#3139,#1504,.T.);
#4005=EDGE_CURVE('',#3142,#3140,#1505,.T.);
#4006=EDGE_CURVE('',#3141,#3142,#1506,.T.);
#4007=EDGE_CURVE('',#3143,#3141,#186,.T.);
#4008=EDGE_CURVE('',#3144,#3142,#187,.T.);
#4009=EDGE_CURVE('',#3143,#3144,#1507,.T.);
#4010=EDGE_CURVE('',#3145,#3143,#1508,.T.);
#4011=EDGE_CURVE('',#3146,#3144,#1509,.T.);
#4012=EDGE_CURVE('',#3145,#3146,#1510,.T.);
#4013=EDGE_CURVE('',#3132,#3145,#188,.T.);
#4014=EDGE_CURVE('',#3133,#3146,#189,.T.);
#4015=EDGE_CURVE('',#3147,#3148,#1511,.T.);
#4016=EDGE_CURVE('',#3148,#3149,#1512,.T.);
#4017=EDGE_CURVE('',#3150,#3149,#1513,.T.);
#4018=EDGE_CURVE('',#3147,#3150,#1514,.T.);
#4019=EDGE_CURVE('',#3151,#3147,#190,.T.);
#4020=EDGE_CURVE('',#3152,#3150,#191,.T.);
#4021=EDGE_CURVE('',#3151,#3152,#1515,.T.);
#4022=EDGE_CURVE('',#3153,#3151,#1516,.T.);
#4023=EDGE_CURVE('',#3154,#3152,#1517,.T.);
#4024=EDGE_CURVE('',#3153,#3154,#1518,.T.);
#4025=EDGE_CURVE('',#3155,#3153,#1519,.T.);
#4026=EDGE_CURVE('',#3156,#3154,#1520,.T.);
#4027=EDGE_CURVE('',#3155,#3156,#1521,.T.);
#4028=EDGE_CURVE('',#3157,#3155,#192,.T.);
#4029=EDGE_CURVE('',#3158,#3156,#193,.T.);
#4030=EDGE_CURVE('',#3157,#3158,#1522,.T.);
#4031=EDGE_CURVE('',#3159,#3157,#1523,.T.);
#4032=EDGE_CURVE('',#3160,#3158,#1524,.T.);
#4033=EDGE_CURVE('',#3159,#3160,#1525,.T.);
#4034=EDGE_CURVE('',#3161,#3159,#194,.T.);
#4035=EDGE_CURVE('',#3162,#3160,#195,.T.);
#4036=EDGE_CURVE('',#3161,#3162,#1526,.T.);
#4037=EDGE_CURVE('',#3163,#3161,#1527,.T.);
#4038=EDGE_CURVE('',#3164,#3162,#1528,.T.);
#4039=EDGE_CURVE('',#3163,#3164,#1529,.T.);
#4040=EDGE_CURVE('',#3165,#3163,#1530,.T.);
#4041=EDGE_CURVE('',#3166,#3164,#1531,.T.);
#4042=EDGE_CURVE('',#3165,#3166,#1532,.T.);
#4043=EDGE_CURVE('',#3167,#3165,#1533,.T.);
#4044=EDGE_CURVE('',#3168,#3166,#1534,.T.);
#4045=EDGE_CURVE('',#3167,#3168,#1535,.T.);
#4046=EDGE_CURVE('',#3169,#3167,#196,.T.);
#4047=EDGE_CURVE('',#3170,#3168,#197,.T.);
#4048=EDGE_CURVE('',#3169,#3170,#1536,.T.);
#4049=EDGE_CURVE('',#3171,#3169,#1537,.T.);
#4050=EDGE_CURVE('',#3172,#3170,#1538,.T.);
#4051=EDGE_CURVE('',#3171,#3172,#1539,.T.);
#4052=EDGE_CURVE('',#3173,#3171,#198,.T.);
#4053=EDGE_CURVE('',#3174,#3172,#199,.T.);
#4054=EDGE_CURVE('',#3173,#3174,#1540,.T.);
#4055=EDGE_CURVE('',#3175,#3173,#1541,.T.);
#4056=EDGE_CURVE('',#3176,#3174,#1542,.T.);
#4057=EDGE_CURVE('',#3175,#3176,#1543,.T.);
#4058=EDGE_CURVE('',#3177,#3175,#1544,.T.);
#4059=EDGE_CURVE('',#3178,#3176,#1545,.T.);
#4060=EDGE_CURVE('',#3177,#3178,#1546,.T.);
#4061=EDGE_CURVE('',#3179,#3177,#1547,.T.);
#4062=EDGE_CURVE('',#3180,#3178,#1548,.T.);
#4063=EDGE_CURVE('',#3179,#3180,#1549,.T.);
#4064=EDGE_CURVE('',#3181,#3179,#200,.T.);
#4065=EDGE_CURVE('',#3182,#3180,#201,.T.);
#4066=EDGE_CURVE('',#3181,#3182,#1550,.T.);
#4067=EDGE_CURVE('',#3183,#3181,#1551,.T.);
#4068=EDGE_CURVE('',#3184,#3182,#1552,.T.);
#4069=EDGE_CURVE('',#3183,#3184,#1553,.T.);
#4070=EDGE_CURVE('',#3185,#3183,#202,.T.);
#4071=EDGE_CURVE('',#3186,#3184,#203,.T.);
#4072=EDGE_CURVE('',#3185,#3186,#1554,.T.);
#4073=EDGE_CURVE('',#3187,#3185,#1555,.T.);
#4074=EDGE_CURVE('',#3188,#3186,#1556,.T.);
#4075=EDGE_CURVE('',#3187,#3188,#1557,.T.);
#4076=EDGE_CURVE('',#3189,#3187,#1558,.T.);
#4077=EDGE_CURVE('',#3190,#3188,#1559,.T.);
#4078=EDGE_CURVE('',#3189,#3190,#1560,.T.);
#4079=EDGE_CURVE('',#3191,#3189,#204,.T.);
#4080=EDGE_CURVE('',#3192,#3190,#205,.T.);
#4081=EDGE_CURVE('',#3191,#3192,#1561,.T.);
#4082=EDGE_CURVE('',#3193,#3191,#1562,.T.);
#4083=EDGE_CURVE('',#3194,#3192,#1563,.T.);
#4084=EDGE_CURVE('',#3193,#3194,#1564,.T.);
#4085=EDGE_CURVE('',#3195,#3193,#1565,.T.);
#4086=EDGE_CURVE('',#3196,#3194,#1566,.T.);
#4087=EDGE_CURVE('',#3195,#3196,#1567,.T.);
#4088=EDGE_CURVE('',#3197,#3195,#206,.T.);
#4089=EDGE_CURVE('',#3198,#3196,#207,.T.);
#4090=EDGE_CURVE('',#3197,#3198,#1568,.T.);
#4091=EDGE_CURVE('',#3199,#3197,#1569,.T.);
#4092=EDGE_CURVE('',#3200,#3198,#1570,.T.);
#4093=EDGE_CURVE('',#3199,#3200,#1571,.T.);
#4094=EDGE_CURVE('',#3201,#3199,#208,.T.);
#4095=EDGE_CURVE('',#3202,#3200,#209,.T.);
#4096=EDGE_CURVE('',#3201,#3202,#1572,.T.);
#4097=EDGE_CURVE('',#3203,#3201,#1573,.T.);
#4098=EDGE_CURVE('',#3204,#3202,#1574,.T.);
#4099=EDGE_CURVE('',#3203,#3204,#1575,.T.);
#4100=EDGE_CURVE('',#3205,#3203,#210,.T.);
#4101=EDGE_CURVE('',#3206,#3204,#211,.T.);
#4102=EDGE_CURVE('',#3205,#3206,#1576,.T.);
#4103=EDGE_CURVE('',#3207,#3205,#1577,.T.);
#4104=EDGE_CURVE('',#3208,#3206,#1578,.T.);
#4105=EDGE_CURVE('',#3207,#3208,#1579,.T.);
#4106=EDGE_CURVE('',#3209,#3207,#212,.T.);
#4107=EDGE_CURVE('',#3210,#3208,#213,.T.);
#4108=EDGE_CURVE('',#3209,#3210,#1580,.T.);
#4109=EDGE_CURVE('',#3211,#3209,#1581,.T.);
#4110=EDGE_CURVE('',#3212,#3210,#1582,.T.);
#4111=EDGE_CURVE('',#3211,#3212,#1583,.T.);
#4112=EDGE_CURVE('',#3213,#3211,#214,.T.);
#4113=EDGE_CURVE('',#3214,#3212,#215,.T.);
#4114=EDGE_CURVE('',#3213,#3214,#1584,.T.);
#4115=EDGE_CURVE('',#3215,#3213,#1585,.T.);
#4116=EDGE_CURVE('',#3216,#3214,#1586,.T.);
#4117=EDGE_CURVE('',#3215,#3216,#1587,.T.);
#4118=EDGE_CURVE('',#3217,#3215,#216,.T.);
#4119=EDGE_CURVE('',#3218,#3216,#217,.T.);
#4120=EDGE_CURVE('',#3217,#3218,#1588,.T.);
#4121=EDGE_CURVE('',#3219,#3217,#1589,.T.);
#4122=EDGE_CURVE('',#3220,#3218,#1590,.T.);
#4123=EDGE_CURVE('',#3219,#3220,#1591,.T.);
#4124=EDGE_CURVE('',#3221,#3219,#1592,.T.);
#4125=EDGE_CURVE('',#3222,#3220,#1593,.T.);
#4126=EDGE_CURVE('',#3221,#3222,#1594,.T.);
#4127=EDGE_CURVE('',#3223,#3221,#218,.T.);
#4128=EDGE_CURVE('',#3224,#3222,#219,.T.);
#4129=EDGE_CURVE('',#3223,#3224,#1595,.T.);
#4130=EDGE_CURVE('',#3225,#3223,#1596,.T.);
#4131=EDGE_CURVE('',#3226,#3224,#1597,.T.);
#4132=EDGE_CURVE('',#3225,#3226,#1598,.T.);
#4133=EDGE_CURVE('',#3227,#3225,#1599,.T.);
#4134=EDGE_CURVE('',#3228,#3226,#1600,.T.);
#4135=EDGE_CURVE('',#3227,#3228,#1601,.T.);
#4136=EDGE_CURVE('',#3229,#3227,#220,.T.);
#4137=EDGE_CURVE('',#3230,#3228,#221,.T.);
#4138=EDGE_CURVE('',#3229,#3230,#1602,.T.);
#4139=EDGE_CURVE('',#3231,#3229,#1603,.T.);
#4140=EDGE_CURVE('',#3232,#3230,#1604,.T.);
#4141=EDGE_CURVE('',#3231,#3232,#1605,.T.);
#4142=EDGE_CURVE('',#3233,#3231,#222,.T.);
#4143=EDGE_CURVE('',#3234,#3232,#223,.T.);
#4144=EDGE_CURVE('',#3233,#3234,#1606,.T.);
#4145=EDGE_CURVE('',#3235,#3233,#1607,.T.);
#4146=EDGE_CURVE('',#3236,#3234,#1608,.T.);
#4147=EDGE_CURVE('',#3235,#3236,#1609,.T.);
#4148=EDGE_CURVE('',#3237,#3235,#1610,.T.);
#4149=EDGE_CURVE('',#3238,#3236,#1611,.T.);
#4150=EDGE_CURVE('',#3237,#3238,#1612,.T.);
#4151=EDGE_CURVE('',#3239,#3237,#224,.T.);
#4152=EDGE_CURVE('',#3240,#3238,#225,.T.);
#4153=EDGE_CURVE('',#3239,#3240,#1613,.T.);
#4154=EDGE_CURVE('',#3241,#3239,#1614,.T.);
#4155=EDGE_CURVE('',#3242,#3240,#1615,.T.);
#4156=EDGE_CURVE('',#3241,#3242,#1616,.T.);
#4157=EDGE_CURVE('',#3243,#3241,#1617,.T.);
#4158=EDGE_CURVE('',#3244,#3242,#1618,.T.);
#4159=EDGE_CURVE('',#3243,#3244,#1619,.T.);
#4160=EDGE_CURVE('',#3245,#3243,#226,.T.);
#4161=EDGE_CURVE('',#3246,#3244,#227,.T.);
#4162=EDGE_CURVE('',#3245,#3246,#1620,.T.);
#4163=EDGE_CURVE('',#3247,#3245,#1621,.T.);
#4164=EDGE_CURVE('',#3248,#3246,#1622,.T.);
#4165=EDGE_CURVE('',#3247,#3248,#1623,.T.);
#4166=EDGE_CURVE('',#3249,#3247,#228,.T.);
#4167=EDGE_CURVE('',#3250,#3248,#229,.T.);
#4168=EDGE_CURVE('',#3249,#3250,#1624,.T.);
#4169=EDGE_CURVE('',#3251,#3249,#1625,.T.);
#4170=EDGE_CURVE('',#3252,#3250,#1626,.T.);
#4171=EDGE_CURVE('',#3251,#3252,#1627,.T.);
#4172=EDGE_CURVE('',#3253,#3251,#230,.T.);
#4173=EDGE_CURVE('',#3254,#3252,#231,.T.);
#4174=EDGE_CURVE('',#3253,#3254,#1628,.T.);
#4175=EDGE_CURVE('',#3255,#3253,#1629,.T.);
#4176=EDGE_CURVE('',#3256,#3254,#1630,.T.);
#4177=EDGE_CURVE('',#3255,#3256,#1631,.T.);
#4178=EDGE_CURVE('',#3257,#3255,#232,.T.);
#4179=EDGE_CURVE('',#3258,#3256,#233,.T.);
#4180=EDGE_CURVE('',#3257,#3258,#1632,.T.);
#4181=EDGE_CURVE('',#3259,#3257,#1633,.T.);
#4182=EDGE_CURVE('',#3260,#3258,#1634,.T.);
#4183=EDGE_CURVE('',#3259,#3260,#1635,.T.);
#4184=EDGE_CURVE('',#3261,#3259,#234,.T.);
#4185=EDGE_CURVE('',#3262,#3260,#235,.T.);
#4186=EDGE_CURVE('',#3261,#3262,#1636,.T.);
#4187=EDGE_CURVE('',#3263,#3261,#1637,.T.);
#4188=EDGE_CURVE('',#3264,#3262,#1638,.T.);
#4189=EDGE_CURVE('',#3263,#3264,#1639,.T.);
#4190=EDGE_CURVE('',#3265,#3263,#236,.T.);
#4191=EDGE_CURVE('',#3266,#3264,#237,.T.);
#4192=EDGE_CURVE('',#3265,#3266,#1640,.T.);
#4193=EDGE_CURVE('',#3148,#3265,#1641,.T.);
#4194=EDGE_CURVE('',#3149,#3266,#1642,.T.);
#4195=EDGE_CURVE('',#3267,#3268,#1643,.T.);
#4196=EDGE_CURVE('',#3268,#3269,#1644,.T.);
#4197=EDGE_CURVE('',#3270,#3269,#1645,.T.);
#4198=EDGE_CURVE('',#3267,#3270,#1646,.T.);
#4199=EDGE_CURVE('',#3271,#3267,#238,.T.);
#4200=EDGE_CURVE('',#3272,#3270,#239,.T.);
#4201=EDGE_CURVE('',#3271,#3272,#1647,.T.);
#4202=EDGE_CURVE('',#3273,#3271,#1648,.T.);
#4203=EDGE_CURVE('',#3274,#3272,#1649,.T.);
#4204=EDGE_CURVE('',#3273,#3274,#1650,.T.);
#4205=EDGE_CURVE('',#3275,#3273,#240,.T.);
#4206=EDGE_CURVE('',#3276,#3274,#241,.T.);
#4207=EDGE_CURVE('',#3275,#3276,#1651,.T.);
#4208=EDGE_CURVE('',#3277,#3275,#1652,.T.);
#4209=EDGE_CURVE('',#3278,#3276,#1653,.T.);
#4210=EDGE_CURVE('',#3277,#3278,#1654,.T.);
#4211=EDGE_CURVE('',#3279,#3277,#242,.T.);
#4212=EDGE_CURVE('',#3280,#3278,#243,.T.);
#4213=EDGE_CURVE('',#3279,#3280,#1655,.T.);
#4214=EDGE_CURVE('',#3281,#3279,#1656,.T.);
#4215=EDGE_CURVE('',#3282,#3280,#1657,.T.);
#4216=EDGE_CURVE('',#3281,#3282,#1658,.T.);
#4217=EDGE_CURVE('',#3268,#3281,#244,.T.);
#4218=EDGE_CURVE('',#3269,#3282,#245,.T.);
#4219=EDGE_CURVE('',#3283,#3284,#1659,.T.);
#4220=EDGE_CURVE('',#3284,#3285,#1660,.T.);
#4221=EDGE_CURVE('',#3286,#3285,#1661,.T.);
#4222=EDGE_CURVE('',#3283,#3286,#1662,.T.);
#4223=EDGE_CURVE('',#3287,#3283,#246,.T.);
#4224=EDGE_CURVE('',#3288,#3286,#247,.T.);
#4225=EDGE_CURVE('',#3287,#3288,#1663,.T.);
#4226=EDGE_CURVE('',#3289,#3287,#1664,.T.);
#4227=EDGE_CURVE('',#3290,#3288,#1665,.T.);
#4228=EDGE_CURVE('',#3289,#3290,#1666,.T.);
#4229=EDGE_CURVE('',#3291,#3289,#248,.T.);
#4230=EDGE_CURVE('',#3292,#3290,#249,.T.);
#4231=EDGE_CURVE('',#3291,#3292,#1667,.T.);
#4232=EDGE_CURVE('',#3293,#3291,#1668,.T.);
#4233=EDGE_CURVE('',#3294,#3292,#1669,.T.);
#4234=EDGE_CURVE('',#3293,#3294,#1670,.T.);
#4235=EDGE_CURVE('',#3295,#3293,#250,.T.);
#4236=EDGE_CURVE('',#3296,#3294,#251,.T.);
#4237=EDGE_CURVE('',#3295,#3296,#1671,.T.);
#4238=EDGE_CURVE('',#3297,#3295,#1672,.T.);
#4239=EDGE_CURVE('',#3298,#3296,#1673,.T.);
#4240=EDGE_CURVE('',#3297,#3298,#1674,.T.);
#4241=EDGE_CURVE('',#3284,#3297,#252,.T.);
#4242=EDGE_CURVE('',#3285,#3298,#253,.T.);
#4243=EDGE_CURVE('',#3299,#3300,#1675,.T.);
#4244=EDGE_CURVE('',#3300,#3301,#1676,.T.);
#4245=EDGE_CURVE('',#3302,#3301,#1677,.T.);
#4246=EDGE_CURVE('',#3299,#3302,#1678,.T.);
#4247=EDGE_CURVE('',#3303,#3299,#254,.T.);
#4248=EDGE_CURVE('',#3304,#3302,#255,.T.);
#4249=EDGE_CURVE('',#3303,#3304,#1679,.T.);
#4250=EDGE_CURVE('',#3305,#3303,#1680,.T.);
#4251=EDGE_CURVE('',#3306,#3304,#1681,.T.);
#4252=EDGE_CURVE('',#3305,#3306,#1682,.T.);
#4253=EDGE_CURVE('',#3307,#3305,#256,.T.);
#4254=EDGE_CURVE('',#3308,#3306,#257,.T.);
#4255=EDGE_CURVE('',#3307,#3308,#1683,.T.);
#4256=EDGE_CURVE('',#3309,#3307,#1684,.T.);
#4257=EDGE_CURVE('',#3310,#3308,#1685,.T.);
#4258=EDGE_CURVE('',#3309,#3310,#1686,.T.);
#4259=EDGE_CURVE('',#3311,#3309,#258,.T.);
#4260=EDGE_CURVE('',#3312,#3310,#259,.T.);
#4261=EDGE_CURVE('',#3311,#3312,#1687,.T.);
#4262=EDGE_CURVE('',#3313,#3311,#1688,.T.);
#4263=EDGE_CURVE('',#3314,#3312,#1689,.T.);
#4264=EDGE_CURVE('',#3313,#3314,#1690,.T.);
#4265=EDGE_CURVE('',#3300,#3313,#260,.T.);
#4266=EDGE_CURVE('',#3301,#3314,#261,.T.);
#4267=EDGE_CURVE('',#3315,#3316,#1691,.T.);
#4268=EDGE_CURVE('',#3316,#3317,#1692,.T.);
#4269=EDGE_CURVE('',#3318,#3317,#1693,.T.);
#4270=EDGE_CURVE('',#3315,#3318,#1694,.T.);
#4271=EDGE_CURVE('',#3319,#3315,#262,.T.);
#4272=EDGE_CURVE('',#3320,#3318,#263,.T.);
#4273=EDGE_CURVE('',#3319,#3320,#1695,.T.);
#4274=EDGE_CURVE('',#3321,#3319,#1696,.T.);
#4275=EDGE_CURVE('',#3322,#3320,#1697,.T.);
#4276=EDGE_CURVE('',#3321,#3322,#1698,.T.);
#4277=EDGE_CURVE('',#3323,#3321,#1699,.T.);
#4278=EDGE_CURVE('',#3324,#3322,#1700,.T.);
#4279=EDGE_CURVE('',#3323,#3324,#1701,.T.);
#4280=EDGE_CURVE('',#3325,#3323,#264,.T.);
#4281=EDGE_CURVE('',#3326,#3324,#265,.T.);
#4282=EDGE_CURVE('',#3325,#3326,#1702,.T.);
#4283=EDGE_CURVE('',#3327,#3325,#1703,.T.);
#4284=EDGE_CURVE('',#3328,#3326,#1704,.T.);
#4285=EDGE_CURVE('',#3327,#3328,#1705,.T.);
#4286=EDGE_CURVE('',#3329,#3327,#266,.T.);
#4287=EDGE_CURVE('',#3330,#3328,#267,.T.);
#4288=EDGE_CURVE('',#3329,#3330,#1706,.T.);
#4289=EDGE_CURVE('',#3331,#3329,#1707,.T.);
#4290=EDGE_CURVE('',#3332,#3330,#1708,.T.);
#4291=EDGE_CURVE('',#3331,#3332,#1709,.T.);
#4292=EDGE_CURVE('',#3333,#3331,#1710,.T.);
#4293=EDGE_CURVE('',#3334,#3332,#1711,.T.);
#4294=EDGE_CURVE('',#3333,#3334,#1712,.T.);
#4295=EDGE_CURVE('',#3335,#3333,#1713,.T.);
#4296=EDGE_CURVE('',#3336,#3334,#1714,.T.);
#4297=EDGE_CURVE('',#3335,#3336,#1715,.T.);
#4298=EDGE_CURVE('',#3337,#3335,#268,.T.);
#4299=EDGE_CURVE('',#3338,#3336,#269,.T.);
#4300=EDGE_CURVE('',#3337,#3338,#1716,.T.);
#4301=EDGE_CURVE('',#3339,#3337,#1717,.T.);
#4302=EDGE_CURVE('',#3340,#3338,#1718,.T.);
#4303=EDGE_CURVE('',#3339,#3340,#1719,.T.);
#4304=EDGE_CURVE('',#3341,#3339,#270,.T.);
#4305=EDGE_CURVE('',#3342,#3340,#271,.T.);
#4306=EDGE_CURVE('',#3341,#3342,#1720,.T.);
#4307=EDGE_CURVE('',#3343,#3341,#1721,.T.);
#4308=EDGE_CURVE('',#3344,#3342,#1722,.T.);
#4309=EDGE_CURVE('',#3343,#3344,#1723,.T.);
#4310=EDGE_CURVE('',#3345,#3343,#1724,.T.);
#4311=EDGE_CURVE('',#3346,#3344,#1725,.T.);
#4312=EDGE_CURVE('',#3345,#3346,#1726,.T.);
#4313=EDGE_CURVE('',#3347,#3345,#1727,.T.);
#4314=EDGE_CURVE('',#3348,#3346,#1728,.T.);
#4315=EDGE_CURVE('',#3347,#3348,#1729,.T.);
#4316=EDGE_CURVE('',#3349,#3347,#272,.T.);
#4317=EDGE_CURVE('',#3350,#3348,#273,.T.);
#4318=EDGE_CURVE('',#3349,#3350,#1730,.T.);
#4319=EDGE_CURVE('',#3351,#3349,#1731,.T.);
#4320=EDGE_CURVE('',#3352,#3350,#1732,.T.);
#4321=EDGE_CURVE('',#3351,#3352,#1733,.T.);
#4322=EDGE_CURVE('',#3353,#3351,#274,.T.);
#4323=EDGE_CURVE('',#3354,#3352,#275,.T.);
#4324=EDGE_CURVE('',#3353,#3354,#1734,.T.);
#4325=EDGE_CURVE('',#3355,#3353,#1735,.T.);
#4326=EDGE_CURVE('',#3356,#3354,#1736,.T.);
#4327=EDGE_CURVE('',#3355,#3356,#1737,.T.);
#4328=EDGE_CURVE('',#3357,#3355,#1738,.T.);
#4329=EDGE_CURVE('',#3358,#3356,#1739,.T.);
#4330=EDGE_CURVE('',#3357,#3358,#1740,.T.);
#4331=EDGE_CURVE('',#3359,#3357,#276,.T.);
#4332=EDGE_CURVE('',#3360,#3358,#277,.T.);
#4333=EDGE_CURVE('',#3359,#3360,#1741,.T.);
#4334=EDGE_CURVE('',#3361,#3359,#1742,.T.);
#4335=EDGE_CURVE('',#3362,#3360,#1743,.T.);
#4336=EDGE_CURVE('',#3361,#3362,#1744,.T.);
#4337=EDGE_CURVE('',#3363,#3361,#1745,.T.);
#4338=EDGE_CURVE('',#3364,#3362,#1746,.T.);
#4339=EDGE_CURVE('',#3363,#3364,#1747,.T.);
#4340=EDGE_CURVE('',#3365,#3363,#278,.T.);
#4341=EDGE_CURVE('',#3366,#3364,#279,.T.);
#4342=EDGE_CURVE('',#3365,#3366,#1748,.T.);
#4343=EDGE_CURVE('',#3367,#3365,#1749,.T.);
#4344=EDGE_CURVE('',#3368,#3366,#1750,.T.);
#4345=EDGE_CURVE('',#3367,#3368,#1751,.T.);
#4346=EDGE_CURVE('',#3369,#3367,#280,.T.);
#4347=EDGE_CURVE('',#3370,#3368,#281,.T.);
#4348=EDGE_CURVE('',#3369,#3370,#1752,.T.);
#4349=EDGE_CURVE('',#3371,#3369,#1753,.T.);
#4350=EDGE_CURVE('',#3372,#3370,#1754,.T.);
#4351=EDGE_CURVE('',#3371,#3372,#1755,.T.);
#4352=EDGE_CURVE('',#3373,#3371,#282,.T.);
#4353=EDGE_CURVE('',#3374,#3372,#283,.T.);
#4354=EDGE_CURVE('',#3373,#3374,#1756,.T.);
#4355=EDGE_CURVE('',#3375,#3373,#1757,.T.);
#4356=EDGE_CURVE('',#3376,#3374,#1758,.T.);
#4357=EDGE_CURVE('',#3375,#3376,#1759,.T.);
#4358=EDGE_CURVE('',#3377,#3375,#284,.T.);
#4359=EDGE_CURVE('',#3378,#3376,#285,.T.);
#4360=EDGE_CURVE('',#3377,#3378,#1760,.T.);
#4361=EDGE_CURVE('',#3379,#3377,#1761,.T.);
#4362=EDGE_CURVE('',#3380,#3378,#1762,.T.);
#4363=EDGE_CURVE('',#3379,#3380,#1763,.T.);
#4364=EDGE_CURVE('',#3381,#3379,#286,.T.);
#4365=EDGE_CURVE('',#3382,#3380,#287,.T.);
#4366=EDGE_CURVE('',#3381,#3382,#1764,.T.);
#4367=EDGE_CURVE('',#3383,#3381,#1765,.T.);
#4368=EDGE_CURVE('',#3384,#3382,#1766,.T.);
#4369=EDGE_CURVE('',#3383,#3384,#1767,.T.);
#4370=EDGE_CURVE('',#3385,#3383,#288,.T.);
#4371=EDGE_CURVE('',#3386,#3384,#289,.T.);
#4372=EDGE_CURVE('',#3385,#3386,#1768,.T.);
#4373=EDGE_CURVE('',#3387,#3385,#1769,.T.);
#4374=EDGE_CURVE('',#3388,#3386,#1770,.T.);
#4375=EDGE_CURVE('',#3387,#3388,#1771,.T.);
#4376=EDGE_CURVE('',#3389,#3387,#1772,.T.);
#4377=EDGE_CURVE('',#3390,#3388,#1773,.T.);
#4378=EDGE_CURVE('',#3389,#3390,#1774,.T.);
#4379=EDGE_CURVE('',#3391,#3389,#290,.T.);
#4380=EDGE_CURVE('',#3392,#3390,#291,.T.);
#4381=EDGE_CURVE('',#3391,#3392,#1775,.T.);
#4382=EDGE_CURVE('',#3393,#3391,#1776,.T.);
#4383=EDGE_CURVE('',#3394,#3392,#1777,.T.);
#4384=EDGE_CURVE('',#3393,#3394,#1778,.T.);
#4385=EDGE_CURVE('',#3395,#3393,#1779,.T.);
#4386=EDGE_CURVE('',#3396,#3394,#1780,.T.);
#4387=EDGE_CURVE('',#3395,#3396,#1781,.T.);
#4388=EDGE_CURVE('',#3397,#3395,#292,.T.);
#4389=EDGE_CURVE('',#3398,#3396,#293,.T.);
#4390=EDGE_CURVE('',#3397,#3398,#1782,.T.);
#4391=EDGE_CURVE('',#3399,#3397,#1783,.T.);
#4392=EDGE_CURVE('',#3400,#3398,#1784,.T.);
#4393=EDGE_CURVE('',#3399,#3400,#1785,.T.);
#4394=EDGE_CURVE('',#3401,#3399,#294,.T.);
#4395=EDGE_CURVE('',#3402,#3400,#295,.T.);
#4396=EDGE_CURVE('',#3401,#3402,#1786,.T.);
#4397=EDGE_CURVE('',#3403,#3401,#1787,.T.);
#4398=EDGE_CURVE('',#3404,#3402,#1788,.T.);
#4399=EDGE_CURVE('',#3403,#3404,#1789,.T.);
#4400=EDGE_CURVE('',#3405,#3403,#1790,.T.);
#4401=EDGE_CURVE('',#3406,#3404,#1791,.T.);
#4402=EDGE_CURVE('',#3405,#3406,#1792,.T.);
#4403=EDGE_CURVE('',#3407,#3405,#296,.T.);
#4404=EDGE_CURVE('',#3408,#3406,#297,.T.);
#4405=EDGE_CURVE('',#3407,#3408,#1793,.T.);
#4406=EDGE_CURVE('',#3409,#3407,#1794,.T.);
#4407=EDGE_CURVE('',#3410,#3408,#1795,.T.);
#4408=EDGE_CURVE('',#3409,#3410,#1796,.T.);
#4409=EDGE_CURVE('',#3411,#3409,#1797,.T.);
#4410=EDGE_CURVE('',#3412,#3410,#1798,.T.);
#4411=EDGE_CURVE('',#3411,#3412,#1799,.T.);
#4412=EDGE_CURVE('',#3413,#3411,#298,.T.);
#4413=EDGE_CURVE('',#3414,#3412,#299,.T.);
#4414=EDGE_CURVE('',#3413,#3414,#1800,.T.);
#4415=EDGE_CURVE('',#3415,#3413,#1801,.T.);
#4416=EDGE_CURVE('',#3416,#3414,#1802,.T.);
#4417=EDGE_CURVE('',#3415,#3416,#1803,.T.);
#4418=EDGE_CURVE('',#3417,#3415,#300,.T.);
#4419=EDGE_CURVE('',#3418,#3416,#301,.T.);
#4420=EDGE_CURVE('',#3417,#3418,#1804,.T.);
#4421=EDGE_CURVE('',#3419,#3417,#1805,.T.);
#4422=EDGE_CURVE('',#3420,#3418,#1806,.T.);
#4423=EDGE_CURVE('',#3419,#3420,#1807,.T.);
#4424=EDGE_CURVE('',#3421,#3419,#302,.T.);
#4425=EDGE_CURVE('',#3422,#3420,#303,.T.);
#4426=EDGE_CURVE('',#3421,#3422,#1808,.T.);
#4427=EDGE_CURVE('',#3423,#3421,#1809,.T.);
#4428=EDGE_CURVE('',#3424,#3422,#1810,.T.);
#4429=EDGE_CURVE('',#3423,#3424,#1811,.T.);
#4430=EDGE_CURVE('',#3425,#3423,#304,.T.);
#4431=EDGE_CURVE('',#3426,#3424,#305,.T.);
#4432=EDGE_CURVE('',#3425,#3426,#1812,.T.);
#4433=EDGE_CURVE('',#3427,#3425,#1813,.T.);
#4434=EDGE_CURVE('',#3428,#3426,#1814,.T.);
#4435=EDGE_CURVE('',#3427,#3428,#1815,.T.);
#4436=EDGE_CURVE('',#3429,#3427,#306,.T.);
#4437=EDGE_CURVE('',#3430,#3428,#307,.T.);
#4438=EDGE_CURVE('',#3429,#3430,#1816,.T.);
#4439=EDGE_CURVE('',#3431,#3429,#1817,.T.);
#4440=EDGE_CURVE('',#3432,#3430,#1818,.T.);
#4441=EDGE_CURVE('',#3431,#3432,#1819,.T.);
#4442=EDGE_CURVE('',#3433,#3431,#308,.T.);
#4443=EDGE_CURVE('',#3434,#3432,#309,.T.);
#4444=EDGE_CURVE('',#3433,#3434,#1820,.T.);
#4445=EDGE_CURVE('',#3316,#3433,#1821,.T.);
#4446=EDGE_CURVE('',#3317,#3434,#1822,.T.);
#4447=EDGE_CURVE('',#3435,#3436,#1823,.T.);
#4448=EDGE_CURVE('',#3435,#3437,#1824,.T.);
#4449=EDGE_CURVE('',#3438,#3437,#1825,.T.);
#4450=EDGE_CURVE('',#3436,#3438,#1826,.T.);
#4451=EDGE_CURVE('',#3436,#3439,#1827,.T.);
#4452=EDGE_CURVE('',#3440,#3438,#1828,.T.);
#4453=EDGE_CURVE('',#3439,#3440,#1829,.T.);
#4454=EDGE_CURVE('',#3441,#3439,#1830,.T.);
#4455=EDGE_CURVE('',#3442,#3440,#1831,.T.);
#4456=EDGE_CURVE('',#3441,#3442,#1832,.T.);
#4457=EDGE_CURVE('',#3435,#3441,#1833,.T.);
#4458=EDGE_CURVE('',#3437,#3442,#1834,.T.);
#4459=EDGE_CURVE('',#3443,#3444,#1835,.T.);
#4460=EDGE_CURVE('',#3445,#3443,#1836,.T.);
#4461=EDGE_CURVE('',#3446,#3445,#1837,.T.);
#4462=EDGE_CURVE('',#3446,#3444,#1838,.T.);
#4463=EDGE_CURVE('',#3444,#3447,#1839,.T.);
#4464=EDGE_CURVE('',#3448,#3446,#1840,.T.);
#4465=EDGE_CURVE('',#3447,#3448,#1841,.T.);
#4466=EDGE_CURVE('',#3449,#3443,#1842,.T.);
#4467=EDGE_CURVE('',#3450,#3449,#1843,.T.);
#4468=EDGE_CURVE('',#3445,#3450,#1844,.T.);
#4469=EDGE_CURVE('',#3451,#3447,#1845,.T.);
#4470=EDGE_CURVE('',#3452,#3451,#1846,.T.);
#4471=EDGE_CURVE('',#3452,#3453,#1847,.T.);
#4472=EDGE_CURVE('',#3454,#3453,#1848,.T.);
#4473=EDGE_CURVE('',#3455,#3454,#1849,.T.);
#4474=EDGE_CURVE('',#3455,#3456,#1850,.T.);
#4475=EDGE_CURVE('',#3456,#3457,#1851,.T.);
#4476=EDGE_CURVE('',#3457,#3458,#1852,.T.);
#4477=EDGE_CURVE('',#3449,#3458,#1853,.T.);
#4478=EDGE_CURVE('',#3448,#3459,#1854,.T.);
#4479=EDGE_CURVE('',#3459,#3460,#1855,.T.);
#4480=EDGE_CURVE('',#3460,#3461,#1856,.T.);
#4481=EDGE_CURVE('',#3461,#3451,#1857,.T.);
#4482=EDGE_CURVE('',#3462,#3463,#1858,.T.);
#4483=EDGE_CURVE('',#3464,#3462,#1859,.T.);
#4484=EDGE_CURVE('',#3465,#3464,#1860,.T.);
#4485=EDGE_CURVE('',#3463,#3465,#1861,.T.);
#4486=EDGE_CURVE('',#3466,#3467,#1862,.T.);
#4487=EDGE_CURVE('',#3468,#3466,#1863,.T.);
#4488=EDGE_CURVE('',#3469,#3468,#1864,.T.);
#4489=EDGE_CURVE('',#3467,#3469,#1865,.T.);
#4490=EDGE_CURVE('',#3463,#3470,#1866,.T.);
#4491=EDGE_CURVE('',#3471,#3465,#1867,.T.);
#4492=EDGE_CURVE('',#3470,#3471,#1868,.T.);
#4493=EDGE_CURVE('',#3470,#3472,#1869,.T.);
#4494=EDGE_CURVE('',#3473,#3471,#1870,.T.);
#4495=EDGE_CURVE('',#3472,#3473,#1871,.T.);
#4496=EDGE_CURVE('',#3474,#3475,#1872,.T.);
#4497=EDGE_CURVE('',#3476,#3474,#1873,.T.);
#4498=EDGE_CURVE('',#3477,#3476,#1874,.T.);
#4499=EDGE_CURVE('',#3477,#3475,#1875,.T.);
#4500=EDGE_CURVE('',#3475,#3466,#1876,.T.);
#4501=EDGE_CURVE('',#3468,#3477,#1877,.T.);
#4502=EDGE_CURVE('',#3478,#3479,#1878,.T.);
#4503=EDGE_CURVE('',#3480,#3478,#1879,.T.);
#4504=EDGE_CURVE('',#3481,#3480,#1880,.T.);
#4505=EDGE_CURVE('',#3479,#3481,#1881,.T.);
#4506=EDGE_CURVE('',#3482,#3483,#1882,.T.);
#4507=EDGE_CURVE('',#3484,#3482,#1883,.T.);
#4508=EDGE_CURVE('',#3485,#3484,#1884,.T.);
#4509=EDGE_CURVE('',#3483,#3485,#1885,.T.);
#4510=EDGE_CURVE('',#3479,#3486,#1886,.T.);
#4511=EDGE_CURVE('',#3487,#3481,#1887,.T.);
#4512=EDGE_CURVE('',#3486,#3487,#1888,.T.);
#4513=EDGE_CURVE('',#3486,#3488,#1889,.T.);
#4514=EDGE_CURVE('',#3489,#3487,#1890,.T.);
#4515=EDGE_CURVE('',#3488,#3489,#1891,.T.);
#4516=EDGE_CURVE('',#3461,#3490,#1892,.T.);
#4517=EDGE_CURVE('',#3491,#3460,#1893,.T.);
#4518=EDGE_CURVE('',#3491,#3490,#1894,.T.);
#4519=EDGE_CURVE('',#3490,#3482,#1895,.T.);
#4520=EDGE_CURVE('',#3484,#3491,#1896,.T.);
#4521=EDGE_CURVE('',#3485,#3476,#1897,.T.);
#4522=EDGE_CURVE('',#3459,#3492,#1898,.T.);
#4523=EDGE_CURVE('',#3493,#3492,#1899,.T.);
#4524=EDGE_CURVE('',#3494,#3493,#1900,.T.);
#4525=EDGE_CURVE('',#3469,#3494,#1901,.T.);
#4526=EDGE_CURVE('',#3478,#3472,#1902,.T.);
#4527=EDGE_CURVE('',#3458,#3488,#1903,.T.);
#4528=EDGE_CURVE('',#3495,#3457,#1904,.T.);
#4529=EDGE_CURVE('',#3495,#3496,#1905,.T.);
#4530=EDGE_CURVE('',#3462,#3496,#1906,.T.);
#4531=EDGE_CURVE('',#3489,#3497,#1907,.T.);
#4532=EDGE_CURVE('',#3497,#3450,#1908,.T.);
#4533=EDGE_CURVE('',#3473,#3480,#1909,.T.);
#4534=EDGE_CURVE('',#3474,#3483,#1910,.T.);
#4535=EDGE_CURVE('',#3494,#3498,#1911,.T.);
#4536=EDGE_CURVE('',#3498,#3464,#1912,.T.);
#4537=EDGE_CURVE('',#3496,#3499,#1913,.T.);
#4538=EDGE_CURVE('',#3499,#3467,#1914,.T.);
#4539=EDGE_CURVE('',#3500,#3453,#1915,.T.);
#4540=EDGE_CURVE('',#3501,#3500,#1916,.T.);
#4541=EDGE_CURVE('',#3454,#3501,#1917,.T.);
#4542=EDGE_CURVE('',#3456,#3502,#1918,.T.);
#4543=EDGE_CURVE('',#3503,#3455,#1919,.T.);
#4544=EDGE_CURVE('',#3502,#3503,#1920,.T.);
#4545=EDGE_CURVE('',#3504,#3493,#1921,.T.);
#4546=EDGE_CURVE('',#3492,#3505,#1922,.T.);
#4547=EDGE_CURVE('',#3505,#3504,#1923,.T.);
#4548=EDGE_CURVE('',#3506,#3501,#1924,.T.);
#4549=EDGE_CURVE('',#3507,#3506,#1925,.T.);
#4550=EDGE_CURVE('',#3508,#3507,#1926,.T.);
#4551=EDGE_CURVE('',#3509,#3508,#1927,.T.);
#4552=EDGE_CURVE('',#3503,#3509,#1928,.T.);
#4553=EDGE_CURVE('',#3500,#3510,#1929,.T.);
#4554=EDGE_CURVE('',#3510,#3506,#1930,.T.);
#4555=EDGE_CURVE('',#3511,#3499,#1931,.T.);
#4556=EDGE_CURVE('',#3452,#3511,#1932,.T.);
#4557=EDGE_CURVE('',#3511,#3495,#1933,.T.);
#4558=EDGE_CURVE('',#3497,#3505,#1934,.T.);
#4559=EDGE_CURVE('',#3504,#3498,#1935,.T.);
#4560=EDGE_CURVE('',#3512,#3502,#1936,.T.);
#4561=EDGE_CURVE('',#3513,#3512,#1937,.T.);
#4562=EDGE_CURVE('',#3513,#3514,#1938,.T.);
#4563=EDGE_CURVE('',#3514,#3510,#1939,.T.);
#4564=EDGE_CURVE('',#3514,#3507,#1940,.T.);
#4565=EDGE_CURVE('',#3513,#3508,#1941,.T.);
#4566=EDGE_CURVE('',#3509,#3512,#1942,.T.);
#4567=EDGE_CURVE('',#3515,#3516,#1943,.T.);
#4568=EDGE_CURVE('',#3517,#3515,#1944,.T.);
#4569=EDGE_CURVE('',#3518,#3517,#1945,.T.);
#4570=EDGE_CURVE('',#3516,#3518,#1946,.T.);
#4571=EDGE_CURVE('',#3519,#3520,#1947,.T.);
#4572=EDGE_CURVE('',#3521,#3519,#1948,.T.);
#4573=EDGE_CURVE('',#3522,#3521,#1949,.T.);
#4574=EDGE_CURVE('',#3522,#3520,#1950,.T.);
#4575=EDGE_CURVE('',#3520,#3515,#1951,.T.);
#4576=EDGE_CURVE('',#3517,#3522,#1952,.T.);
#4577=EDGE_CURVE('',#3523,#3521,#1953,.T.);
#4578=EDGE_CURVE('',#3524,#3523,#1954,.T.);
#4579=EDGE_CURVE('',#3525,#3524,#1955,.T.);
#4580=EDGE_CURVE('',#3525,#3526,#1956,.T.);
#4581=EDGE_CURVE('',#3518,#3526,#1957,.T.);
#4582=EDGE_CURVE('',#3519,#3527,#1958,.T.);
#4583=EDGE_CURVE('',#3527,#3528,#1959,.T.);
#4584=EDGE_CURVE('',#3528,#3529,#1960,.T.);
#4585=EDGE_CURVE('',#3529,#3523,#1961,.T.);
#4586=EDGE_CURVE('',#3526,#3530,#1962,.T.);
#4587=EDGE_CURVE('',#3530,#3531,#1963,.T.);
#4588=EDGE_CURVE('',#3531,#3532,#1964,.T.);
#4589=EDGE_CURVE('',#3532,#3516,#1965,.T.);
#4590=EDGE_CURVE('',#3533,#3534,#1966,.T.);
#4591=EDGE_CURVE('',#3535,#3533,#1967,.T.);
#4592=EDGE_CURVE('',#3536,#3535,#1968,.T.);
#4593=EDGE_CURVE('',#3534,#3536,#1969,.T.);
#4594=EDGE_CURVE('',#3537,#3538,#1970,.T.);
#4595=EDGE_CURVE('',#3539,#3537,#1971,.T.);
#4596=EDGE_CURVE('',#3540,#3539,#1972,.T.);
#4597=EDGE_CURVE('',#3538,#3540,#1973,.T.);
#4598=EDGE_CURVE('',#3534,#3541,#1974,.T.);
#4599=EDGE_CURVE('',#3542,#3536,#1975,.T.);
#4600=EDGE_CURVE('',#3541,#3542,#1976,.T.);
#4601=EDGE_CURVE('',#3541,#3543,#1977,.T.);
#4602=EDGE_CURVE('',#3544,#3542,#1978,.T.);
#4603=EDGE_CURVE('',#3543,#3544,#1979,.T.);
#4604=EDGE_CURVE('',#3545,#3546,#1980,.T.);
#4605=EDGE_CURVE('',#3547,#3545,#1981,.T.);
#4606=EDGE_CURVE('',#3548,#3547,#1982,.T.);
#4607=EDGE_CURVE('',#3548,#3546,#1983,.T.);
#4608=EDGE_CURVE('',#3546,#3537,#1984,.T.);
#4609=EDGE_CURVE('',#3539,#3548,#1985,.T.);
#4610=EDGE_CURVE('',#3531,#3549,#1986,.T.);
#4611=EDGE_CURVE('',#3550,#3530,#1987,.T.);
#4612=EDGE_CURVE('',#3549,#3550,#1988,.T.);
#4613=EDGE_CURVE('',#3551,#3528,#1989,.T.);
#4614=EDGE_CURVE('',#3552,#3551,#1990,.T.);
#4615=EDGE_CURVE('',#3529,#3552,#1991,.T.);
#4616=EDGE_CURVE('',#3549,#3553,#1992,.T.);
#4617=EDGE_CURVE('',#3554,#3550,#1993,.T.);
#4618=EDGE_CURVE('',#3553,#3554,#1994,.T.);
#4619=EDGE_CURVE('',#3553,#3555,#1995,.T.);
#4620=EDGE_CURVE('',#3556,#3554,#1996,.T.);
#4621=EDGE_CURVE('',#3555,#3556,#1997,.T.);
#4622=EDGE_CURVE('',#3557,#3558,#1998,.T.);
#4623=EDGE_CURVE('',#3559,#3557,#1999,.T.);
#4624=EDGE_CURVE('',#3560,#3559,#2000,.T.);
#4625=EDGE_CURVE('',#3560,#3558,#2001,.T.);
#4626=EDGE_CURVE('',#3558,#3551,#2002,.T.);
#4627=EDGE_CURVE('',#3552,#3560,#2003,.T.);
#4628=EDGE_CURVE('',#3561,#3547,#2004,.T.);
#4629=EDGE_CURVE('',#3562,#3561,#2005,.T.);
#4630=EDGE_CURVE('',#3524,#3562,#2006,.T.);
#4631=EDGE_CURVE('',#3540,#3559,#2007,.T.);
#4632=EDGE_CURVE('',#3563,#3543,#2008,.T.);
#4633=EDGE_CURVE('',#3564,#3563,#2009,.T.);
#4634=EDGE_CURVE('',#3565,#3564,#2010,.T.);
#4635=EDGE_CURVE('',#3565,#3532,#2011,.T.);
#4636=EDGE_CURVE('',#3533,#3555,#2012,.T.);
#4637=EDGE_CURVE('',#3556,#3535,#2013,.T.);
#4638=EDGE_CURVE('',#3545,#3566,#2014,.T.);
#4639=EDGE_CURVE('',#3566,#3563,#2015,.T.);
#4640=EDGE_CURVE('',#3544,#3567,#2016,.T.);
#4641=EDGE_CURVE('',#3567,#3561,#2017,.T.);
#4642=EDGE_CURVE('',#3557,#3538,#2018,.T.);
#4643=EDGE_CURVE('',#3568,#3566,#2019,.T.);
#4644=EDGE_CURVE('',#3564,#3568,#2020,.T.);
#4645=EDGE_CURVE('',#3569,#3525,#2021,.T.);
#4646=EDGE_CURVE('',#3569,#3567,#2022,.T.);
#4647=EDGE_CURVE('',#3570,#3565,#2023,.T.);
#4648=EDGE_CURVE('',#3570,#3527,#2024,.T.);
#4649=EDGE_CURVE('',#3568,#3570,#2025,.T.);
#4650=EDGE_CURVE('',#3562,#3569,#2026,.T.);
#4651=ORIENTED_EDGE('',*,*,#3571,.T.);
#4652=ORIENTED_EDGE('',*,*,#3572,.T.);
#4653=ORIENTED_EDGE('',*,*,#3573,.F.);
#4654=ORIENTED_EDGE('',*,*,#3574,.F.);
#4655=ORIENTED_EDGE('',*,*,#3575,.T.);
#4656=ORIENTED_EDGE('',*,*,#3574,.T.);
#4657=ORIENTED_EDGE('',*,*,#3576,.F.);
#4658=ORIENTED_EDGE('',*,*,#3577,.F.);
#4659=ORIENTED_EDGE('',*,*,#3578,.T.);
#4660=ORIENTED_EDGE('',*,*,#3577,.T.);
#4661=ORIENTED_EDGE('',*,*,#3579,.F.);
#4662=ORIENTED_EDGE('',*,*,#3580,.F.);
#4663=ORIENTED_EDGE('',*,*,#3581,.T.);
#4664=ORIENTED_EDGE('',*,*,#3580,.T.);
#4665=ORIENTED_EDGE('',*,*,#3582,.F.);
#4666=ORIENTED_EDGE('',*,*,#3583,.F.);
#4667=ORIENTED_EDGE('',*,*,#3584,.T.);
#4668=ORIENTED_EDGE('',*,*,#3583,.T.);
#4669=ORIENTED_EDGE('',*,*,#3585,.F.);
#4670=ORIENTED_EDGE('',*,*,#3586,.F.);
#4671=ORIENTED_EDGE('',*,*,#3587,.T.);
#4672=ORIENTED_EDGE('',*,*,#3586,.T.);
#4673=ORIENTED_EDGE('',*,*,#3588,.F.);
#4674=ORIENTED_EDGE('',*,*,#3589,.F.);
#4675=ORIENTED_EDGE('',*,*,#3590,.T.);
#4676=ORIENTED_EDGE('',*,*,#3589,.T.);
#4677=ORIENTED_EDGE('',*,*,#3591,.F.);
#4678=ORIENTED_EDGE('',*,*,#3592,.F.);
#4679=ORIENTED_EDGE('',*,*,#3593,.T.);
#4680=ORIENTED_EDGE('',*,*,#3592,.T.);
#4681=ORIENTED_EDGE('',*,*,#3594,.F.);
#4682=ORIENTED_EDGE('',*,*,#3572,.F.);
#4683=ORIENTED_EDGE('',*,*,#3595,.T.);
#4684=ORIENTED_EDGE('',*,*,#3596,.T.);
#4685=ORIENTED_EDGE('',*,*,#3597,.F.);
#4686=ORIENTED_EDGE('',*,*,#3598,.F.);
#4687=ORIENTED_EDGE('',*,*,#3599,.T.);
#4688=ORIENTED_EDGE('',*,*,#3598,.T.);
#4689=ORIENTED_EDGE('',*,*,#3600,.F.);
#4690=ORIENTED_EDGE('',*,*,#3601,.F.);
#4691=ORIENTED_EDGE('',*,*,#3602,.T.);
#4692=ORIENTED_EDGE('',*,*,#3601,.T.);
#4693=ORIENTED_EDGE('',*,*,#3603,.F.);
#4694=ORIENTED_EDGE('',*,*,#3604,.F.);
#4695=ORIENTED_EDGE('',*,*,#3605,.T.);
#4696=ORIENTED_EDGE('',*,*,#3604,.T.);
#4697=ORIENTED_EDGE('',*,*,#3606,.F.);
#4698=ORIENTED_EDGE('',*,*,#3607,.F.);
#4699=ORIENTED_EDGE('',*,*,#3608,.T.);
#4700=ORIENTED_EDGE('',*,*,#3607,.T.);
#4701=ORIENTED_EDGE('',*,*,#3609,.F.);
#4702=ORIENTED_EDGE('',*,*,#3610,.F.);
#4703=ORIENTED_EDGE('',*,*,#3611,.T.);
#4704=ORIENTED_EDGE('',*,*,#3610,.T.);
#4705=ORIENTED_EDGE('',*,*,#3612,.F.);
#4706=ORIENTED_EDGE('',*,*,#3613,.F.);
#4707=ORIENTED_EDGE('',*,*,#3614,.T.);
#4708=ORIENTED_EDGE('',*,*,#3613,.T.);
#4709=ORIENTED_EDGE('',*,*,#3615,.F.);
#4710=ORIENTED_EDGE('',*,*,#3616,.F.);
#4711=ORIENTED_EDGE('',*,*,#3617,.T.);
#4712=ORIENTED_EDGE('',*,*,#3616,.T.);
#4713=ORIENTED_EDGE('',*,*,#3618,.F.);
#4714=ORIENTED_EDGE('',*,*,#3596,.F.);
#4715=ORIENTED_EDGE('',*,*,#3619,.T.);
#4716=ORIENTED_EDGE('',*,*,#3620,.T.);
#4717=ORIENTED_EDGE('',*,*,#3621,.F.);
#4718=ORIENTED_EDGE('',*,*,#3622,.F.);
#4719=ORIENTED_EDGE('',*,*,#3623,.T.);
#4720=ORIENTED_EDGE('',*,*,#3622,.T.);
#4721=ORIENTED_EDGE('',*,*,#3624,.F.);
#4722=ORIENTED_EDGE('',*,*,#3625,.F.);
#4723=ORIENTED_EDGE('',*,*,#3626,.T.);
#4724=ORIENTED_EDGE('',*,*,#3625,.T.);
#4725=ORIENTED_EDGE('',*,*,#3627,.F.);
#4726=ORIENTED_EDGE('',*,*,#3628,.F.);
#4727=ORIENTED_EDGE('',*,*,#3629,.T.);
#4728=ORIENTED_EDGE('',*,*,#3628,.T.);
#4729=ORIENTED_EDGE('',*,*,#3630,.F.);
#4730=ORIENTED_EDGE('',*,*,#3631,.F.);
#4731=ORIENTED_EDGE('',*,*,#3632,.T.);
#4732=ORIENTED_EDGE('',*,*,#3631,.T.);
#4733=ORIENTED_EDGE('',*,*,#3633,.F.);
#4734=ORIENTED_EDGE('',*,*,#3634,.F.);
#4735=ORIENTED_EDGE('',*,*,#3635,.T.);
#4736=ORIENTED_EDGE('',*,*,#3634,.T.);
#4737=ORIENTED_EDGE('',*,*,#3636,.F.);
#4738=ORIENTED_EDGE('',*,*,#3637,.F.);
#4739=ORIENTED_EDGE('',*,*,#3638,.T.);
#4740=ORIENTED_EDGE('',*,*,#3637,.T.);
#4741=ORIENTED_EDGE('',*,*,#3639,.F.);
#4742=ORIENTED_EDGE('',*,*,#3640,.F.);
#4743=ORIENTED_EDGE('',*,*,#3641,.T.);
#4744=ORIENTED_EDGE('',*,*,#3640,.T.);
#4745=ORIENTED_EDGE('',*,*,#3642,.F.);
#4746=ORIENTED_EDGE('',*,*,#3620,.F.);
#4747=ORIENTED_EDGE('',*,*,#3643,.T.);
#4748=ORIENTED_EDGE('',*,*,#3644,.T.);
#4749=ORIENTED_EDGE('',*,*,#3645,.F.);
#4750=ORIENTED_EDGE('',*,*,#3646,.F.);
#4751=ORIENTED_EDGE('',*,*,#3647,.T.);
#4752=ORIENTED_EDGE('',*,*,#3646,.T.);
#4753=ORIENTED_EDGE('',*,*,#3648,.F.);
#4754=ORIENTED_EDGE('',*,*,#3649,.F.);
#4755=ORIENTED_EDGE('',*,*,#3650,.T.);
#4756=ORIENTED_EDGE('',*,*,#3649,.T.);
#4757=ORIENTED_EDGE('',*,*,#3651,.F.);
#4758=ORIENTED_EDGE('',*,*,#3652,.F.);
#4759=ORIENTED_EDGE('',*,*,#3653,.T.);
#4760=ORIENTED_EDGE('',*,*,#3652,.T.);
#4761=ORIENTED_EDGE('',*,*,#3654,.F.);
#4762=ORIENTED_EDGE('',*,*,#3655,.F.);
#4763=ORIENTED_EDGE('',*,*,#3656,.T.);
#4764=ORIENTED_EDGE('',*,*,#3655,.T.);
#4765=ORIENTED_EDGE('',*,*,#3657,.F.);
#4766=ORIENTED_EDGE('',*,*,#3658,.F.);
#4767=ORIENTED_EDGE('',*,*,#3659,.T.);
#4768=ORIENTED_EDGE('',*,*,#3658,.T.);
#4769=ORIENTED_EDGE('',*,*,#3660,.F.);
#4770=ORIENTED_EDGE('',*,*,#3661,.F.);
#4771=ORIENTED_EDGE('',*,*,#3662,.T.);
#4772=ORIENTED_EDGE('',*,*,#3661,.T.);
#4773=ORIENTED_EDGE('',*,*,#3663,.F.);
#4774=ORIENTED_EDGE('',*,*,#3664,.F.);
#4775=ORIENTED_EDGE('',*,*,#3665,.T.);
#4776=ORIENTED_EDGE('',*,*,#3664,.T.);
#4777=ORIENTED_EDGE('',*,*,#3666,.F.);
#4778=ORIENTED_EDGE('',*,*,#3644,.F.);
#4779=ORIENTED_EDGE('',*,*,#3667,.T.);
#4780=ORIENTED_EDGE('',*,*,#3668,.T.);
#4781=ORIENTED_EDGE('',*,*,#3669,.F.);
#4782=ORIENTED_EDGE('',*,*,#3670,.F.);
#4783=ORIENTED_EDGE('',*,*,#3671,.T.);
#4784=ORIENTED_EDGE('',*,*,#3670,.T.);
#4785=ORIENTED_EDGE('',*,*,#3672,.F.);
#4786=ORIENTED_EDGE('',*,*,#3673,.F.);
#4787=ORIENTED_EDGE('',*,*,#3674,.T.);
#4788=ORIENTED_EDGE('',*,*,#3673,.T.);
#4789=ORIENTED_EDGE('',*,*,#3675,.F.);
#4790=ORIENTED_EDGE('',*,*,#3676,.F.);
#4791=ORIENTED_EDGE('',*,*,#3677,.T.);
#4792=ORIENTED_EDGE('',*,*,#3676,.T.);
#4793=ORIENTED_EDGE('',*,*,#3678,.F.);
#4794=ORIENTED_EDGE('',*,*,#3679,.F.);
#4795=ORIENTED_EDGE('',*,*,#3680,.T.);
#4796=ORIENTED_EDGE('',*,*,#3679,.T.);
#4797=ORIENTED_EDGE('',*,*,#3681,.F.);
#4798=ORIENTED_EDGE('',*,*,#3682,.F.);
#4799=ORIENTED_EDGE('',*,*,#3683,.T.);
#4800=ORIENTED_EDGE('',*,*,#3682,.T.);
#4801=ORIENTED_EDGE('',*,*,#3684,.F.);
#4802=ORIENTED_EDGE('',*,*,#3685,.F.);
#4803=ORIENTED_EDGE('',*,*,#3686,.T.);
#4804=ORIENTED_EDGE('',*,*,#3685,.T.);
#4805=ORIENTED_EDGE('',*,*,#3687,.F.);
#4806=ORIENTED_EDGE('',*,*,#3688,.F.);
#4807=ORIENTED_EDGE('',*,*,#3689,.T.);
#4808=ORIENTED_EDGE('',*,*,#3688,.T.);
#4809=ORIENTED_EDGE('',*,*,#3690,.F.);
#4810=ORIENTED_EDGE('',*,*,#3668,.F.);
#4811=ORIENTED_EDGE('',*,*,#3691,.T.);
#4812=ORIENTED_EDGE('',*,*,#3692,.T.);
#4813=ORIENTED_EDGE('',*,*,#3693,.F.);
#4814=ORIENTED_EDGE('',*,*,#3694,.F.);
#4815=ORIENTED_EDGE('',*,*,#3695,.T.);
#4816=ORIENTED_EDGE('',*,*,#3694,.T.);
#4817=ORIENTED_EDGE('',*,*,#3696,.F.);
#4818=ORIENTED_EDGE('',*,*,#3697,.F.);
#4819=ORIENTED_EDGE('',*,*,#3698,.T.);
#4820=ORIENTED_EDGE('',*,*,#3697,.T.);
#4821=ORIENTED_EDGE('',*,*,#3699,.F.);
#4822=ORIENTED_EDGE('',*,*,#3700,.F.);
#4823=ORIENTED_EDGE('',*,*,#3701,.T.);
#4824=ORIENTED_EDGE('',*,*,#3700,.T.);
#4825=ORIENTED_EDGE('',*,*,#3702,.F.);
#4826=ORIENTED_EDGE('',*,*,#3703,.F.);
#4827=ORIENTED_EDGE('',*,*,#3704,.T.);
#4828=ORIENTED_EDGE('',*,*,#3703,.T.);
#4829=ORIENTED_EDGE('',*,*,#3705,.F.);
#4830=ORIENTED_EDGE('',*,*,#3706,.F.);
#4831=ORIENTED_EDGE('',*,*,#3707,.T.);
#4832=ORIENTED_EDGE('',*,*,#3706,.T.);
#4833=ORIENTED_EDGE('',*,*,#3708,.F.);
#4834=ORIENTED_EDGE('',*,*,#3709,.F.);
#4835=ORIENTED_EDGE('',*,*,#3710,.T.);
#4836=ORIENTED_EDGE('',*,*,#3709,.T.);
#4837=ORIENTED_EDGE('',*,*,#3711,.F.);
#4838=ORIENTED_EDGE('',*,*,#3712,.F.);
#4839=ORIENTED_EDGE('',*,*,#3713,.T.);
#4840=ORIENTED_EDGE('',*,*,#3712,.T.);
#4841=ORIENTED_EDGE('',*,*,#3714,.F.);
#4842=ORIENTED_EDGE('',*,*,#3692,.F.);
#4843=ORIENTED_EDGE('',*,*,#3715,.T.);
#4844=ORIENTED_EDGE('',*,*,#3716,.T.);
#4845=ORIENTED_EDGE('',*,*,#3717,.F.);
#4846=ORIENTED_EDGE('',*,*,#3718,.F.);
#4847=ORIENTED_EDGE('',*,*,#3719,.T.);
#4848=ORIENTED_EDGE('',*,*,#3718,.T.);
#4849=ORIENTED_EDGE('',*,*,#3720,.F.);
#4850=ORIENTED_EDGE('',*,*,#3721,.F.);
#4851=ORIENTED_EDGE('',*,*,#3722,.T.);
#4852=ORIENTED_EDGE('',*,*,#3721,.T.);
#4853=ORIENTED_EDGE('',*,*,#3723,.F.);
#4854=ORIENTED_EDGE('',*,*,#3724,.F.);
#4855=ORIENTED_EDGE('',*,*,#3725,.T.);
#4856=ORIENTED_EDGE('',*,*,#3724,.T.);
#4857=ORIENTED_EDGE('',*,*,#3726,.F.);
#4858=ORIENTED_EDGE('',*,*,#3727,.F.);
#4859=ORIENTED_EDGE('',*,*,#3728,.T.);
#4860=ORIENTED_EDGE('',*,*,#3727,.T.);
#4861=ORIENTED_EDGE('',*,*,#3729,.F.);
#4862=ORIENTED_EDGE('',*,*,#3730,.F.);
#4863=ORIENTED_EDGE('',*,*,#3731,.T.);
#4864=ORIENTED_EDGE('',*,*,#3730,.T.);
#4865=ORIENTED_EDGE('',*,*,#3732,.F.);
#4866=ORIENTED_EDGE('',*,*,#3733,.F.);
#4867=ORIENTED_EDGE('',*,*,#3734,.T.);
#4868=ORIENTED_EDGE('',*,*,#3733,.T.);
#4869=ORIENTED_EDGE('',*,*,#3735,.F.);
#4870=ORIENTED_EDGE('',*,*,#3736,.F.);
#4871=ORIENTED_EDGE('',*,*,#3737,.T.);
#4872=ORIENTED_EDGE('',*,*,#3736,.T.);
#4873=ORIENTED_EDGE('',*,*,#3738,.F.);
#4874=ORIENTED_EDGE('',*,*,#3716,.F.);
#4875=ORIENTED_EDGE('',*,*,#3739,.T.);
#4876=ORIENTED_EDGE('',*,*,#3740,.T.);
#4877=ORIENTED_EDGE('',*,*,#3741,.F.);
#4878=ORIENTED_EDGE('',*,*,#3742,.F.);
#4879=ORIENTED_EDGE('',*,*,#3743,.T.);
#4880=ORIENTED_EDGE('',*,*,#3742,.T.);
#4881=ORIENTED_EDGE('',*,*,#3744,.F.);
#4882=ORIENTED_EDGE('',*,*,#3745,.F.);
#4883=ORIENTED_EDGE('',*,*,#3746,.T.);
#4884=ORIENTED_EDGE('',*,*,#3745,.T.);
#4885=ORIENTED_EDGE('',*,*,#3747,.F.);
#4886=ORIENTED_EDGE('',*,*,#3748,.F.);
#4887=ORIENTED_EDGE('',*,*,#3749,.T.);
#4888=ORIENTED_EDGE('',*,*,#3748,.T.);
#4889=ORIENTED_EDGE('',*,*,#3750,.F.);
#4890=ORIENTED_EDGE('',*,*,#3751,.F.);
#4891=ORIENTED_EDGE('',*,*,#3752,.T.);
#4892=ORIENTED_EDGE('',*,*,#3751,.T.);
#4893=ORIENTED_EDGE('',*,*,#3753,.F.);
#4894=ORIENTED_EDGE('',*,*,#3754,.F.);
#4895=ORIENTED_EDGE('',*,*,#3755,.T.);
#4896=ORIENTED_EDGE('',*,*,#3754,.T.);
#4897=ORIENTED_EDGE('',*,*,#3756,.F.);
#4898=ORIENTED_EDGE('',*,*,#3757,.F.);
#4899=ORIENTED_EDGE('',*,*,#3758,.T.);
#4900=ORIENTED_EDGE('',*,*,#3757,.T.);
#4901=ORIENTED_EDGE('',*,*,#3759,.F.);
#4902=ORIENTED_EDGE('',*,*,#3760,.F.);
#4903=ORIENTED_EDGE('',*,*,#3761,.T.);
#4904=ORIENTED_EDGE('',*,*,#3760,.T.);
#4905=ORIENTED_EDGE('',*,*,#3762,.F.);
#4906=ORIENTED_EDGE('',*,*,#3740,.F.);
#4907=ORIENTED_EDGE('',*,*,#3763,.T.);
#4908=ORIENTED_EDGE('',*,*,#3764,.T.);
#4909=ORIENTED_EDGE('',*,*,#3765,.F.);
#4910=ORIENTED_EDGE('',*,*,#3766,.F.);
#4911=ORIENTED_EDGE('',*,*,#3767,.T.);
#4912=ORIENTED_EDGE('',*,*,#3766,.T.);
#4913=ORIENTED_EDGE('',*,*,#3768,.F.);
#4914=ORIENTED_EDGE('',*,*,#3769,.F.);
#4915=ORIENTED_EDGE('',*,*,#3770,.T.);
#4916=ORIENTED_EDGE('',*,*,#3769,.T.);
#4917=ORIENTED_EDGE('',*,*,#3771,.F.);
#4918=ORIENTED_EDGE('',*,*,#3772,.F.);
#4919=ORIENTED_EDGE('',*,*,#3773,.T.);
#4920=ORIENTED_EDGE('',*,*,#3772,.T.);
#4921=ORIENTED_EDGE('',*,*,#3774,.F.);
#4922=ORIENTED_EDGE('',*,*,#3775,.F.);
#4923=ORIENTED_EDGE('',*,*,#3776,.T.);
#4924=ORIENTED_EDGE('',*,*,#3775,.T.);
#4925=ORIENTED_EDGE('',*,*,#3777,.F.);
#4926=ORIENTED_EDGE('',*,*,#3778,.F.);
#4927=ORIENTED_EDGE('',*,*,#3779,.T.);
#4928=ORIENTED_EDGE('',*,*,#3778,.T.);
#4929=ORIENTED_EDGE('',*,*,#3780,.F.);
#4930=ORIENTED_EDGE('',*,*,#3781,.F.);
#4931=ORIENTED_EDGE('',*,*,#3782,.T.);
#4932=ORIENTED_EDGE('',*,*,#3781,.T.);
#4933=ORIENTED_EDGE('',*,*,#3783,.F.);
#4934=ORIENTED_EDGE('',*,*,#3784,.F.);
#4935=ORIENTED_EDGE('',*,*,#3785,.T.);
#4936=ORIENTED_EDGE('',*,*,#3784,.T.);
#4937=ORIENTED_EDGE('',*,*,#3786,.F.);
#4938=ORIENTED_EDGE('',*,*,#3764,.F.);
#4939=ORIENTED_EDGE('',*,*,#3787,.T.);
#4940=ORIENTED_EDGE('',*,*,#3788,.T.);
#4941=ORIENTED_EDGE('',*,*,#3789,.F.);
#4942=ORIENTED_EDGE('',*,*,#3790,.F.);
#4943=ORIENTED_EDGE('',*,*,#3791,.T.);
#4944=ORIENTED_EDGE('',*,*,#3790,.T.);
#4945=ORIENTED_EDGE('',*,*,#3792,.F.);
#4946=ORIENTED_EDGE('',*,*,#3793,.F.);
#4947=ORIENTED_EDGE('',*,*,#3794,.T.);
#4948=ORIENTED_EDGE('',*,*,#3793,.T.);
#4949=ORIENTED_EDGE('',*,*,#3795,.F.);
#4950=ORIENTED_EDGE('',*,*,#3796,.F.);
#4951=ORIENTED_EDGE('',*,*,#3797,.T.);
#4952=ORIENTED_EDGE('',*,*,#3796,.T.);
#4953=ORIENTED_EDGE('',*,*,#3798,.F.);
#4954=ORIENTED_EDGE('',*,*,#3799,.F.);
#4955=ORIENTED_EDGE('',*,*,#3800,.T.);
#4956=ORIENTED_EDGE('',*,*,#3799,.T.);
#4957=ORIENTED_EDGE('',*,*,#3801,.F.);
#4958=ORIENTED_EDGE('',*,*,#3802,.F.);
#4959=ORIENTED_EDGE('',*,*,#3803,.T.);
#4960=ORIENTED_EDGE('',*,*,#3802,.T.);
#4961=ORIENTED_EDGE('',*,*,#3804,.F.);
#4962=ORIENTED_EDGE('',*,*,#3805,.F.);
#4963=ORIENTED_EDGE('',*,*,#3806,.T.);
#4964=ORIENTED_EDGE('',*,*,#3805,.T.);
#4965=ORIENTED_EDGE('',*,*,#3807,.F.);
#4966=ORIENTED_EDGE('',*,*,#3808,.F.);
#4967=ORIENTED_EDGE('',*,*,#3809,.T.);
#4968=ORIENTED_EDGE('',*,*,#3808,.T.);
#4969=ORIENTED_EDGE('',*,*,#3810,.F.);
#4970=ORIENTED_EDGE('',*,*,#3811,.F.);
#4971=ORIENTED_EDGE('',*,*,#3812,.T.);
#4972=ORIENTED_EDGE('',*,*,#3811,.T.);
#4973=ORIENTED_EDGE('',*,*,#3813,.F.);
#4974=ORIENTED_EDGE('',*,*,#3814,.F.);
#4975=ORIENTED_EDGE('',*,*,#3815,.T.);
#4976=ORIENTED_EDGE('',*,*,#3814,.T.);
#4977=ORIENTED_EDGE('',*,*,#3816,.F.);
#4978=ORIENTED_EDGE('',*,*,#3817,.F.);
#4979=ORIENTED_EDGE('',*,*,#3818,.T.);
#4980=ORIENTED_EDGE('',*,*,#3817,.T.);
#4981=ORIENTED_EDGE('',*,*,#3819,.F.);
#4982=ORIENTED_EDGE('',*,*,#3820,.F.);
#4983=ORIENTED_EDGE('',*,*,#3821,.T.);
#4984=ORIENTED_EDGE('',*,*,#3820,.T.);
#4985=ORIENTED_EDGE('',*,*,#3822,.F.);
#4986=ORIENTED_EDGE('',*,*,#3823,.F.);
#4987=ORIENTED_EDGE('',*,*,#3824,.T.);
#4988=ORIENTED_EDGE('',*,*,#3823,.T.);
#4989=ORIENTED_EDGE('',*,*,#3825,.F.);
#4990=ORIENTED_EDGE('',*,*,#3826,.F.);
#4991=ORIENTED_EDGE('',*,*,#3827,.T.);
#4992=ORIENTED_EDGE('',*,*,#3826,.T.);
#4993=ORIENTED_EDGE('',*,*,#3828,.F.);
#4994=ORIENTED_EDGE('',*,*,#3829,.F.);
#4995=ORIENTED_EDGE('',*,*,#3830,.T.);
#4996=ORIENTED_EDGE('',*,*,#3829,.T.);
#4997=ORIENTED_EDGE('',*,*,#3831,.F.);
#4998=ORIENTED_EDGE('',*,*,#3832,.F.);
#4999=ORIENTED_EDGE('',*,*,#3833,.T.);
#5000=ORIENTED_EDGE('',*,*,#3832,.T.);
#5001=ORIENTED_EDGE('',*,*,#3834,.F.);
#5002=ORIENTED_EDGE('',*,*,#3835,.F.);
#5003=ORIENTED_EDGE('',*,*,#3836,.T.);
#5004=ORIENTED_EDGE('',*,*,#3835,.T.);
#5005=ORIENTED_EDGE('',*,*,#3837,.F.);
#5006=ORIENTED_EDGE('',*,*,#3838,.F.);
#5007=ORIENTED_EDGE('',*,*,#3839,.T.);
#5008=ORIENTED_EDGE('',*,*,#3838,.T.);
#5009=ORIENTED_EDGE('',*,*,#3840,.F.);
#5010=ORIENTED_EDGE('',*,*,#3841,.F.);
#5011=ORIENTED_EDGE('',*,*,#3842,.T.);
#5012=ORIENTED_EDGE('',*,*,#3841,.T.);
#5013=ORIENTED_EDGE('',*,*,#3843,.F.);
#5014=ORIENTED_EDGE('',*,*,#3844,.F.);
#5015=ORIENTED_EDGE('',*,*,#3845,.T.);
#5016=ORIENTED_EDGE('',*,*,#3844,.T.);
#5017=ORIENTED_EDGE('',*,*,#3846,.F.);
#5018=ORIENTED_EDGE('',*,*,#3847,.F.);
#5019=ORIENTED_EDGE('',*,*,#3848,.T.);
#5020=ORIENTED_EDGE('',*,*,#3847,.T.);
#5021=ORIENTED_EDGE('',*,*,#3849,.F.);
#5022=ORIENTED_EDGE('',*,*,#3850,.F.);
#5023=ORIENTED_EDGE('',*,*,#3851,.T.);
#5024=ORIENTED_EDGE('',*,*,#3850,.T.);
#5025=ORIENTED_EDGE('',*,*,#3852,.F.);
#5026=ORIENTED_EDGE('',*,*,#3853,.F.);
#5027=ORIENTED_EDGE('',*,*,#3854,.T.);
#5028=ORIENTED_EDGE('',*,*,#3853,.T.);
#5029=ORIENTED_EDGE('',*,*,#3855,.F.);
#5030=ORIENTED_EDGE('',*,*,#3856,.F.);
#5031=ORIENTED_EDGE('',*,*,#3857,.T.);
#5032=ORIENTED_EDGE('',*,*,#3856,.T.);
#5033=ORIENTED_EDGE('',*,*,#3858,.F.);
#5034=ORIENTED_EDGE('',*,*,#3859,.F.);
#5035=ORIENTED_EDGE('',*,*,#3860,.T.);
#5036=ORIENTED_EDGE('',*,*,#3859,.T.);
#5037=ORIENTED_EDGE('',*,*,#3861,.F.);
#5038=ORIENTED_EDGE('',*,*,#3862,.F.);
#5039=ORIENTED_EDGE('',*,*,#3863,.T.);
#5040=ORIENTED_EDGE('',*,*,#3862,.T.);
#5041=ORIENTED_EDGE('',*,*,#3864,.F.);
#5042=ORIENTED_EDGE('',*,*,#3865,.F.);
#5043=ORIENTED_EDGE('',*,*,#3866,.T.);
#5044=ORIENTED_EDGE('',*,*,#3865,.T.);
#5045=ORIENTED_EDGE('',*,*,#3867,.F.);
#5046=ORIENTED_EDGE('',*,*,#3868,.F.);
#5047=ORIENTED_EDGE('',*,*,#3869,.T.);
#5048=ORIENTED_EDGE('',*,*,#3868,.T.);
#5049=ORIENTED_EDGE('',*,*,#3870,.F.);
#5050=ORIENTED_EDGE('',*,*,#3871,.F.);
#5051=ORIENTED_EDGE('',*,*,#3872,.T.);
#5052=ORIENTED_EDGE('',*,*,#3871,.T.);
#5053=ORIENTED_EDGE('',*,*,#3873,.F.);
#5054=ORIENTED_EDGE('',*,*,#3874,.F.);
#5055=ORIENTED_EDGE('',*,*,#3875,.T.);
#5056=ORIENTED_EDGE('',*,*,#3874,.T.);
#5057=ORIENTED_EDGE('',*,*,#3876,.F.);
#5058=ORIENTED_EDGE('',*,*,#3877,.F.);
#5059=ORIENTED_EDGE('',*,*,#3878,.T.);
#5060=ORIENTED_EDGE('',*,*,#3877,.T.);
#5061=ORIENTED_EDGE('',*,*,#3879,.F.);
#5062=ORIENTED_EDGE('',*,*,#3880,.F.);
#5063=ORIENTED_EDGE('',*,*,#3881,.T.);
#5064=ORIENTED_EDGE('',*,*,#3880,.T.);
#5065=ORIENTED_EDGE('',*,*,#3882,.F.);
#5066=ORIENTED_EDGE('',*,*,#3883,.F.);
#5067=ORIENTED_EDGE('',*,*,#3884,.T.);
#5068=ORIENTED_EDGE('',*,*,#3883,.T.);
#5069=ORIENTED_EDGE('',*,*,#3885,.F.);
#5070=ORIENTED_EDGE('',*,*,#3886,.F.);
#5071=ORIENTED_EDGE('',*,*,#3887,.T.);
#5072=ORIENTED_EDGE('',*,*,#3886,.T.);
#5073=ORIENTED_EDGE('',*,*,#3888,.F.);
#5074=ORIENTED_EDGE('',*,*,#3889,.F.);
#5075=ORIENTED_EDGE('',*,*,#3890,.T.);
#5076=ORIENTED_EDGE('',*,*,#3889,.T.);
#5077=ORIENTED_EDGE('',*,*,#3891,.F.);
#5078=ORIENTED_EDGE('',*,*,#3892,.F.);
#5079=ORIENTED_EDGE('',*,*,#3893,.T.);
#5080=ORIENTED_EDGE('',*,*,#3892,.T.);
#5081=ORIENTED_EDGE('',*,*,#3894,.F.);
#5082=ORIENTED_EDGE('',*,*,#3895,.F.);
#5083=ORIENTED_EDGE('',*,*,#3896,.T.);
#5084=ORIENTED_EDGE('',*,*,#3895,.T.);
#5085=ORIENTED_EDGE('',*,*,#3897,.F.);
#5086=ORIENTED_EDGE('',*,*,#3898,.F.);
#5087=ORIENTED_EDGE('',*,*,#3899,.T.);
#5088=ORIENTED_EDGE('',*,*,#3898,.T.);
#5089=ORIENTED_EDGE('',*,*,#3900,.F.);
#5090=ORIENTED_EDGE('',*,*,#3901,.F.);
#5091=ORIENTED_EDGE('',*,*,#3902,.T.);
#5092=ORIENTED_EDGE('',*,*,#3901,.T.);
#5093=ORIENTED_EDGE('',*,*,#3903,.F.);
#5094=ORIENTED_EDGE('',*,*,#3904,.F.);
#5095=ORIENTED_EDGE('',*,*,#3905,.T.);
#5096=ORIENTED_EDGE('',*,*,#3904,.T.);
#5097=ORIENTED_EDGE('',*,*,#3906,.F.);
#5098=ORIENTED_EDGE('',*,*,#3907,.F.);
#5099=ORIENTED_EDGE('',*,*,#3908,.T.);
#5100=ORIENTED_EDGE('',*,*,#3907,.T.);
#5101=ORIENTED_EDGE('',*,*,#3909,.F.);
#5102=ORIENTED_EDGE('',*,*,#3910,.F.);
#5103=ORIENTED_EDGE('',*,*,#3911,.T.);
#5104=ORIENTED_EDGE('',*,*,#3910,.T.);
#5105=ORIENTED_EDGE('',*,*,#3912,.F.);
#5106=ORIENTED_EDGE('',*,*,#3913,.F.);
#5107=ORIENTED_EDGE('',*,*,#3914,.T.);
#5108=ORIENTED_EDGE('',*,*,#3913,.T.);
#5109=ORIENTED_EDGE('',*,*,#3915,.F.);
#5110=ORIENTED_EDGE('',*,*,#3916,.F.);
#5111=ORIENTED_EDGE('',*,*,#3917,.T.);
#5112=ORIENTED_EDGE('',*,*,#3916,.T.);
#5113=ORIENTED_EDGE('',*,*,#3918,.F.);
#5114=ORIENTED_EDGE('',*,*,#3919,.F.);
#5115=ORIENTED_EDGE('',*,*,#3920,.T.);
#5116=ORIENTED_EDGE('',*,*,#3919,.T.);
#5117=ORIENTED_EDGE('',*,*,#3921,.F.);
#5118=ORIENTED_EDGE('',*,*,#3922,.F.);
#5119=ORIENTED_EDGE('',*,*,#3923,.T.);
#5120=ORIENTED_EDGE('',*,*,#3922,.T.);
#5121=ORIENTED_EDGE('',*,*,#3924,.F.);
#5122=ORIENTED_EDGE('',*,*,#3925,.F.);
#5123=ORIENTED_EDGE('',*,*,#3926,.T.);
#5124=ORIENTED_EDGE('',*,*,#3925,.T.);
#5125=ORIENTED_EDGE('',*,*,#3927,.F.);
#5126=ORIENTED_EDGE('',*,*,#3928,.F.);
#5127=ORIENTED_EDGE('',*,*,#3929,.T.);
#5128=ORIENTED_EDGE('',*,*,#3928,.T.);
#5129=ORIENTED_EDGE('',*,*,#3930,.F.);
#5130=ORIENTED_EDGE('',*,*,#3931,.F.);
#5131=ORIENTED_EDGE('',*,*,#3932,.T.);
#5132=ORIENTED_EDGE('',*,*,#3931,.T.);
#5133=ORIENTED_EDGE('',*,*,#3933,.F.);
#5134=ORIENTED_EDGE('',*,*,#3934,.F.);
#5135=ORIENTED_EDGE('',*,*,#3935,.T.);
#5136=ORIENTED_EDGE('',*,*,#3934,.T.);
#5137=ORIENTED_EDGE('',*,*,#3936,.F.);
#5138=ORIENTED_EDGE('',*,*,#3937,.F.);
#5139=ORIENTED_EDGE('',*,*,#3938,.T.);
#5140=ORIENTED_EDGE('',*,*,#3937,.T.);
#5141=ORIENTED_EDGE('',*,*,#3939,.F.);
#5142=ORIENTED_EDGE('',*,*,#3940,.F.);
#5143=ORIENTED_EDGE('',*,*,#3941,.T.);
#5144=ORIENTED_EDGE('',*,*,#3940,.T.);
#5145=ORIENTED_EDGE('',*,*,#3942,.F.);
#5146=ORIENTED_EDGE('',*,*,#3943,.F.);
#5147=ORIENTED_EDGE('',*,*,#3944,.T.);
#5148=ORIENTED_EDGE('',*,*,#3943,.T.);
#5149=ORIENTED_EDGE('',*,*,#3945,.F.);
#5150=ORIENTED_EDGE('',*,*,#3946,.F.);
#5151=ORIENTED_EDGE('',*,*,#3947,.T.);
#5152=ORIENTED_EDGE('',*,*,#3946,.T.);
#5153=ORIENTED_EDGE('',*,*,#3948,.F.);
#5154=ORIENTED_EDGE('',*,*,#3949,.F.);
#5155=ORIENTED_EDGE('',*,*,#3950,.T.);
#5156=ORIENTED_EDGE('',*,*,#3949,.T.);
#5157=ORIENTED_EDGE('',*,*,#3951,.F.);
#5158=ORIENTED_EDGE('',*,*,#3952,.F.);
#5159=ORIENTED_EDGE('',*,*,#3953,.T.);
#5160=ORIENTED_EDGE('',*,*,#3952,.T.);
#5161=ORIENTED_EDGE('',*,*,#3954,.F.);
#5162=ORIENTED_EDGE('',*,*,#3955,.F.);
#5163=ORIENTED_EDGE('',*,*,#3956,.T.);
#5164=ORIENTED_EDGE('',*,*,#3955,.T.);
#5165=ORIENTED_EDGE('',*,*,#3957,.F.);
#5166=ORIENTED_EDGE('',*,*,#3958,.F.);
#5167=ORIENTED_EDGE('',*,*,#3959,.T.);
#5168=ORIENTED_EDGE('',*,*,#3958,.T.);
#5169=ORIENTED_EDGE('',*,*,#3960,.F.);
#5170=ORIENTED_EDGE('',*,*,#3961,.F.);
#5171=ORIENTED_EDGE('',*,*,#3962,.T.);
#5172=ORIENTED_EDGE('',*,*,#3961,.T.);
#5173=ORIENTED_EDGE('',*,*,#3963,.F.);
#5174=ORIENTED_EDGE('',*,*,#3964,.F.);
#5175=ORIENTED_EDGE('',*,*,#3965,.T.);
#5176=ORIENTED_EDGE('',*,*,#3964,.T.);
#5177=ORIENTED_EDGE('',*,*,#3966,.F.);
#5178=ORIENTED_EDGE('',*,*,#3788,.F.);
#5179=ORIENTED_EDGE('',*,*,#3967,.T.);
#5180=ORIENTED_EDGE('',*,*,#3968,.T.);
#5181=ORIENTED_EDGE('',*,*,#3969,.F.);
#5182=ORIENTED_EDGE('',*,*,#3970,.F.);
#5183=ORIENTED_EDGE('',*,*,#3971,.T.);
#5184=ORIENTED_EDGE('',*,*,#3970,.T.);
#5185=ORIENTED_EDGE('',*,*,#3972,.F.);
#5186=ORIENTED_EDGE('',*,*,#3973,.F.);
#5187=ORIENTED_EDGE('',*,*,#3974,.T.);
#5188=ORIENTED_EDGE('',*,*,#3973,.T.);
#5189=ORIENTED_EDGE('',*,*,#3975,.F.);
#5190=ORIENTED_EDGE('',*,*,#3976,.F.);
#5191=ORIENTED_EDGE('',*,*,#3977,.T.);
#5192=ORIENTED_EDGE('',*,*,#3976,.T.);
#5193=ORIENTED_EDGE('',*,*,#3978,.F.);
#5194=ORIENTED_EDGE('',*,*,#3979,.F.);
#5195=ORIENTED_EDGE('',*,*,#3980,.T.);
#5196=ORIENTED_EDGE('',*,*,#3979,.T.);
#5197=ORIENTED_EDGE('',*,*,#3981,.F.);
#5198=ORIENTED_EDGE('',*,*,#3982,.F.);
#5199=ORIENTED_EDGE('',*,*,#3983,.T.);
#5200=ORIENTED_EDGE('',*,*,#3982,.T.);
#5201=ORIENTED_EDGE('',*,*,#3984,.F.);
#5202=ORIENTED_EDGE('',*,*,#3985,.F.);
#5203=ORIENTED_EDGE('',*,*,#3986,.T.);
#5204=ORIENTED_EDGE('',*,*,#3985,.T.);
#5205=ORIENTED_EDGE('',*,*,#3987,.F.);
#5206=ORIENTED_EDGE('',*,*,#3988,.F.);
#5207=ORIENTED_EDGE('',*,*,#3989,.T.);
#5208=ORIENTED_EDGE('',*,*,#3988,.T.);
#5209=ORIENTED_EDGE('',*,*,#3990,.F.);
#5210=ORIENTED_EDGE('',*,*,#3968,.F.);
#5211=ORIENTED_EDGE('',*,*,#3991,.T.);
#5212=ORIENTED_EDGE('',*,*,#3992,.T.);
#5213=ORIENTED_EDGE('',*,*,#3993,.F.);
#5214=ORIENTED_EDGE('',*,*,#3994,.F.);
#5215=ORIENTED_EDGE('',*,*,#3995,.T.);
#5216=ORIENTED_EDGE('',*,*,#3994,.T.);
#5217=ORIENTED_EDGE('',*,*,#3996,.F.);
#5218=ORIENTED_EDGE('',*,*,#3997,.F.);
#5219=ORIENTED_EDGE('',*,*,#3998,.T.);
#5220=ORIENTED_EDGE('',*,*,#3997,.T.);
#5221=ORIENTED_EDGE('',*,*,#3999,.F.);
#5222=ORIENTED_EDGE('',*,*,#4000,.F.);
#5223=ORIENTED_EDGE('',*,*,#4001,.T.);
#5224=ORIENTED_EDGE('',*,*,#4000,.T.);
#5225=ORIENTED_EDGE('',*,*,#4002,.F.);
#5226=ORIENTED_EDGE('',*,*,#4003,.F.);
#5227=ORIENTED_EDGE('',*,*,#4004,.T.);
#5228=ORIENTED_EDGE('',*,*,#4003,.T.);
#5229=ORIENTED_EDGE('',*,*,#4005,.F.);
#5230=ORIENTED_EDGE('',*,*,#4006,.F.);
#5231=ORIENTED_EDGE('',*,*,#4007,.T.);
#5232=ORIENTED_EDGE('',*,*,#4006,.T.);
#5233=ORIENTED_EDGE('',*,*,#4008,.F.);
#5234=ORIENTED_EDGE('',*,*,#4009,.F.);
#5235=ORIENTED_EDGE('',*,*,#4010,.T.);
#5236=ORIENTED_EDGE('',*,*,#4009,.T.);
#5237=ORIENTED_EDGE('',*,*,#4011,.F.);
#5238=ORIENTED_EDGE('',*,*,#4012,.F.);
#5239=ORIENTED_EDGE('',*,*,#4013,.T.);
#5240=ORIENTED_EDGE('',*,*,#4012,.T.);
#5241=ORIENTED_EDGE('',*,*,#4014,.F.);
#5242=ORIENTED_EDGE('',*,*,#3992,.F.);
#5243=ORIENTED_EDGE('',*,*,#4015,.T.);
#5244=ORIENTED_EDGE('',*,*,#4016,.T.);
#5245=ORIENTED_EDGE('',*,*,#4017,.F.);
#5246=ORIENTED_EDGE('',*,*,#4018,.F.);
#5247=ORIENTED_EDGE('',*,*,#4019,.T.);
#5248=ORIENTED_EDGE('',*,*,#4018,.T.);
#5249=ORIENTED_EDGE('',*,*,#4020,.F.);
#5250=ORIENTED_EDGE('',*,*,#4021,.F.);
#5251=ORIENTED_EDGE('',*,*,#4022,.T.);
#5252=ORIENTED_EDGE('',*,*,#4021,.T.);
#5253=ORIENTED_EDGE('',*,*,#4023,.F.);
#5254=ORIENTED_EDGE('',*,*,#4024,.F.);
#5255=ORIENTED_EDGE('',*,*,#4025,.T.);
#5256=ORIENTED_EDGE('',*,*,#4024,.T.);
#5257=ORIENTED_EDGE('',*,*,#4026,.F.);
#5258=ORIENTED_EDGE('',*,*,#4027,.F.);
#5259=ORIENTED_EDGE('',*,*,#4028,.T.);
#5260=ORIENTED_EDGE('',*,*,#4027,.T.);
#5261=ORIENTED_EDGE('',*,*,#4029,.F.);
#5262=ORIENTED_EDGE('',*,*,#4030,.F.);
#5263=ORIENTED_EDGE('',*,*,#4031,.T.);
#5264=ORIENTED_EDGE('',*,*,#4030,.T.);
#5265=ORIENTED_EDGE('',*,*,#4032,.F.);
#5266=ORIENTED_EDGE('',*,*,#4033,.F.);
#5267=ORIENTED_EDGE('',*,*,#4034,.T.);
#5268=ORIENTED_EDGE('',*,*,#4033,.T.);
#5269=ORIENTED_EDGE('',*,*,#4035,.F.);
#5270=ORIENTED_EDGE('',*,*,#4036,.F.);
#5271=ORIENTED_EDGE('',*,*,#4037,.T.);
#5272=ORIENTED_EDGE('',*,*,#4036,.T.);
#5273=ORIENTED_EDGE('',*,*,#4038,.F.);
#5274=ORIENTED_EDGE('',*,*,#4039,.F.);
#5275=ORIENTED_EDGE('',*,*,#4040,.T.);
#5276=ORIENTED_EDGE('',*,*,#4039,.T.);
#5277=ORIENTED_EDGE('',*,*,#4041,.F.);
#5278=ORIENTED_EDGE('',*,*,#4042,.F.);
#5279=ORIENTED_EDGE('',*,*,#4043,.T.);
#5280=ORIENTED_EDGE('',*,*,#4042,.T.);
#5281=ORIENTED_EDGE('',*,*,#4044,.F.);
#5282=ORIENTED_EDGE('',*,*,#4045,.F.);
#5283=ORIENTED_EDGE('',*,*,#4046,.T.);
#5284=ORIENTED_EDGE('',*,*,#4045,.T.);
#5285=ORIENTED_EDGE('',*,*,#4047,.F.);
#5286=ORIENTED_EDGE('',*,*,#4048,.F.);
#5287=ORIENTED_EDGE('',*,*,#4049,.T.);
#5288=ORIENTED_EDGE('',*,*,#4048,.T.);
#5289=ORIENTED_EDGE('',*,*,#4050,.F.);
#5290=ORIENTED_EDGE('',*,*,#4051,.F.);
#5291=ORIENTED_EDGE('',*,*,#4052,.T.);
#5292=ORIENTED_EDGE('',*,*,#4051,.T.);
#5293=ORIENTED_EDGE('',*,*,#4053,.F.);
#5294=ORIENTED_EDGE('',*,*,#4054,.F.);
#5295=ORIENTED_EDGE('',*,*,#4055,.T.);
#5296=ORIENTED_EDGE('',*,*,#4054,.T.);
#5297=ORIENTED_EDGE('',*,*,#4056,.F.);
#5298=ORIENTED_EDGE('',*,*,#4057,.F.);
#5299=ORIENTED_EDGE('',*,*,#4058,.T.);
#5300=ORIENTED_EDGE('',*,*,#4057,.T.);
#5301=ORIENTED_EDGE('',*,*,#4059,.F.);
#5302=ORIENTED_EDGE('',*,*,#4060,.F.);
#5303=ORIENTED_EDGE('',*,*,#4061,.T.);
#5304=ORIENTED_EDGE('',*,*,#4060,.T.);
#5305=ORIENTED_EDGE('',*,*,#4062,.F.);
#5306=ORIENTED_EDGE('',*,*,#4063,.F.);
#5307=ORIENTED_EDGE('',*,*,#4064,.T.);
#5308=ORIENTED_EDGE('',*,*,#4063,.T.);
#5309=ORIENTED_EDGE('',*,*,#4065,.F.);
#5310=ORIENTED_EDGE('',*,*,#4066,.F.);
#5311=ORIENTED_EDGE('',*,*,#4067,.T.);
#5312=ORIENTED_EDGE('',*,*,#4066,.T.);
#5313=ORIENTED_EDGE('',*,*,#4068,.F.);
#5314=ORIENTED_EDGE('',*,*,#4069,.F.);
#5315=ORIENTED_EDGE('',*,*,#4070,.T.);
#5316=ORIENTED_EDGE('',*,*,#4069,.T.);
#5317=ORIENTED_EDGE('',*,*,#4071,.F.);
#5318=ORIENTED_EDGE('',*,*,#4072,.F.);
#5319=ORIENTED_EDGE('',*,*,#4073,.T.);
#5320=ORIENTED_EDGE('',*,*,#4072,.T.);
#5321=ORIENTED_EDGE('',*,*,#4074,.F.);
#5322=ORIENTED_EDGE('',*,*,#4075,.F.);
#5323=ORIENTED_EDGE('',*,*,#4076,.T.);
#5324=ORIENTED_EDGE('',*,*,#4075,.T.);
#5325=ORIENTED_EDGE('',*,*,#4077,.F.);
#5326=ORIENTED_EDGE('',*,*,#4078,.F.);
#5327=ORIENTED_EDGE('',*,*,#4079,.T.);
#5328=ORIENTED_EDGE('',*,*,#4078,.T.);
#5329=ORIENTED_EDGE('',*,*,#4080,.F.);
#5330=ORIENTED_EDGE('',*,*,#4081,.F.);
#5331=ORIENTED_EDGE('',*,*,#4082,.T.);
#5332=ORIENTED_EDGE('',*,*,#4081,.T.);
#5333=ORIENTED_EDGE('',*,*,#4083,.F.);
#5334=ORIENTED_EDGE('',*,*,#4084,.F.);
#5335=ORIENTED_EDGE('',*,*,#4085,.T.);
#5336=ORIENTED_EDGE('',*,*,#4084,.T.);
#5337=ORIENTED_EDGE('',*,*,#4086,.F.);
#5338=ORIENTED_EDGE('',*,*,#4087,.F.);
#5339=ORIENTED_EDGE('',*,*,#4088,.T.);
#5340=ORIENTED_EDGE('',*,*,#4087,.T.);
#5341=ORIENTED_EDGE('',*,*,#4089,.F.);
#5342=ORIENTED_EDGE('',*,*,#4090,.F.);
#5343=ORIENTED_EDGE('',*,*,#4091,.T.);
#5344=ORIENTED_EDGE('',*,*,#4090,.T.);
#5345=ORIENTED_EDGE('',*,*,#4092,.F.);
#5346=ORIENTED_EDGE('',*,*,#4093,.F.);
#5347=ORIENTED_EDGE('',*,*,#4094,.T.);
#5348=ORIENTED_EDGE('',*,*,#4093,.T.);
#5349=ORIENTED_EDGE('',*,*,#4095,.F.);
#5350=ORIENTED_EDGE('',*,*,#4096,.F.);
#5351=ORIENTED_EDGE('',*,*,#4097,.T.);
#5352=ORIENTED_EDGE('',*,*,#4096,.T.);
#5353=ORIENTED_EDGE('',*,*,#4098,.F.);
#5354=ORIENTED_EDGE('',*,*,#4099,.F.);
#5355=ORIENTED_EDGE('',*,*,#4100,.T.);
#5356=ORIENTED_EDGE('',*,*,#4099,.T.);
#5357=ORIENTED_EDGE('',*,*,#4101,.F.);
#5358=ORIENTED_EDGE('',*,*,#4102,.F.);
#5359=ORIENTED_EDGE('',*,*,#4103,.T.);
#5360=ORIENTED_EDGE('',*,*,#4102,.T.);
#5361=ORIENTED_EDGE('',*,*,#4104,.F.);
#5362=ORIENTED_EDGE('',*,*,#4105,.F.);
#5363=ORIENTED_EDGE('',*,*,#4106,.T.);
#5364=ORIENTED_EDGE('',*,*,#4105,.T.);
#5365=ORIENTED_EDGE('',*,*,#4107,.F.);
#5366=ORIENTED_EDGE('',*,*,#4108,.F.);
#5367=ORIENTED_EDGE('',*,*,#4109,.T.);
#5368=ORIENTED_EDGE('',*,*,#4108,.T.);
#5369=ORIENTED_EDGE('',*,*,#4110,.F.);
#5370=ORIENTED_EDGE('',*,*,#4111,.F.);
#5371=ORIENTED_EDGE('',*,*,#4112,.T.);
#5372=ORIENTED_EDGE('',*,*,#4111,.T.);
#5373=ORIENTED_EDGE('',*,*,#4113,.F.);
#5374=ORIENTED_EDGE('',*,*,#4114,.F.);
#5375=ORIENTED_EDGE('',*,*,#4115,.T.);
#5376=ORIENTED_EDGE('',*,*,#4114,.T.);
#5377=ORIENTED_EDGE('',*,*,#4116,.F.);
#5378=ORIENTED_EDGE('',*,*,#4117,.F.);
#5379=ORIENTED_EDGE('',*,*,#4118,.T.);
#5380=ORIENTED_EDGE('',*,*,#4117,.T.);
#5381=ORIENTED_EDGE('',*,*,#4119,.F.);
#5382=ORIENTED_EDGE('',*,*,#4120,.F.);
#5383=ORIENTED_EDGE('',*,*,#4121,.T.);
#5384=ORIENTED_EDGE('',*,*,#4120,.T.);
#5385=ORIENTED_EDGE('',*,*,#4122,.F.);
#5386=ORIENTED_EDGE('',*,*,#4123,.F.);
#5387=ORIENTED_EDGE('',*,*,#4124,.T.);
#5388=ORIENTED_EDGE('',*,*,#4123,.T.);
#5389=ORIENTED_EDGE('',*,*,#4125,.F.);
#5390=ORIENTED_EDGE('',*,*,#4126,.F.);
#5391=ORIENTED_EDGE('',*,*,#4127,.T.);
#5392=ORIENTED_EDGE('',*,*,#4126,.T.);
#5393=ORIENTED_EDGE('',*,*,#4128,.F.);
#5394=ORIENTED_EDGE('',*,*,#4129,.F.);
#5395=ORIENTED_EDGE('',*,*,#4130,.T.);
#5396=ORIENTED_EDGE('',*,*,#4129,.T.);
#5397=ORIENTED_EDGE('',*,*,#4131,.F.);
#5398=ORIENTED_EDGE('',*,*,#4132,.F.);
#5399=ORIENTED_EDGE('',*,*,#4133,.T.);
#5400=ORIENTED_EDGE('',*,*,#4132,.T.);
#5401=ORIENTED_EDGE('',*,*,#4134,.F.);
#5402=ORIENTED_EDGE('',*,*,#4135,.F.);
#5403=ORIENTED_EDGE('',*,*,#4136,.T.);
#5404=ORIENTED_EDGE('',*,*,#4135,.T.);
#5405=ORIENTED_EDGE('',*,*,#4137,.F.);
#5406=ORIENTED_EDGE('',*,*,#4138,.F.);
#5407=ORIENTED_EDGE('',*,*,#4139,.T.);
#5408=ORIENTED_EDGE('',*,*,#4138,.T.);
#5409=ORIENTED_EDGE('',*,*,#4140,.F.);
#5410=ORIENTED_EDGE('',*,*,#4141,.F.);
#5411=ORIENTED_EDGE('',*,*,#4142,.T.);
#5412=ORIENTED_EDGE('',*,*,#4141,.T.);
#5413=ORIENTED_EDGE('',*,*,#4143,.F.);
#5414=ORIENTED_EDGE('',*,*,#4144,.F.);
#5415=ORIENTED_EDGE('',*,*,#4145,.T.);
#5416=ORIENTED_EDGE('',*,*,#4144,.T.);
#5417=ORIENTED_EDGE('',*,*,#4146,.F.);
#5418=ORIENTED_EDGE('',*,*,#4147,.F.);
#5419=ORIENTED_EDGE('',*,*,#4148,.T.);
#5420=ORIENTED_EDGE('',*,*,#4147,.T.);
#5421=ORIENTED_EDGE('',*,*,#4149,.F.);
#5422=ORIENTED_EDGE('',*,*,#4150,.F.);
#5423=ORIENTED_EDGE('',*,*,#4151,.T.);
#5424=ORIENTED_EDGE('',*,*,#4150,.T.);
#5425=ORIENTED_EDGE('',*,*,#4152,.F.);
#5426=ORIENTED_EDGE('',*,*,#4153,.F.);
#5427=ORIENTED_EDGE('',*,*,#4154,.T.);
#5428=ORIENTED_EDGE('',*,*,#4153,.T.);
#5429=ORIENTED_EDGE('',*,*,#4155,.F.);
#5430=ORIENTED_EDGE('',*,*,#4156,.F.);
#5431=ORIENTED_EDGE('',*,*,#4157,.T.);
#5432=ORIENTED_EDGE('',*,*,#4156,.T.);
#5433=ORIENTED_EDGE('',*,*,#4158,.F.);
#5434=ORIENTED_EDGE('',*,*,#4159,.F.);
#5435=ORIENTED_EDGE('',*,*,#4160,.T.);
#5436=ORIENTED_EDGE('',*,*,#4159,.T.);
#5437=ORIENTED_EDGE('',*,*,#4161,.F.);
#5438=ORIENTED_EDGE('',*,*,#4162,.F.);
#5439=ORIENTED_EDGE('',*,*,#4163,.T.);
#5440=ORIENTED_EDGE('',*,*,#4162,.T.);
#5441=ORIENTED_EDGE('',*,*,#4164,.F.);
#5442=ORIENTED_EDGE('',*,*,#4165,.F.);
#5443=ORIENTED_EDGE('',*,*,#4166,.T.);
#5444=ORIENTED_EDGE('',*,*,#4165,.T.);
#5445=ORIENTED_EDGE('',*,*,#4167,.F.);
#5446=ORIENTED_EDGE('',*,*,#4168,.F.);
#5447=ORIENTED_EDGE('',*,*,#4169,.T.);
#5448=ORIENTED_EDGE('',*,*,#4168,.T.);
#5449=ORIENTED_EDGE('',*,*,#4170,.F.);
#5450=ORIENTED_EDGE('',*,*,#4171,.F.);
#5451=ORIENTED_EDGE('',*,*,#4172,.T.);
#5452=ORIENTED_EDGE('',*,*,#4171,.T.);
#5453=ORIENTED_EDGE('',*,*,#4173,.F.);
#5454=ORIENTED_EDGE('',*,*,#4174,.F.);
#5455=ORIENTED_EDGE('',*,*,#4175,.T.);
#5456=ORIENTED_EDGE('',*,*,#4174,.T.);
#5457=ORIENTED_EDGE('',*,*,#4176,.F.);
#5458=ORIENTED_EDGE('',*,*,#4177,.F.);
#5459=ORIENTED_EDGE('',*,*,#4178,.T.);
#5460=ORIENTED_EDGE('',*,*,#4177,.T.);
#5461=ORIENTED_EDGE('',*,*,#4179,.F.);
#5462=ORIENTED_EDGE('',*,*,#4180,.F.);
#5463=ORIENTED_EDGE('',*,*,#4181,.T.);
#5464=ORIENTED_EDGE('',*,*,#4180,.T.);
#5465=ORIENTED_EDGE('',*,*,#4182,.F.);
#5466=ORIENTED_EDGE('',*,*,#4183,.F.);
#5467=ORIENTED_EDGE('',*,*,#4184,.T.);
#5468=ORIENTED_EDGE('',*,*,#4183,.T.);
#5469=ORIENTED_EDGE('',*,*,#4185,.F.);
#5470=ORIENTED_EDGE('',*,*,#4186,.F.);
#5471=ORIENTED_EDGE('',*,*,#4187,.T.);
#5472=ORIENTED_EDGE('',*,*,#4186,.T.);
#5473=ORIENTED_EDGE('',*,*,#4188,.F.);
#5474=ORIENTED_EDGE('',*,*,#4189,.F.);
#5475=ORIENTED_EDGE('',*,*,#4190,.T.);
#5476=ORIENTED_EDGE('',*,*,#4189,.T.);
#5477=ORIENTED_EDGE('',*,*,#4191,.F.);
#5478=ORIENTED_EDGE('',*,*,#4192,.F.);
#5479=ORIENTED_EDGE('',*,*,#4193,.T.);
#5480=ORIENTED_EDGE('',*,*,#4192,.T.);
#5481=ORIENTED_EDGE('',*,*,#4194,.F.);
#5482=ORIENTED_EDGE('',*,*,#4016,.F.);
#5483=ORIENTED_EDGE('',*,*,#4195,.T.);
#5484=ORIENTED_EDGE('',*,*,#4196,.T.);
#5485=ORIENTED_EDGE('',*,*,#4197,.F.);
#5486=ORIENTED_EDGE('',*,*,#4198,.F.);
#5487=ORIENTED_EDGE('',*,*,#4199,.T.);
#5488=ORIENTED_EDGE('',*,*,#4198,.T.);
#5489=ORIENTED_EDGE('',*,*,#4200,.F.);
#5490=ORIENTED_EDGE('',*,*,#4201,.F.);
#5491=ORIENTED_EDGE('',*,*,#4202,.T.);
#5492=ORIENTED_EDGE('',*,*,#4201,.T.);
#5493=ORIENTED_EDGE('',*,*,#4203,.F.);
#5494=ORIENTED_EDGE('',*,*,#4204,.F.);
#5495=ORIENTED_EDGE('',*,*,#4205,.T.);
#5496=ORIENTED_EDGE('',*,*,#4204,.T.);
#5497=ORIENTED_EDGE('',*,*,#4206,.F.);
#5498=ORIENTED_EDGE('',*,*,#4207,.F.);
#5499=ORIENTED_EDGE('',*,*,#4208,.T.);
#5500=ORIENTED_EDGE('',*,*,#4207,.T.);
#5501=ORIENTED_EDGE('',*,*,#4209,.F.);
#5502=ORIENTED_EDGE('',*,*,#4210,.F.);
#5503=ORIENTED_EDGE('',*,*,#4211,.T.);
#5504=ORIENTED_EDGE('',*,*,#4210,.T.);
#5505=ORIENTED_EDGE('',*,*,#4212,.F.);
#5506=ORIENTED_EDGE('',*,*,#4213,.F.);
#5507=ORIENTED_EDGE('',*,*,#4214,.T.);
#5508=ORIENTED_EDGE('',*,*,#4213,.T.);
#5509=ORIENTED_EDGE('',*,*,#4215,.F.);
#5510=ORIENTED_EDGE('',*,*,#4216,.F.);
#5511=ORIENTED_EDGE('',*,*,#4217,.T.);
#5512=ORIENTED_EDGE('',*,*,#4216,.T.);
#5513=ORIENTED_EDGE('',*,*,#4218,.F.);
#5514=ORIENTED_EDGE('',*,*,#4196,.F.);
#5515=ORIENTED_EDGE('',*,*,#4219,.T.);
#5516=ORIENTED_EDGE('',*,*,#4220,.T.);
#5517=ORIENTED_EDGE('',*,*,#4221,.F.);
#5518=ORIENTED_EDGE('',*,*,#4222,.F.);
#5519=ORIENTED_EDGE('',*,*,#4223,.T.);
#5520=ORIENTED_EDGE('',*,*,#4222,.T.);
#5521=ORIENTED_EDGE('',*,*,#4224,.F.);
#5522=ORIENTED_EDGE('',*,*,#4225,.F.);
#5523=ORIENTED_EDGE('',*,*,#4226,.T.);
#5524=ORIENTED_EDGE('',*,*,#4225,.T.);
#5525=ORIENTED_EDGE('',*,*,#4227,.F.);
#5526=ORIENTED_EDGE('',*,*,#4228,.F.);
#5527=ORIENTED_EDGE('',*,*,#4229,.T.);
#5528=ORIENTED_EDGE('',*,*,#4228,.T.);
#5529=ORIENTED_EDGE('',*,*,#4230,.F.);
#5530=ORIENTED_EDGE('',*,*,#4231,.F.);
#5531=ORIENTED_EDGE('',*,*,#4232,.T.);
#5532=ORIENTED_EDGE('',*,*,#4231,.T.);
#5533=ORIENTED_EDGE('',*,*,#4233,.F.);
#5534=ORIENTED_EDGE('',*,*,#4234,.F.);
#5535=ORIENTED_EDGE('',*,*,#4235,.T.);
#5536=ORIENTED_EDGE('',*,*,#4234,.T.);
#5537=ORIENTED_EDGE('',*,*,#4236,.F.);
#5538=ORIENTED_EDGE('',*,*,#4237,.F.);
#5539=ORIENTED_EDGE('',*,*,#4238,.T.);
#5540=ORIENTED_EDGE('',*,*,#4237,.T.);
#5541=ORIENTED_EDGE('',*,*,#4239,.F.);
#5542=ORIENTED_EDGE('',*,*,#4240,.F.);
#5543=ORIENTED_EDGE('',*,*,#4241,.T.);
#5544=ORIENTED_EDGE('',*,*,#4240,.T.);
#5545=ORIENTED_EDGE('',*,*,#4242,.F.);
#5546=ORIENTED_EDGE('',*,*,#4220,.F.);
#5547=ORIENTED_EDGE('',*,*,#4243,.T.);
#5548=ORIENTED_EDGE('',*,*,#4244,.T.);
#5549=ORIENTED_EDGE('',*,*,#4245,.F.);
#5550=ORIENTED_EDGE('',*,*,#4246,.F.);
#5551=ORIENTED_EDGE('',*,*,#4247,.T.);
#5552=ORIENTED_EDGE('',*,*,#4246,.T.);
#5553=ORIENTED_EDGE('',*,*,#4248,.F.);
#5554=ORIENTED_EDGE('',*,*,#4249,.F.);
#5555=ORIENTED_EDGE('',*,*,#4250,.T.);
#5556=ORIENTED_EDGE('',*,*,#4249,.T.);
#5557=ORIENTED_EDGE('',*,*,#4251,.F.);
#5558=ORIENTED_EDGE('',*,*,#4252,.F.);
#5559=ORIENTED_EDGE('',*,*,#4253,.T.);
#5560=ORIENTED_EDGE('',*,*,#4252,.T.);
#5561=ORIENTED_EDGE('',*,*,#4254,.F.);
#5562=ORIENTED_EDGE('',*,*,#4255,.F.);
#5563=ORIENTED_EDGE('',*,*,#4256,.T.);
#5564=ORIENTED_EDGE('',*,*,#4255,.T.);
#5565=ORIENTED_EDGE('',*,*,#4257,.F.);
#5566=ORIENTED_EDGE('',*,*,#4258,.F.);
#5567=ORIENTED_EDGE('',*,*,#4259,.T.);
#5568=ORIENTED_EDGE('',*,*,#4258,.T.);
#5569=ORIENTED_EDGE('',*,*,#4260,.F.);
#5570=ORIENTED_EDGE('',*,*,#4261,.F.);
#5571=ORIENTED_EDGE('',*,*,#4262,.T.);
#5572=ORIENTED_EDGE('',*,*,#4261,.T.);
#5573=ORIENTED_EDGE('',*,*,#4263,.F.);
#5574=ORIENTED_EDGE('',*,*,#4264,.F.);
#5575=ORIENTED_EDGE('',*,*,#4265,.T.);
#5576=ORIENTED_EDGE('',*,*,#4264,.T.);
#5577=ORIENTED_EDGE('',*,*,#4266,.F.);
#5578=ORIENTED_EDGE('',*,*,#4244,.F.);
#5579=ORIENTED_EDGE('',*,*,#4267,.T.);
#5580=ORIENTED_EDGE('',*,*,#4268,.T.);
#5581=ORIENTED_EDGE('',*,*,#4269,.F.);
#5582=ORIENTED_EDGE('',*,*,#4270,.F.);
#5583=ORIENTED_EDGE('',*,*,#4271,.T.);
#5584=ORIENTED_EDGE('',*,*,#4270,.T.);
#5585=ORIENTED_EDGE('',*,*,#4272,.F.);
#5586=ORIENTED_EDGE('',*,*,#4273,.F.);
#5587=ORIENTED_EDGE('',*,*,#4274,.T.);
#5588=ORIENTED_EDGE('',*,*,#4273,.T.);
#5589=ORIENTED_EDGE('',*,*,#4275,.F.);
#5590=ORIENTED_EDGE('',*,*,#4276,.F.);
#5591=ORIENTED_EDGE('',*,*,#4277,.T.);
#5592=ORIENTED_EDGE('',*,*,#4276,.T.);
#5593=ORIENTED_EDGE('',*,*,#4278,.F.);
#5594=ORIENTED_EDGE('',*,*,#4279,.F.);
#5595=ORIENTED_EDGE('',*,*,#4280,.T.);
#5596=ORIENTED_EDGE('',*,*,#4279,.T.);
#5597=ORIENTED_EDGE('',*,*,#4281,.F.);
#5598=ORIENTED_EDGE('',*,*,#4282,.F.);
#5599=ORIENTED_EDGE('',*,*,#4283,.T.);
#5600=ORIENTED_EDGE('',*,*,#4282,.T.);
#5601=ORIENTED_EDGE('',*,*,#4284,.F.);
#5602=ORIENTED_EDGE('',*,*,#4285,.F.);
#5603=ORIENTED_EDGE('',*,*,#4286,.T.);
#5604=ORIENTED_EDGE('',*,*,#4285,.T.);
#5605=ORIENTED_EDGE('',*,*,#4287,.F.);
#5606=ORIENTED_EDGE('',*,*,#4288,.F.);
#5607=ORIENTED_EDGE('',*,*,#4289,.T.);
#5608=ORIENTED_EDGE('',*,*,#4288,.T.);
#5609=ORIENTED_EDGE('',*,*,#4290,.F.);
#5610=ORIENTED_EDGE('',*,*,#4291,.F.);
#5611=ORIENTED_EDGE('',*,*,#4292,.T.);
#5612=ORIENTED_EDGE('',*,*,#4291,.T.);
#5613=ORIENTED_EDGE('',*,*,#4293,.F.);
#5614=ORIENTED_EDGE('',*,*,#4294,.F.);
#5615=ORIENTED_EDGE('',*,*,#4295,.T.);
#5616=ORIENTED_EDGE('',*,*,#4294,.T.);
#5617=ORIENTED_EDGE('',*,*,#4296,.F.);
#5618=ORIENTED_EDGE('',*,*,#4297,.F.);
#5619=ORIENTED_EDGE('',*,*,#4298,.T.);
#5620=ORIENTED_EDGE('',*,*,#4297,.T.);
#5621=ORIENTED_EDGE('',*,*,#4299,.F.);
#5622=ORIENTED_EDGE('',*,*,#4300,.F.);
#5623=ORIENTED_EDGE('',*,*,#4301,.T.);
#5624=ORIENTED_EDGE('',*,*,#4300,.T.);
#5625=ORIENTED_EDGE('',*,*,#4302,.F.);
#5626=ORIENTED_EDGE('',*,*,#4303,.F.);
#5627=ORIENTED_EDGE('',*,*,#4304,.T.);
#5628=ORIENTED_EDGE('',*,*,#4303,.T.);
#5629=ORIENTED_EDGE('',*,*,#4305,.F.);
#5630=ORIENTED_EDGE('',*,*,#4306,.F.);
#5631=ORIENTED_EDGE('',*,*,#4307,.T.);
#5632=ORIENTED_EDGE('',*,*,#4306,.T.);
#5633=ORIENTED_EDGE('',*,*,#4308,.F.);
#5634=ORIENTED_EDGE('',*,*,#4309,.F.);
#5635=ORIENTED_EDGE('',*,*,#4310,.T.);
#5636=ORIENTED_EDGE('',*,*,#4309,.T.);
#5637=ORIENTED_EDGE('',*,*,#4311,.F.);
#5638=ORIENTED_EDGE('',*,*,#4312,.F.);
#5639=ORIENTED_EDGE('',*,*,#4313,.T.);
#5640=ORIENTED_EDGE('',*,*,#4312,.T.);
#5641=ORIENTED_EDGE('',*,*,#4314,.F.);
#5642=ORIENTED_EDGE('',*,*,#4315,.F.);
#5643=ORIENTED_EDGE('',*,*,#4316,.T.);
#5644=ORIENTED_EDGE('',*,*,#4315,.T.);
#5645=ORIENTED_EDGE('',*,*,#4317,.F.);
#5646=ORIENTED_EDGE('',*,*,#4318,.F.);
#5647=ORIENTED_EDGE('',*,*,#4319,.T.);
#5648=ORIENTED_EDGE('',*,*,#4318,.T.);
#5649=ORIENTED_EDGE('',*,*,#4320,.F.);
#5650=ORIENTED_EDGE('',*,*,#4321,.F.);
#5651=ORIENTED_EDGE('',*,*,#4322,.T.);
#5652=ORIENTED_EDGE('',*,*,#4321,.T.);
#5653=ORIENTED_EDGE('',*,*,#4323,.F.);
#5654=ORIENTED_EDGE('',*,*,#4324,.F.);
#5655=ORIENTED_EDGE('',*,*,#4325,.T.);
#5656=ORIENTED_EDGE('',*,*,#4324,.T.);
#5657=ORIENTED_EDGE('',*,*,#4326,.F.);
#5658=ORIENTED_EDGE('',*,*,#4327,.F.);
#5659=ORIENTED_EDGE('',*,*,#4328,.T.);
#5660=ORIENTED_EDGE('',*,*,#4327,.T.);
#5661=ORIENTED_EDGE('',*,*,#4329,.F.);
#5662=ORIENTED_EDGE('',*,*,#4330,.F.);
#5663=ORIENTED_EDGE('',*,*,#4331,.T.);
#5664=ORIENTED_EDGE('',*,*,#4330,.T.);
#5665=ORIENTED_EDGE('',*,*,#4332,.F.);
#5666=ORIENTED_EDGE('',*,*,#4333,.F.);
#5667=ORIENTED_EDGE('',*,*,#4334,.T.);
#5668=ORIENTED_EDGE('',*,*,#4333,.T.);
#5669=ORIENTED_EDGE('',*,*,#4335,.F.);
#5670=ORIENTED_EDGE('',*,*,#4336,.F.);
#5671=ORIENTED_EDGE('',*,*,#4337,.T.);
#5672=ORIENTED_EDGE('',*,*,#4336,.T.);
#5673=ORIENTED_EDGE('',*,*,#4338,.F.);
#5674=ORIENTED_EDGE('',*,*,#4339,.F.);
#5675=ORIENTED_EDGE('',*,*,#4340,.T.);
#5676=ORIENTED_EDGE('',*,*,#4339,.T.);
#5677=ORIENTED_EDGE('',*,*,#4341,.F.);
#5678=ORIENTED_EDGE('',*,*,#4342,.F.);
#5679=ORIENTED_EDGE('',*,*,#4343,.T.);
#5680=ORIENTED_EDGE('',*,*,#4342,.T.);
#5681=ORIENTED_EDGE('',*,*,#4344,.F.);
#5682=ORIENTED_EDGE('',*,*,#4345,.F.);
#5683=ORIENTED_EDGE('',*,*,#4346,.T.);
#5684=ORIENTED_EDGE('',*,*,#4345,.T.);
#5685=ORIENTED_EDGE('',*,*,#4347,.F.);
#5686=ORIENTED_EDGE('',*,*,#4348,.F.);
#5687=ORIENTED_EDGE('',*,*,#4349,.T.);
#5688=ORIENTED_EDGE('',*,*,#4348,.T.);
#5689=ORIENTED_EDGE('',*,*,#4350,.F.);
#5690=ORIENTED_EDGE('',*,*,#4351,.F.);
#5691=ORIENTED_EDGE('',*,*,#4352,.T.);
#5692=ORIENTED_EDGE('',*,*,#4351,.T.);
#5693=ORIENTED_EDGE('',*,*,#4353,.F.);
#5694=ORIENTED_EDGE('',*,*,#4354,.F.);
#5695=ORIENTED_EDGE('',*,*,#4355,.T.);
#5696=ORIENTED_EDGE('',*,*,#4354,.T.);
#5697=ORIENTED_EDGE('',*,*,#4356,.F.);
#5698=ORIENTED_EDGE('',*,*,#4357,.F.);
#5699=ORIENTED_EDGE('',*,*,#4358,.T.);
#5700=ORIENTED_EDGE('',*,*,#4357,.T.);
#5701=ORIENTED_EDGE('',*,*,#4359,.F.);
#5702=ORIENTED_EDGE('',*,*,#4360,.F.);
#5703=ORIENTED_EDGE('',*,*,#4361,.T.);
#5704=ORIENTED_EDGE('',*,*,#4360,.T.);
#5705=ORIENTED_EDGE('',*,*,#4362,.F.);
#5706=ORIENTED_EDGE('',*,*,#4363,.F.);
#5707=ORIENTED_EDGE('',*,*,#4364,.T.);
#5708=ORIENTED_EDGE('',*,*,#4363,.T.);
#5709=ORIENTED_EDGE('',*,*,#4365,.F.);
#5710=ORIENTED_EDGE('',*,*,#4366,.F.);
#5711=ORIENTED_EDGE('',*,*,#4367,.T.);
#5712=ORIENTED_EDGE('',*,*,#4366,.T.);
#5713=ORIENTED_EDGE('',*,*,#4368,.F.);
#5714=ORIENTED_EDGE('',*,*,#4369,.F.);
#5715=ORIENTED_EDGE('',*,*,#4370,.T.);
#5716=ORIENTED_EDGE('',*,*,#4369,.T.);
#5717=ORIENTED_EDGE('',*,*,#4371,.F.);
#5718=ORIENTED_EDGE('',*,*,#4372,.F.);
#5719=ORIENTED_EDGE('',*,*,#4373,.T.);
#5720=ORIENTED_EDGE('',*,*,#4372,.T.);
#5721=ORIENTED_EDGE('',*,*,#4374,.F.);
#5722=ORIENTED_EDGE('',*,*,#4375,.F.);
#5723=ORIENTED_EDGE('',*,*,#4376,.T.);
#5724=ORIENTED_EDGE('',*,*,#4375,.T.);
#5725=ORIENTED_EDGE('',*,*,#4377,.F.);
#5726=ORIENTED_EDGE('',*,*,#4378,.F.);
#5727=ORIENTED_EDGE('',*,*,#4379,.T.);
#5728=ORIENTED_EDGE('',*,*,#4378,.T.);
#5729=ORIENTED_EDGE('',*,*,#4380,.F.);
#5730=ORIENTED_EDGE('',*,*,#4381,.F.);
#5731=ORIENTED_EDGE('',*,*,#4382,.T.);
#5732=ORIENTED_EDGE('',*,*,#4381,.T.);
#5733=ORIENTED_EDGE('',*,*,#4383,.F.);
#5734=ORIENTED_EDGE('',*,*,#4384,.F.);
#5735=ORIENTED_EDGE('',*,*,#4385,.T.);
#5736=ORIENTED_EDGE('',*,*,#4384,.T.);
#5737=ORIENTED_EDGE('',*,*,#4386,.F.);
#5738=ORIENTED_EDGE('',*,*,#4387,.F.);
#5739=ORIENTED_EDGE('',*,*,#4388,.T.);
#5740=ORIENTED_EDGE('',*,*,#4387,.T.);
#5741=ORIENTED_EDGE('',*,*,#4389,.F.);
#5742=ORIENTED_EDGE('',*,*,#4390,.F.);
#5743=ORIENTED_EDGE('',*,*,#4391,.T.);
#5744=ORIENTED_EDGE('',*,*,#4390,.T.);
#5745=ORIENTED_EDGE('',*,*,#4392,.F.);
#5746=ORIENTED_EDGE('',*,*,#4393,.F.);
#5747=ORIENTED_EDGE('',*,*,#4394,.T.);
#5748=ORIENTED_EDGE('',*,*,#4393,.T.);
#5749=ORIENTED_EDGE('',*,*,#4395,.F.);
#5750=ORIENTED_EDGE('',*,*,#4396,.F.);
#5751=ORIENTED_EDGE('',*,*,#4397,.T.);
#5752=ORIENTED_EDGE('',*,*,#4396,.T.);
#5753=ORIENTED_EDGE('',*,*,#4398,.F.);
#5754=ORIENTED_EDGE('',*,*,#4399,.F.);
#5755=ORIENTED_EDGE('',*,*,#4400,.T.);
#5756=ORIENTED_EDGE('',*,*,#4399,.T.);
#5757=ORIENTED_EDGE('',*,*,#4401,.F.);
#5758=ORIENTED_EDGE('',*,*,#4402,.F.);
#5759=ORIENTED_EDGE('',*,*,#4403,.T.);
#5760=ORIENTED_EDGE('',*,*,#4402,.T.);
#5761=ORIENTED_EDGE('',*,*,#4404,.F.);
#5762=ORIENTED_EDGE('',*,*,#4405,.F.);
#5763=ORIENTED_EDGE('',*,*,#4406,.T.);
#5764=ORIENTED_EDGE('',*,*,#4405,.T.);
#5765=ORIENTED_EDGE('',*,*,#4407,.F.);
#5766=ORIENTED_EDGE('',*,*,#4408,.F.);
#5767=ORIENTED_EDGE('',*,*,#4409,.T.);
#5768=ORIENTED_EDGE('',*,*,#4408,.T.);
#5769=ORIENTED_EDGE('',*,*,#4410,.F.);
#5770=ORIENTED_EDGE('',*,*,#4411,.F.);
#5771=ORIENTED_EDGE('',*,*,#4412,.T.);
#5772=ORIENTED_EDGE('',*,*,#4411,.T.);
#5773=ORIENTED_EDGE('',*,*,#4413,.F.);
#5774=ORIENTED_EDGE('',*,*,#4414,.F.);
#5775=ORIENTED_EDGE('',*,*,#4415,.T.);
#5776=ORIENTED_EDGE('',*,*,#4414,.T.);
#5777=ORIENTED_EDGE('',*,*,#4416,.F.);
#5778=ORIENTED_EDGE('',*,*,#4417,.F.);
#5779=ORIENTED_EDGE('',*,*,#4418,.T.);
#5780=ORIENTED_EDGE('',*,*,#4417,.T.);
#5781=ORIENTED_EDGE('',*,*,#4419,.F.);
#5782=ORIENTED_EDGE('',*,*,#4420,.F.);
#5783=ORIENTED_EDGE('',*,*,#4421,.T.);
#5784=ORIENTED_EDGE('',*,*,#4420,.T.);
#5785=ORIENTED_EDGE('',*,*,#4422,.F.);
#5786=ORIENTED_EDGE('',*,*,#4423,.F.);
#5787=ORIENTED_EDGE('',*,*,#4424,.T.);
#5788=ORIENTED_EDGE('',*,*,#4423,.T.);
#5789=ORIENTED_EDGE('',*,*,#4425,.F.);
#5790=ORIENTED_EDGE('',*,*,#4426,.F.);
#5791=ORIENTED_EDGE('',*,*,#4427,.T.);
#5792=ORIENTED_EDGE('',*,*,#4426,.T.);
#5793=ORIENTED_EDGE('',*,*,#4428,.F.);
#5794=ORIENTED_EDGE('',*,*,#4429,.F.);
#5795=ORIENTED_EDGE('',*,*,#4430,.T.);
#5796=ORIENTED_EDGE('',*,*,#4429,.T.);
#5797=ORIENTED_EDGE('',*,*,#4431,.F.);
#5798=ORIENTED_EDGE('',*,*,#4432,.F.);
#5799=ORIENTED_EDGE('',*,*,#4433,.T.);
#5800=ORIENTED_EDGE('',*,*,#4432,.T.);
#5801=ORIENTED_EDGE('',*,*,#4434,.F.);
#5802=ORIENTED_EDGE('',*,*,#4435,.F.);
#5803=ORIENTED_EDGE('',*,*,#4436,.T.);
#5804=ORIENTED_EDGE('',*,*,#4435,.T.);
#5805=ORIENTED_EDGE('',*,*,#4437,.F.);
#5806=ORIENTED_EDGE('',*,*,#4438,.F.);
#5807=ORIENTED_EDGE('',*,*,#4439,.T.);
#5808=ORIENTED_EDGE('',*,*,#4438,.T.);
#5809=ORIENTED_EDGE('',*,*,#4440,.F.);
#5810=ORIENTED_EDGE('',*,*,#4441,.F.);
#5811=ORIENTED_EDGE('',*,*,#4442,.T.);
#5812=ORIENTED_EDGE('',*,*,#4441,.T.);
#5813=ORIENTED_EDGE('',*,*,#4443,.F.);
#5814=ORIENTED_EDGE('',*,*,#4444,.F.);
#5815=ORIENTED_EDGE('',*,*,#4445,.T.);
#5816=ORIENTED_EDGE('',*,*,#4444,.T.);
#5817=ORIENTED_EDGE('',*,*,#4446,.F.);
#5818=ORIENTED_EDGE('',*,*,#4268,.F.);
#5819=ORIENTED_EDGE('',*,*,#4447,.F.);
#5820=ORIENTED_EDGE('',*,*,#4448,.T.);
#5821=ORIENTED_EDGE('',*,*,#4449,.F.);
#5822=ORIENTED_EDGE('',*,*,#4450,.F.);
#5823=ORIENTED_EDGE('',*,*,#4451,.F.);
#5824=ORIENTED_EDGE('',*,*,#4450,.T.);
#5825=ORIENTED_EDGE('',*,*,#4452,.F.);
#5826=ORIENTED_EDGE('',*,*,#4453,.F.);
#5827=ORIENTED_EDGE('',*,*,#4454,.T.);
#5828=ORIENTED_EDGE('',*,*,#4453,.T.);
#5829=ORIENTED_EDGE('',*,*,#4455,.F.);
#5830=ORIENTED_EDGE('',*,*,#4456,.F.);
#5831=ORIENTED_EDGE('',*,*,#4457,.T.);
#5832=ORIENTED_EDGE('',*,*,#4456,.T.);
#5833=ORIENTED_EDGE('',*,*,#4458,.F.);
#5834=ORIENTED_EDGE('',*,*,#4448,.F.);
#5835=ORIENTED_EDGE('',*,*,#4458,.T.);
#5836=ORIENTED_EDGE('',*,*,#4455,.T.);
#5837=ORIENTED_EDGE('',*,*,#4452,.T.);
#5838=ORIENTED_EDGE('',*,*,#4449,.T.);
#5839=ORIENTED_EDGE('',*,*,#4446,.T.);
#5840=ORIENTED_EDGE('',*,*,#4443,.T.);
#5841=ORIENTED_EDGE('',*,*,#4440,.T.);
#5842=ORIENTED_EDGE('',*,*,#4437,.T.);
#5843=ORIENTED_EDGE('',*,*,#4434,.T.);
#5844=ORIENTED_EDGE('',*,*,#4431,.T.);
#5845=ORIENTED_EDGE('',*,*,#4428,.T.);
#5846=ORIENTED_EDGE('',*,*,#4425,.T.);
#5847=ORIENTED_EDGE('',*,*,#4422,.T.);
#5848=ORIENTED_EDGE('',*,*,#4419,.T.);
#5849=ORIENTED_EDGE('',*,*,#4416,.T.);
#5850=ORIENTED_EDGE('',*,*,#4413,.T.);
#5851=ORIENTED_EDGE('',*,*,#4410,.T.);
#5852=ORIENTED_EDGE('',*,*,#4407,.T.);
#5853=ORIENTED_EDGE('',*,*,#4404,.T.);
#5854=ORIENTED_EDGE('',*,*,#4401,.T.);
#5855=ORIENTED_EDGE('',*,*,#4398,.T.);
#5856=ORIENTED_EDGE('',*,*,#4395,.T.);
#5857=ORIENTED_EDGE('',*,*,#4392,.T.);
#5858=ORIENTED_EDGE('',*,*,#4389,.T.);
#5859=ORIENTED_EDGE('',*,*,#4386,.T.);
#5860=ORIENTED_EDGE('',*,*,#4383,.T.);
#5861=ORIENTED_EDGE('',*,*,#4380,.T.);
#5862=ORIENTED_EDGE('',*,*,#4377,.T.);
#5863=ORIENTED_EDGE('',*,*,#4374,.T.);
#5864=ORIENTED_EDGE('',*,*,#4371,.T.);
#5865=ORIENTED_EDGE('',*,*,#4368,.T.);
#5866=ORIENTED_EDGE('',*,*,#4365,.T.);
#5867=ORIENTED_EDGE('',*,*,#4362,.T.);
#5868=ORIENTED_EDGE('',*,*,#4359,.T.);
#5869=ORIENTED_EDGE('',*,*,#4356,.T.);
#5870=ORIENTED_EDGE('',*,*,#4353,.T.);
#5871=ORIENTED_EDGE('',*,*,#4350,.T.);
#5872=ORIENTED_EDGE('',*,*,#4347,.T.);
#5873=ORIENTED_EDGE('',*,*,#4344,.T.);
#5874=ORIENTED_EDGE('',*,*,#4341,.T.);
#5875=ORIENTED_EDGE('',*,*,#4338,.T.);
#5876=ORIENTED_EDGE('',*,*,#4335,.T.);
#5877=ORIENTED_EDGE('',*,*,#4332,.T.);
#5878=ORIENTED_EDGE('',*,*,#4329,.T.);
#5879=ORIENTED_EDGE('',*,*,#4326,.T.);
#5880=ORIENTED_EDGE('',*,*,#4323,.T.);
#5881=ORIENTED_EDGE('',*,*,#4320,.T.);
#5882=ORIENTED_EDGE('',*,*,#4317,.T.);
#5883=ORIENTED_EDGE('',*,*,#4314,.T.);
#5884=ORIENTED_EDGE('',*,*,#4311,.T.);
#5885=ORIENTED_EDGE('',*,*,#4308,.T.);
#5886=ORIENTED_EDGE('',*,*,#4305,.T.);
#5887=ORIENTED_EDGE('',*,*,#4302,.T.);
#5888=ORIENTED_EDGE('',*,*,#4299,.T.);
#5889=ORIENTED_EDGE('',*,*,#4296,.T.);
#5890=ORIENTED_EDGE('',*,*,#4293,.T.);
#5891=ORIENTED_EDGE('',*,*,#4290,.T.);
#5892=ORIENTED_EDGE('',*,*,#4287,.T.);
#5893=ORIENTED_EDGE('',*,*,#4284,.T.);
#5894=ORIENTED_EDGE('',*,*,#4281,.T.);
#5895=ORIENTED_EDGE('',*,*,#4278,.T.);
#5896=ORIENTED_EDGE('',*,*,#4275,.T.);
#5897=ORIENTED_EDGE('',*,*,#4272,.T.);
#5898=ORIENTED_EDGE('',*,*,#4269,.T.);
#5899=ORIENTED_EDGE('',*,*,#4266,.T.);
#5900=ORIENTED_EDGE('',*,*,#4263,.T.);
#5901=ORIENTED_EDGE('',*,*,#4260,.T.);
#5902=ORIENTED_EDGE('',*,*,#4257,.T.);
#5903=ORIENTED_EDGE('',*,*,#4254,.T.);
#5904=ORIENTED_EDGE('',*,*,#4251,.T.);
#5905=ORIENTED_EDGE('',*,*,#4248,.T.);
#5906=ORIENTED_EDGE('',*,*,#4245,.T.);
#5907=ORIENTED_EDGE('',*,*,#4242,.T.);
#5908=ORIENTED_EDGE('',*,*,#4239,.T.);
#5909=ORIENTED_EDGE('',*,*,#4236,.T.);
#5910=ORIENTED_EDGE('',*,*,#4233,.T.);
#5911=ORIENTED_EDGE('',*,*,#4230,.T.);
#5912=ORIENTED_EDGE('',*,*,#4227,.T.);
#5913=ORIENTED_EDGE('',*,*,#4224,.T.);
#5914=ORIENTED_EDGE('',*,*,#4221,.T.);
#5915=ORIENTED_EDGE('',*,*,#4218,.T.);
#5916=ORIENTED_EDGE('',*,*,#4215,.T.);
#5917=ORIENTED_EDGE('',*,*,#4212,.T.);
#5918=ORIENTED_EDGE('',*,*,#4209,.T.);
#5919=ORIENTED_EDGE('',*,*,#4206,.T.);
#5920=ORIENTED_EDGE('',*,*,#4203,.T.);
#5921=ORIENTED_EDGE('',*,*,#4200,.T.);
#5922=ORIENTED_EDGE('',*,*,#4197,.T.);
#5923=ORIENTED_EDGE('',*,*,#4194,.T.);
#5924=ORIENTED_EDGE('',*,*,#4191,.T.);
#5925=ORIENTED_EDGE('',*,*,#4188,.T.);
#5926=ORIENTED_EDGE('',*,*,#4185,.T.);
#5927=ORIENTED_EDGE('',*,*,#4182,.T.);
#5928=ORIENTED_EDGE('',*,*,#4179,.T.);
#5929=ORIENTED_EDGE('',*,*,#4176,.T.);
#5930=ORIENTED_EDGE('',*,*,#4173,.T.);
#5931=ORIENTED_EDGE('',*,*,#4170,.T.);
#5932=ORIENTED_EDGE('',*,*,#4167,.T.);
#5933=ORIENTED_EDGE('',*,*,#4164,.T.);
#5934=ORIENTED_EDGE('',*,*,#4161,.T.);
#5935=ORIENTED_EDGE('',*,*,#4158,.T.);
#5936=ORIENTED_EDGE('',*,*,#4155,.T.);
#5937=ORIENTED_EDGE('',*,*,#4152,.T.);
#5938=ORIENTED_EDGE('',*,*,#4149,.T.);
#5939=ORIENTED_EDGE('',*,*,#4146,.T.);
#5940=ORIENTED_EDGE('',*,*,#4143,.T.);
#5941=ORIENTED_EDGE('',*,*,#4140,.T.);
#5942=ORIENTED_EDGE('',*,*,#4137,.T.);
#5943=ORIENTED_EDGE('',*,*,#4134,.T.);
#5944=ORIENTED_EDGE('',*,*,#4131,.T.);
#5945=ORIENTED_EDGE('',*,*,#4128,.T.);
#5946=ORIENTED_EDGE('',*,*,#4125,.T.);
#5947=ORIENTED_EDGE('',*,*,#4122,.T.);
#5948=ORIENTED_EDGE('',*,*,#4119,.T.);
#5949=ORIENTED_EDGE('',*,*,#4116,.T.);
#5950=ORIENTED_EDGE('',*,*,#4113,.T.);
#5951=ORIENTED_EDGE('',*,*,#4110,.T.);
#5952=ORIENTED_EDGE('',*,*,#4107,.T.);
#5953=ORIENTED_EDGE('',*,*,#4104,.T.);
#5954=ORIENTED_EDGE('',*,*,#4101,.T.);
#5955=ORIENTED_EDGE('',*,*,#4098,.T.);
#5956=ORIENTED_EDGE('',*,*,#4095,.T.);
#5957=ORIENTED_EDGE('',*,*,#4092,.T.);
#5958=ORIENTED_EDGE('',*,*,#4089,.T.);
#5959=ORIENTED_EDGE('',*,*,#4086,.T.);
#5960=ORIENTED_EDGE('',*,*,#4083,.T.);
#5961=ORIENTED_EDGE('',*,*,#4080,.T.);
#5962=ORIENTED_EDGE('',*,*,#4077,.T.);
#5963=ORIENTED_EDGE('',*,*,#4074,.T.);
#5964=ORIENTED_EDGE('',*,*,#4071,.T.);
#5965=ORIENTED_EDGE('',*,*,#4068,.T.);
#5966=ORIENTED_EDGE('',*,*,#4065,.T.);
#5967=ORIENTED_EDGE('',*,*,#4062,.T.);
#5968=ORIENTED_EDGE('',*,*,#4059,.T.);
#5969=ORIENTED_EDGE('',*,*,#4056,.T.);
#5970=ORIENTED_EDGE('',*,*,#4053,.T.);
#5971=ORIENTED_EDGE('',*,*,#4050,.T.);
#5972=ORIENTED_EDGE('',*,*,#4047,.T.);
#5973=ORIENTED_EDGE('',*,*,#4044,.T.);
#5974=ORIENTED_EDGE('',*,*,#4041,.T.);
#5975=ORIENTED_EDGE('',*,*,#4038,.T.);
#5976=ORIENTED_EDGE('',*,*,#4035,.T.);
#5977=ORIENTED_EDGE('',*,*,#4032,.T.);
#5978=ORIENTED_EDGE('',*,*,#4029,.T.);
#5979=ORIENTED_EDGE('',*,*,#4026,.T.);
#5980=ORIENTED_EDGE('',*,*,#4023,.T.);
#5981=ORIENTED_EDGE('',*,*,#4020,.T.);
#5982=ORIENTED_EDGE('',*,*,#4017,.T.);
#5983=ORIENTED_EDGE('',*,*,#4014,.T.);
#5984=ORIENTED_EDGE('',*,*,#4011,.T.);
#5985=ORIENTED_EDGE('',*,*,#4008,.T.);
#5986=ORIENTED_EDGE('',*,*,#4005,.T.);
#5987=ORIENTED_EDGE('',*,*,#4002,.T.);
#5988=ORIENTED_EDGE('',*,*,#3999,.T.);
#5989=ORIENTED_EDGE('',*,*,#3996,.T.);
#5990=ORIENTED_EDGE('',*,*,#3993,.T.);
#5991=ORIENTED_EDGE('',*,*,#3990,.T.);
#5992=ORIENTED_EDGE('',*,*,#3987,.T.);
#5993=ORIENTED_EDGE('',*,*,#3984,.T.);
#5994=ORIENTED_EDGE('',*,*,#3981,.T.);
#5995=ORIENTED_EDGE('',*,*,#3978,.T.);
#5996=ORIENTED_EDGE('',*,*,#3975,.T.);
#5997=ORIENTED_EDGE('',*,*,#3972,.T.);
#5998=ORIENTED_EDGE('',*,*,#3969,.T.);
#5999=ORIENTED_EDGE('',*,*,#3966,.T.);
#6000=ORIENTED_EDGE('',*,*,#3963,.T.);
#6001=ORIENTED_EDGE('',*,*,#3960,.T.);
#6002=ORIENTED_EDGE('',*,*,#3957,.T.);
#6003=ORIENTED_EDGE('',*,*,#3954,.T.);
#6004=ORIENTED_EDGE('',*,*,#3951,.T.);
#6005=ORIENTED_EDGE('',*,*,#3948,.T.);
#6006=ORIENTED_EDGE('',*,*,#3945,.T.);
#6007=ORIENTED_EDGE('',*,*,#3942,.T.);
#6008=ORIENTED_EDGE('',*,*,#3939,.T.);
#6009=ORIENTED_EDGE('',*,*,#3936,.T.);
#6010=ORIENTED_EDGE('',*,*,#3933,.T.);
#6011=ORIENTED_EDGE('',*,*,#3930,.T.);
#6012=ORIENTED_EDGE('',*,*,#3927,.T.);
#6013=ORIENTED_EDGE('',*,*,#3924,.T.);
#6014=ORIENTED_EDGE('',*,*,#3921,.T.);
#6015=ORIENTED_EDGE('',*,*,#3918,.T.);
#6016=ORIENTED_EDGE('',*,*,#3915,.T.);
#6017=ORIENTED_EDGE('',*,*,#3912,.T.);
#6018=ORIENTED_EDGE('',*,*,#3909,.T.);
#6019=ORIENTED_EDGE('',*,*,#3906,.T.);
#6020=ORIENTED_EDGE('',*,*,#3903,.T.);
#6021=ORIENTED_EDGE('',*,*,#3900,.T.);
#6022=ORIENTED_EDGE('',*,*,#3897,.T.);
#6023=ORIENTED_EDGE('',*,*,#3894,.T.);
#6024=ORIENTED_EDGE('',*,*,#3891,.T.);
#6025=ORIENTED_EDGE('',*,*,#3888,.T.);
#6026=ORIENTED_EDGE('',*,*,#3885,.T.);
#6027=ORIENTED_EDGE('',*,*,#3882,.T.);
#6028=ORIENTED_EDGE('',*,*,#3879,.T.);
#6029=ORIENTED_EDGE('',*,*,#3876,.T.);
#6030=ORIENTED_EDGE('',*,*,#3873,.T.);
#6031=ORIENTED_EDGE('',*,*,#3870,.T.);
#6032=ORIENTED_EDGE('',*,*,#3867,.T.);
#6033=ORIENTED_EDGE('',*,*,#3864,.T.);
#6034=ORIENTED_EDGE('',*,*,#3861,.T.);
#6035=ORIENTED_EDGE('',*,*,#3858,.T.);
#6036=ORIENTED_EDGE('',*,*,#3855,.T.);
#6037=ORIENTED_EDGE('',*,*,#3852,.T.);
#6038=ORIENTED_EDGE('',*,*,#3849,.T.);
#6039=ORIENTED_EDGE('',*,*,#3846,.T.);
#6040=ORIENTED_EDGE('',*,*,#3843,.T.);
#6041=ORIENTED_EDGE('',*,*,#3840,.T.);
#6042=ORIENTED_EDGE('',*,*,#3837,.T.);
#6043=ORIENTED_EDGE('',*,*,#3834,.T.);
#6044=ORIENTED_EDGE('',*,*,#3831,.T.);
#6045=ORIENTED_EDGE('',*,*,#3828,.T.);
#6046=ORIENTED_EDGE('',*,*,#3825,.T.);
#6047=ORIENTED_EDGE('',*,*,#3822,.T.);
#6048=ORIENTED_EDGE('',*,*,#3819,.T.);
#6049=ORIENTED_EDGE('',*,*,#3816,.T.);
#6050=ORIENTED_EDGE('',*,*,#3813,.T.);
#6051=ORIENTED_EDGE('',*,*,#3810,.T.);
#6052=ORIENTED_EDGE('',*,*,#3807,.T.);
#6053=ORIENTED_EDGE('',*,*,#3804,.T.);
#6054=ORIENTED_EDGE('',*,*,#3801,.T.);
#6055=ORIENTED_EDGE('',*,*,#3798,.T.);
#6056=ORIENTED_EDGE('',*,*,#3795,.T.);
#6057=ORIENTED_EDGE('',*,*,#3792,.T.);
#6058=ORIENTED_EDGE('',*,*,#3789,.T.);
#6059=ORIENTED_EDGE('',*,*,#3786,.T.);
#6060=ORIENTED_EDGE('',*,*,#3783,.T.);
#6061=ORIENTED_EDGE('',*,*,#3780,.T.);
#6062=ORIENTED_EDGE('',*,*,#3777,.T.);
#6063=ORIENTED_EDGE('',*,*,#3774,.T.);
#6064=ORIENTED_EDGE('',*,*,#3771,.T.);
#6065=ORIENTED_EDGE('',*,*,#3768,.T.);
#6066=ORIENTED_EDGE('',*,*,#3765,.T.);
#6067=ORIENTED_EDGE('',*,*,#3762,.T.);
#6068=ORIENTED_EDGE('',*,*,#3759,.T.);
#6069=ORIENTED_EDGE('',*,*,#3756,.T.);
#6070=ORIENTED_EDGE('',*,*,#3753,.T.);
#6071=ORIENTED_EDGE('',*,*,#3750,.T.);
#6072=ORIENTED_EDGE('',*,*,#3747,.T.);
#6073=ORIENTED_EDGE('',*,*,#3744,.T.);
#6074=ORIENTED_EDGE('',*,*,#3741,.T.);
#6075=ORIENTED_EDGE('',*,*,#3738,.T.);
#6076=ORIENTED_EDGE('',*,*,#3735,.T.);
#6077=ORIENTED_EDGE('',*,*,#3732,.T.);
#6078=ORIENTED_EDGE('',*,*,#3729,.T.);
#6079=ORIENTED_EDGE('',*,*,#3726,.T.);
#6080=ORIENTED_EDGE('',*,*,#3723,.T.);
#6081=ORIENTED_EDGE('',*,*,#3720,.T.);
#6082=ORIENTED_EDGE('',*,*,#3717,.T.);
#6083=ORIENTED_EDGE('',*,*,#3714,.T.);
#6084=ORIENTED_EDGE('',*,*,#3711,.T.);
#6085=ORIENTED_EDGE('',*,*,#3708,.T.);
#6086=ORIENTED_EDGE('',*,*,#3705,.T.);
#6087=ORIENTED_EDGE('',*,*,#3702,.T.);
#6088=ORIENTED_EDGE('',*,*,#3699,.T.);
#6089=ORIENTED_EDGE('',*,*,#3696,.T.);
#6090=ORIENTED_EDGE('',*,*,#3693,.T.);
#6091=ORIENTED_EDGE('',*,*,#3690,.T.);
#6092=ORIENTED_EDGE('',*,*,#3687,.T.);
#6093=ORIENTED_EDGE('',*,*,#3684,.T.);
#6094=ORIENTED_EDGE('',*,*,#3681,.T.);
#6095=ORIENTED_EDGE('',*,*,#3678,.T.);
#6096=ORIENTED_EDGE('',*,*,#3675,.T.);
#6097=ORIENTED_EDGE('',*,*,#3672,.T.);
#6098=ORIENTED_EDGE('',*,*,#3669,.T.);
#6099=ORIENTED_EDGE('',*,*,#3666,.T.);
#6100=ORIENTED_EDGE('',*,*,#3663,.T.);
#6101=ORIENTED_EDGE('',*,*,#3660,.T.);
#6102=ORIENTED_EDGE('',*,*,#3657,.T.);
#6103=ORIENTED_EDGE('',*,*,#3654,.T.);
#6104=ORIENTED_EDGE('',*,*,#3651,.T.);
#6105=ORIENTED_EDGE('',*,*,#3648,.T.);
#6106=ORIENTED_EDGE('',*,*,#3645,.T.);
#6107=ORIENTED_EDGE('',*,*,#3642,.T.);
#6108=ORIENTED_EDGE('',*,*,#3639,.T.);
#6109=ORIENTED_EDGE('',*,*,#3636,.T.);
#6110=ORIENTED_EDGE('',*,*,#3633,.T.);
#6111=ORIENTED_EDGE('',*,*,#3630,.T.);
#6112=ORIENTED_EDGE('',*,*,#3627,.T.);
#6113=ORIENTED_EDGE('',*,*,#3624,.T.);
#6114=ORIENTED_EDGE('',*,*,#3621,.T.);
#6115=ORIENTED_EDGE('',*,*,#3618,.T.);
#6116=ORIENTED_EDGE('',*,*,#3615,.T.);
#6117=ORIENTED_EDGE('',*,*,#3612,.T.);
#6118=ORIENTED_EDGE('',*,*,#3609,.T.);
#6119=ORIENTED_EDGE('',*,*,#3606,.T.);
#6120=ORIENTED_EDGE('',*,*,#3603,.T.);
#6121=ORIENTED_EDGE('',*,*,#3600,.T.);
#6122=ORIENTED_EDGE('',*,*,#3597,.T.);
#6123=ORIENTED_EDGE('',*,*,#3594,.T.);
#6124=ORIENTED_EDGE('',*,*,#3591,.T.);
#6125=ORIENTED_EDGE('',*,*,#3588,.T.);
#6126=ORIENTED_EDGE('',*,*,#3585,.T.);
#6127=ORIENTED_EDGE('',*,*,#3582,.T.);
#6128=ORIENTED_EDGE('',*,*,#3579,.T.);
#6129=ORIENTED_EDGE('',*,*,#3576,.T.);
#6130=ORIENTED_EDGE('',*,*,#3573,.T.);
#6131=ORIENTED_EDGE('',*,*,#4457,.F.);
#6132=ORIENTED_EDGE('',*,*,#4447,.T.);
#6133=ORIENTED_EDGE('',*,*,#4451,.T.);
#6134=ORIENTED_EDGE('',*,*,#4454,.F.);
#6135=ORIENTED_EDGE('',*,*,#4445,.F.);
#6136=ORIENTED_EDGE('',*,*,#4267,.F.);
#6137=ORIENTED_EDGE('',*,*,#4271,.F.);
#6138=ORIENTED_EDGE('',*,*,#4274,.F.);
#6139=ORIENTED_EDGE('',*,*,#4277,.F.);
#6140=ORIENTED_EDGE('',*,*,#4280,.F.);
#6141=ORIENTED_EDGE('',*,*,#4283,.F.);
#6142=ORIENTED_EDGE('',*,*,#4286,.F.);
#6143=ORIENTED_EDGE('',*,*,#4289,.F.);
#6144=ORIENTED_EDGE('',*,*,#4292,.F.);
#6145=ORIENTED_EDGE('',*,*,#4295,.F.);
#6146=ORIENTED_EDGE('',*,*,#4298,.F.);
#6147=ORIENTED_EDGE('',*,*,#4301,.F.);
#6148=ORIENTED_EDGE('',*,*,#4304,.F.);
#6149=ORIENTED_EDGE('',*,*,#4307,.F.);
#6150=ORIENTED_EDGE('',*,*,#4310,.F.);
#6151=ORIENTED_EDGE('',*,*,#4313,.F.);
#6152=ORIENTED_EDGE('',*,*,#4316,.F.);
#6153=ORIENTED_EDGE('',*,*,#4319,.F.);
#6154=ORIENTED_EDGE('',*,*,#4322,.F.);
#6155=ORIENTED_EDGE('',*,*,#4325,.F.);
#6156=ORIENTED_EDGE('',*,*,#4328,.F.);
#6157=ORIENTED_EDGE('',*,*,#4331,.F.);
#6158=ORIENTED_EDGE('',*,*,#4334,.F.);
#6159=ORIENTED_EDGE('',*,*,#4337,.F.);
#6160=ORIENTED_EDGE('',*,*,#4340,.F.);
#6161=ORIENTED_EDGE('',*,*,#4343,.F.);
#6162=ORIENTED_EDGE('',*,*,#4346,.F.);
#6163=ORIENTED_EDGE('',*,*,#4349,.F.);
#6164=ORIENTED_EDGE('',*,*,#4352,.F.);
#6165=ORIENTED_EDGE('',*,*,#4355,.F.);
#6166=ORIENTED_EDGE('',*,*,#4358,.F.);
#6167=ORIENTED_EDGE('',*,*,#4361,.F.);
#6168=ORIENTED_EDGE('',*,*,#4364,.F.);
#6169=ORIENTED_EDGE('',*,*,#4367,.F.);
#6170=ORIENTED_EDGE('',*,*,#4370,.F.);
#6171=ORIENTED_EDGE('',*,*,#4373,.F.);
#6172=ORIENTED_EDGE('',*,*,#4376,.F.);
#6173=ORIENTED_EDGE('',*,*,#4379,.F.);
#6174=ORIENTED_EDGE('',*,*,#4382,.F.);
#6175=ORIENTED_EDGE('',*,*,#4385,.F.);
#6176=ORIENTED_EDGE('',*,*,#4388,.F.);
#6177=ORIENTED_EDGE('',*,*,#4391,.F.);
#6178=ORIENTED_EDGE('',*,*,#4394,.F.);
#6179=ORIENTED_EDGE('',*,*,#4397,.F.);
#6180=ORIENTED_EDGE('',*,*,#4400,.F.);
#6181=ORIENTED_EDGE('',*,*,#4403,.F.);
#6182=ORIENTED_EDGE('',*,*,#4406,.F.);
#6183=ORIENTED_EDGE('',*,*,#4409,.F.);
#6184=ORIENTED_EDGE('',*,*,#4412,.F.);
#6185=ORIENTED_EDGE('',*,*,#4415,.F.);
#6186=ORIENTED_EDGE('',*,*,#4418,.F.);
#6187=ORIENTED_EDGE('',*,*,#4421,.F.);
#6188=ORIENTED_EDGE('',*,*,#4424,.F.);
#6189=ORIENTED_EDGE('',*,*,#4427,.F.);
#6190=ORIENTED_EDGE('',*,*,#4430,.F.);
#6191=ORIENTED_EDGE('',*,*,#4433,.F.);
#6192=ORIENTED_EDGE('',*,*,#4436,.F.);
#6193=ORIENTED_EDGE('',*,*,#4439,.F.);
#6194=ORIENTED_EDGE('',*,*,#4442,.F.);
#6195=ORIENTED_EDGE('',*,*,#4265,.F.);
#6196=ORIENTED_EDGE('',*,*,#4243,.F.);
#6197=ORIENTED_EDGE('',*,*,#4247,.F.);
#6198=ORIENTED_EDGE('',*,*,#4250,.F.);
#6199=ORIENTED_EDGE('',*,*,#4253,.F.);
#6200=ORIENTED_EDGE('',*,*,#4256,.F.);
#6201=ORIENTED_EDGE('',*,*,#4259,.F.);
#6202=ORIENTED_EDGE('',*,*,#4262,.F.);
#6203=ORIENTED_EDGE('',*,*,#4241,.F.);
#6204=ORIENTED_EDGE('',*,*,#4219,.F.);
#6205=ORIENTED_EDGE('',*,*,#4223,.F.);
#6206=ORIENTED_EDGE('',*,*,#4226,.F.);
#6207=ORIENTED_EDGE('',*,*,#4229,.F.);
#6208=ORIENTED_EDGE('',*,*,#4232,.F.);
#6209=ORIENTED_EDGE('',*,*,#4235,.F.);
#6210=ORIENTED_EDGE('',*,*,#4238,.F.);
#6211=ORIENTED_EDGE('',*,*,#4217,.F.);
#6212=ORIENTED_EDGE('',*,*,#4195,.F.);
#6213=ORIENTED_EDGE('',*,*,#4199,.F.);
#6214=ORIENTED_EDGE('',*,*,#4202,.F.);
#6215=ORIENTED_EDGE('',*,*,#4205,.F.);
#6216=ORIENTED_EDGE('',*,*,#4208,.F.);
#6217=ORIENTED_EDGE('',*,*,#4211,.F.);
#6218=ORIENTED_EDGE('',*,*,#4214,.F.);
#6219=ORIENTED_EDGE('',*,*,#4193,.F.);
#6220=ORIENTED_EDGE('',*,*,#4015,.F.);
#6221=ORIENTED_EDGE('',*,*,#4019,.F.);
#6222=ORIENTED_EDGE('',*,*,#4022,.F.);
#6223=ORIENTED_EDGE('',*,*,#4025,.F.);
#6224=ORIENTED_EDGE('',*,*,#4028,.F.);
#6225=ORIENTED_EDGE('',*,*,#4031,.F.);
#6226=ORIENTED_EDGE('',*,*,#4034,.F.);
#6227=ORIENTED_EDGE('',*,*,#4037,.F.);
#6228=ORIENTED_EDGE('',*,*,#4040,.F.);
#6229=ORIENTED_EDGE('',*,*,#4043,.F.);
#6230=ORIENTED_EDGE('',*,*,#4046,.F.);
#6231=ORIENTED_EDGE('',*,*,#4049,.F.);
#6232=ORIENTED_EDGE('',*,*,#4052,.F.);
#6233=ORIENTED_EDGE('',*,*,#4055,.F.);
#6234=ORIENTED_EDGE('',*,*,#4058,.F.);
#6235=ORIENTED_EDGE('',*,*,#4061,.F.);
#6236=ORIENTED_EDGE('',*,*,#4064,.F.);
#6237=ORIENTED_EDGE('',*,*,#4067,.F.);
#6238=ORIENTED_EDGE('',*,*,#4070,.F.);
#6239=ORIENTED_EDGE('',*,*,#4073,.F.);
#6240=ORIENTED_EDGE('',*,*,#4076,.F.);
#6241=ORIENTED_EDGE('',*,*,#4079,.F.);
#6242=ORIENTED_EDGE('',*,*,#4082,.F.);
#6243=ORIENTED_EDGE('',*,*,#4085,.F.);
#6244=ORIENTED_EDGE('',*,*,#4088,.F.);
#6245=ORIENTED_EDGE('',*,*,#4091,.F.);
#6246=ORIENTED_EDGE('',*,*,#4094,.F.);
#6247=ORIENTED_EDGE('',*,*,#4097,.F.);
#6248=ORIENTED_EDGE('',*,*,#4100,.F.);
#6249=ORIENTED_EDGE('',*,*,#4103,.F.);
#6250=ORIENTED_EDGE('',*,*,#4106,.F.);
#6251=ORIENTED_EDGE('',*,*,#4109,.F.);
#6252=ORIENTED_EDGE('',*,*,#4112,.F.);
#6253=ORIENTED_EDGE('',*,*,#4115,.F.);
#6254=ORIENTED_EDGE('',*,*,#4118,.F.);
#6255=ORIENTED_EDGE('',*,*,#4121,.F.);
#6256=ORIENTED_EDGE('',*,*,#4124,.F.);
#6257=ORIENTED_EDGE('',*,*,#4127,.F.);
#6258=ORIENTED_EDGE('',*,*,#4130,.F.);
#6259=ORIENTED_EDGE('',*,*,#4133,.F.);
#6260=ORIENTED_EDGE('',*,*,#4136,.F.);
#6261=ORIENTED_EDGE('',*,*,#4139,.F.);
#6262=ORIENTED_EDGE('',*,*,#4142,.F.);
#6263=ORIENTED_EDGE('',*,*,#4145,.F.);
#6264=ORIENTED_EDGE('',*,*,#4148,.F.);
#6265=ORIENTED_EDGE('',*,*,#4151,.F.);
#6266=ORIENTED_EDGE('',*,*,#4154,.F.);
#6267=ORIENTED_EDGE('',*,*,#4157,.F.);
#6268=ORIENTED_EDGE('',*,*,#4160,.F.);
#6269=ORIENTED_EDGE('',*,*,#4163,.F.);
#6270=ORIENTED_EDGE('',*,*,#4166,.F.);
#6271=ORIENTED_EDGE('',*,*,#4169,.F.);
#6272=ORIENTED_EDGE('',*,*,#4172,.F.);
#6273=ORIENTED_EDGE('',*,*,#4175,.F.);
#6274=ORIENTED_EDGE('',*,*,#4178,.F.);
#6275=ORIENTED_EDGE('',*,*,#4181,.F.);
#6276=ORIENTED_EDGE('',*,*,#4184,.F.);
#6277=ORIENTED_EDGE('',*,*,#4187,.F.);
#6278=ORIENTED_EDGE('',*,*,#4190,.F.);
#6279=ORIENTED_EDGE('',*,*,#4013,.F.);
#6280=ORIENTED_EDGE('',*,*,#3991,.F.);
#6281=ORIENTED_EDGE('',*,*,#3995,.F.);
#6282=ORIENTED_EDGE('',*,*,#3998,.F.);
#6283=ORIENTED_EDGE('',*,*,#4001,.F.);
#6284=ORIENTED_EDGE('',*,*,#4004,.F.);
#6285=ORIENTED_EDGE('',*,*,#4007,.F.);
#6286=ORIENTED_EDGE('',*,*,#4010,.F.);
#6287=ORIENTED_EDGE('',*,*,#3989,.F.);
#6288=ORIENTED_EDGE('',*,*,#3967,.F.);
#6289=ORIENTED_EDGE('',*,*,#3971,.F.);
#6290=ORIENTED_EDGE('',*,*,#3974,.F.);
#6291=ORIENTED_EDGE('',*,*,#3977,.F.);
#6292=ORIENTED_EDGE('',*,*,#3980,.F.);
#6293=ORIENTED_EDGE('',*,*,#3983,.F.);
#6294=ORIENTED_EDGE('',*,*,#3986,.F.);
#6295=ORIENTED_EDGE('',*,*,#3965,.F.);
#6296=ORIENTED_EDGE('',*,*,#3787,.F.);
#6297=ORIENTED_EDGE('',*,*,#3791,.F.);
#6298=ORIENTED_EDGE('',*,*,#3794,.F.);
#6299=ORIENTED_EDGE('',*,*,#3797,.F.);
#6300=ORIENTED_EDGE('',*,*,#3800,.F.);
#6301=ORIENTED_EDGE('',*,*,#3803,.F.);
#6302=ORIENTED_EDGE('',*,*,#3806,.F.);
#6303=ORIENTED_EDGE('',*,*,#3809,.F.);
#6304=ORIENTED_EDGE('',*,*,#3812,.F.);
#6305=ORIENTED_EDGE('',*,*,#3815,.F.);
#6306=ORIENTED_EDGE('',*,*,#3818,.F.);
#6307=ORIENTED_EDGE('',*,*,#3821,.F.);
#6308=ORIENTED_EDGE('',*,*,#3824,.F.);
#6309=ORIENTED_EDGE('',*,*,#3827,.F.);
#6310=ORIENTED_EDGE('',*,*,#3830,.F.);
#6311=ORIENTED_EDGE('',*,*,#3833,.F.);
#6312=ORIENTED_EDGE('',*,*,#3836,.F.);
#6313=ORIENTED_EDGE('',*,*,#3839,.F.);
#6314=ORIENTED_EDGE('',*,*,#3842,.F.);
#6315=ORIENTED_EDGE('',*,*,#3845,.F.);
#6316=ORIENTED_EDGE('',*,*,#3848,.F.);
#6317=ORIENTED_EDGE('',*,*,#3851,.F.);
#6318=ORIENTED_EDGE('',*,*,#3854,.F.);
#6319=ORIENTED_EDGE('',*,*,#3857,.F.);
#6320=ORIENTED_EDGE('',*,*,#3860,.F.);
#6321=ORIENTED_EDGE('',*,*,#3863,.F.);
#6322=ORIENTED_EDGE('',*,*,#3866,.F.);
#6323=ORIENTED_EDGE('',*,*,#3869,.F.);
#6324=ORIENTED_EDGE('',*,*,#3872,.F.);
#6325=ORIENTED_EDGE('',*,*,#3875,.F.);
#6326=ORIENTED_EDGE('',*,*,#3878,.F.);
#6327=ORIENTED_EDGE('',*,*,#3881,.F.);
#6328=ORIENTED_EDGE('',*,*,#3884,.F.);
#6329=ORIENTED_EDGE('',*,*,#3887,.F.);
#6330=ORIENTED_EDGE('',*,*,#3890,.F.);
#6331=ORIENTED_EDGE('',*,*,#3893,.F.);
#6332=ORIENTED_EDGE('',*,*,#3896,.F.);
#6333=ORIENTED_EDGE('',*,*,#3899,.F.);
#6334=ORIENTED_EDGE('',*,*,#3902,.F.);
#6335=ORIENTED_EDGE('',*,*,#3905,.F.);
#6336=ORIENTED_EDGE('',*,*,#3908,.F.);
#6337=ORIENTED_EDGE('',*,*,#3911,.F.);
#6338=ORIENTED_EDGE('',*,*,#3914,.F.);
#6339=ORIENTED_EDGE('',*,*,#3917,.F.);
#6340=ORIENTED_EDGE('',*,*,#3920,.F.);
#6341=ORIENTED_EDGE('',*,*,#3923,.F.);
#6342=ORIENTED_EDGE('',*,*,#3926,.F.);
#6343=ORIENTED_EDGE('',*,*,#3929,.F.);
#6344=ORIENTED_EDGE('',*,*,#3932,.F.);
#6345=ORIENTED_EDGE('',*,*,#3935,.F.);
#6346=ORIENTED_EDGE('',*,*,#3938,.F.);
#6347=ORIENTED_EDGE('',*,*,#3941,.F.);
#6348=ORIENTED_EDGE('',*,*,#3944,.F.);
#6349=ORIENTED_EDGE('',*,*,#3947,.F.);
#6350=ORIENTED_EDGE('',*,*,#3950,.F.);
#6351=ORIENTED_EDGE('',*,*,#3953,.F.);
#6352=ORIENTED_EDGE('',*,*,#3956,.F.);
#6353=ORIENTED_EDGE('',*,*,#3959,.F.);
#6354=ORIENTED_EDGE('',*,*,#3962,.F.);
#6355=ORIENTED_EDGE('',*,*,#3785,.F.);
#6356=ORIENTED_EDGE('',*,*,#3763,.F.);
#6357=ORIENTED_EDGE('',*,*,#3767,.F.);
#6358=ORIENTED_EDGE('',*,*,#3770,.F.);
#6359=ORIENTED_EDGE('',*,*,#3773,.F.);
#6360=ORIENTED_EDGE('',*,*,#3776,.F.);
#6361=ORIENTED_EDGE('',*,*,#3779,.F.);
#6362=ORIENTED_EDGE('',*,*,#3782,.F.);
#6363=ORIENTED_EDGE('',*,*,#3761,.F.);
#6364=ORIENTED_EDGE('',*,*,#3739,.F.);
#6365=ORIENTED_EDGE('',*,*,#3743,.F.);
#6366=ORIENTED_EDGE('',*,*,#3746,.F.);
#6367=ORIENTED_EDGE('',*,*,#3749,.F.);
#6368=ORIENTED_EDGE('',*,*,#3752,.F.);
#6369=ORIENTED_EDGE('',*,*,#3755,.F.);
#6370=ORIENTED_EDGE('',*,*,#3758,.F.);
#6371=ORIENTED_EDGE('',*,*,#3737,.F.);
#6372=ORIENTED_EDGE('',*,*,#3715,.F.);
#6373=ORIENTED_EDGE('',*,*,#3719,.F.);
#6374=ORIENTED_EDGE('',*,*,#3722,.F.);
#6375=ORIENTED_EDGE('',*,*,#3725,.F.);
#6376=ORIENTED_EDGE('',*,*,#3728,.F.);
#6377=ORIENTED_EDGE('',*,*,#3731,.F.);
#6378=ORIENTED_EDGE('',*,*,#3734,.F.);
#6379=ORIENTED_EDGE('',*,*,#3713,.F.);
#6380=ORIENTED_EDGE('',*,*,#3691,.F.);
#6381=ORIENTED_EDGE('',*,*,#3695,.F.);
#6382=ORIENTED_EDGE('',*,*,#3698,.F.);
#6383=ORIENTED_EDGE('',*,*,#3701,.F.);
#6384=ORIENTED_EDGE('',*,*,#3704,.F.);
#6385=ORIENTED_EDGE('',*,*,#3707,.F.);
#6386=ORIENTED_EDGE('',*,*,#3710,.F.);
#6387=ORIENTED_EDGE('',*,*,#3689,.F.);
#6388=ORIENTED_EDGE('',*,*,#3667,.F.);
#6389=ORIENTED_EDGE('',*,*,#3671,.F.);
#6390=ORIENTED_EDGE('',*,*,#3674,.F.);
#6391=ORIENTED_EDGE('',*,*,#3677,.F.);
#6392=ORIENTED_EDGE('',*,*,#3680,.F.);
#6393=ORIENTED_EDGE('',*,*,#3683,.F.);
#6394=ORIENTED_EDGE('',*,*,#3686,.F.);
#6395=ORIENTED_EDGE('',*,*,#3665,.F.);
#6396=ORIENTED_EDGE('',*,*,#3643,.F.);
#6397=ORIENTED_EDGE('',*,*,#3647,.F.);
#6398=ORIENTED_EDGE('',*,*,#3650,.F.);
#6399=ORIENTED_EDGE('',*,*,#3653,.F.);
#6400=ORIENTED_EDGE('',*,*,#3656,.F.);
#6401=ORIENTED_EDGE('',*,*,#3659,.F.);
#6402=ORIENTED_EDGE('',*,*,#3662,.F.);
#6403=ORIENTED_EDGE('',*,*,#3641,.F.);
#6404=ORIENTED_EDGE('',*,*,#3619,.F.);
#6405=ORIENTED_EDGE('',*,*,#3623,.F.);
#6406=ORIENTED_EDGE('',*,*,#3626,.F.);
#6407=ORIENTED_EDGE('',*,*,#3629,.F.);
#6408=ORIENTED_EDGE('',*,*,#3632,.F.);
#6409=ORIENTED_EDGE('',*,*,#3635,.F.);
#6410=ORIENTED_EDGE('',*,*,#3638,.F.);
#6411=ORIENTED_EDGE('',*,*,#3617,.F.);
#6412=ORIENTED_EDGE('',*,*,#3595,.F.);
#6413=ORIENTED_EDGE('',*,*,#3599,.F.);
#6414=ORIENTED_EDGE('',*,*,#3602,.F.);
#6415=ORIENTED_EDGE('',*,*,#3605,.F.);
#6416=ORIENTED_EDGE('',*,*,#3608,.F.);
#6417=ORIENTED_EDGE('',*,*,#3611,.F.);
#6418=ORIENTED_EDGE('',*,*,#3614,.F.);
#6419=ORIENTED_EDGE('',*,*,#3593,.F.);
#6420=ORIENTED_EDGE('',*,*,#3571,.F.);
#6421=ORIENTED_EDGE('',*,*,#3575,.F.);
#6422=ORIENTED_EDGE('',*,*,#3578,.F.);
#6423=ORIENTED_EDGE('',*,*,#3581,.F.);
#6424=ORIENTED_EDGE('',*,*,#3584,.F.);
#6425=ORIENTED_EDGE('',*,*,#3587,.F.);
#6426=ORIENTED_EDGE('',*,*,#3590,.F.);
#6427=ORIENTED_EDGE('',*,*,#4459,.F.);
#6428=ORIENTED_EDGE('',*,*,#4460,.F.);
#6429=ORIENTED_EDGE('',*,*,#4461,.F.);
#6430=ORIENTED_EDGE('',*,*,#4462,.T.);
#6431=ORIENTED_EDGE('',*,*,#4463,.F.);
#6432=ORIENTED_EDGE('',*,*,#4462,.F.);
#6433=ORIENTED_EDGE('',*,*,#4464,.F.);
#6434=ORIENTED_EDGE('',*,*,#4465,.F.);
#6435=ORIENTED_EDGE('',*,*,#4466,.F.);
#6436=ORIENTED_EDGE('',*,*,#4467,.F.);
#6437=ORIENTED_EDGE('',*,*,#4468,.F.);
#6438=ORIENTED_EDGE('',*,*,#4460,.T.);
#6439=ORIENTED_EDGE('',*,*,#4466,.T.);
#6440=ORIENTED_EDGE('',*,*,#4459,.T.);
#6441=ORIENTED_EDGE('',*,*,#4463,.T.);
#6442=ORIENTED_EDGE('',*,*,#4469,.F.);
#6443=ORIENTED_EDGE('',*,*,#4470,.F.);
#6444=ORIENTED_EDGE('',*,*,#4471,.T.);
#6445=ORIENTED_EDGE('',*,*,#4472,.F.);
#6446=ORIENTED_EDGE('',*,*,#4473,.F.);
#6447=ORIENTED_EDGE('',*,*,#4474,.T.);
#6448=ORIENTED_EDGE('',*,*,#4475,.T.);
#6449=ORIENTED_EDGE('',*,*,#4476,.T.);
#6450=ORIENTED_EDGE('',*,*,#4477,.F.);
#6451=ORIENTED_EDGE('',*,*,#4465,.T.);
#6452=ORIENTED_EDGE('',*,*,#4478,.T.);
#6453=ORIENTED_EDGE('',*,*,#4479,.T.);
#6454=ORIENTED_EDGE('',*,*,#4480,.T.);
#6455=ORIENTED_EDGE('',*,*,#4481,.T.);
#6456=ORIENTED_EDGE('',*,*,#4469,.T.);
#6457=ORIENTED_EDGE('',*,*,#4482,.F.);
#6458=ORIENTED_EDGE('',*,*,#4483,.F.);
#6459=ORIENTED_EDGE('',*,*,#4484,.F.);
#6460=ORIENTED_EDGE('',*,*,#4485,.F.);
#6461=ORIENTED_EDGE('',*,*,#4486,.F.);
#6462=ORIENTED_EDGE('',*,*,#4487,.F.);
#6463=ORIENTED_EDGE('',*,*,#4488,.F.);
#6464=ORIENTED_EDGE('',*,*,#4489,.F.);
#6465=ORIENTED_EDGE('',*,*,#4490,.F.);
#6466=ORIENTED_EDGE('',*,*,#4485,.T.);
#6467=ORIENTED_EDGE('',*,*,#4491,.F.);
#6468=ORIENTED_EDGE('',*,*,#4492,.F.);
#6469=ORIENTED_EDGE('',*,*,#4493,.F.);
#6470=ORIENTED_EDGE('',*,*,#4492,.T.);
#6471=ORIENTED_EDGE('',*,*,#4494,.F.);
#6472=ORIENTED_EDGE('',*,*,#4495,.F.);
#6473=ORIENTED_EDGE('',*,*,#4496,.F.);
#6474=ORIENTED_EDGE('',*,*,#4497,.F.);
#6475=ORIENTED_EDGE('',*,*,#4498,.F.);
#6476=ORIENTED_EDGE('',*,*,#4499,.T.);
#6477=ORIENTED_EDGE('',*,*,#4500,.F.);
#6478=ORIENTED_EDGE('',*,*,#4499,.F.);
#6479=ORIENTED_EDGE('',*,*,#4501,.F.);
#6480=ORIENTED_EDGE('',*,*,#4487,.T.);
#6481=ORIENTED_EDGE('',*,*,#4502,.F.);
#6482=ORIENTED_EDGE('',*,*,#4503,.F.);
#6483=ORIENTED_EDGE('',*,*,#4504,.F.);
#6484=ORIENTED_EDGE('',*,*,#4505,.F.);
#6485=ORIENTED_EDGE('',*,*,#4506,.F.);
#6486=ORIENTED_EDGE('',*,*,#4507,.F.);
#6487=ORIENTED_EDGE('',*,*,#4508,.F.);
#6488=ORIENTED_EDGE('',*,*,#4509,.F.);
#6489=ORIENTED_EDGE('',*,*,#4510,.F.);
#6490=ORIENTED_EDGE('',*,*,#4505,.T.);
#6491=ORIENTED_EDGE('',*,*,#4511,.F.);
#6492=ORIENTED_EDGE('',*,*,#4512,.F.);
#6493=ORIENTED_EDGE('',*,*,#4513,.F.);
#6494=ORIENTED_EDGE('',*,*,#4512,.T.);
#6495=ORIENTED_EDGE('',*,*,#4514,.F.);
#6496=ORIENTED_EDGE('',*,*,#4515,.F.);
#6497=ORIENTED_EDGE('',*,*,#4516,.F.);
#6498=ORIENTED_EDGE('',*,*,#4480,.F.);
#6499=ORIENTED_EDGE('',*,*,#4517,.F.);
#6500=ORIENTED_EDGE('',*,*,#4518,.T.);
#6501=ORIENTED_EDGE('',*,*,#4519,.F.);
#6502=ORIENTED_EDGE('',*,*,#4518,.F.);
#6503=ORIENTED_EDGE('',*,*,#4520,.F.);
#6504=ORIENTED_EDGE('',*,*,#4507,.T.);
#6505=ORIENTED_EDGE('',*,*,#4488,.T.);
#6506=ORIENTED_EDGE('',*,*,#4501,.T.);
#6507=ORIENTED_EDGE('',*,*,#4498,.T.);
#6508=ORIENTED_EDGE('',*,*,#4521,.F.);
#6509=ORIENTED_EDGE('',*,*,#4508,.T.);
#6510=ORIENTED_EDGE('',*,*,#4520,.T.);
#6511=ORIENTED_EDGE('',*,*,#4517,.T.);
#6512=ORIENTED_EDGE('',*,*,#4479,.F.);
#6513=ORIENTED_EDGE('',*,*,#4522,.T.);
#6514=ORIENTED_EDGE('',*,*,#4523,.F.);
#6515=ORIENTED_EDGE('',*,*,#4524,.F.);
#6516=ORIENTED_EDGE('',*,*,#4525,.F.);
#6517=ORIENTED_EDGE('',*,*,#4482,.T.);
#6518=ORIENTED_EDGE('',*,*,#4490,.T.);
#6519=ORIENTED_EDGE('',*,*,#4493,.T.);
#6520=ORIENTED_EDGE('',*,*,#4526,.F.);
#6521=ORIENTED_EDGE('',*,*,#4502,.T.);
#6522=ORIENTED_EDGE('',*,*,#4510,.T.);
#6523=ORIENTED_EDGE('',*,*,#4513,.T.);
#6524=ORIENTED_EDGE('',*,*,#4527,.F.);
#6525=ORIENTED_EDGE('',*,*,#4476,.F.);
#6526=ORIENTED_EDGE('',*,*,#4528,.F.);
#6527=ORIENTED_EDGE('',*,*,#4529,.T.);
#6528=ORIENTED_EDGE('',*,*,#4530,.F.);
#6529=ORIENTED_EDGE('',*,*,#4467,.T.);
#6530=ORIENTED_EDGE('',*,*,#4477,.T.);
#6531=ORIENTED_EDGE('',*,*,#4527,.T.);
#6532=ORIENTED_EDGE('',*,*,#4515,.T.);
#6533=ORIENTED_EDGE('',*,*,#4531,.T.);
#6534=ORIENTED_EDGE('',*,*,#4532,.T.);
#6535=ORIENTED_EDGE('',*,*,#4495,.T.);
#6536=ORIENTED_EDGE('',*,*,#4533,.T.);
#6537=ORIENTED_EDGE('',*,*,#4503,.T.);
#6538=ORIENTED_EDGE('',*,*,#4526,.T.);
#6539=ORIENTED_EDGE('',*,*,#4497,.T.);
#6540=ORIENTED_EDGE('',*,*,#4534,.T.);
#6541=ORIENTED_EDGE('',*,*,#4509,.T.);
#6542=ORIENTED_EDGE('',*,*,#4521,.T.);
#6543=ORIENTED_EDGE('',*,*,#4489,.T.);
#6544=ORIENTED_EDGE('',*,*,#4525,.T.);
#6545=ORIENTED_EDGE('',*,*,#4535,.T.);
#6546=ORIENTED_EDGE('',*,*,#4536,.T.);
#6547=ORIENTED_EDGE('',*,*,#4483,.T.);
#6548=ORIENTED_EDGE('',*,*,#4530,.T.);
#6549=ORIENTED_EDGE('',*,*,#4537,.T.);
#6550=ORIENTED_EDGE('',*,*,#4538,.T.);
#6551=ORIENTED_EDGE('',*,*,#4539,.F.);
#6552=ORIENTED_EDGE('',*,*,#4540,.F.);
#6553=ORIENTED_EDGE('',*,*,#4541,.F.);
#6554=ORIENTED_EDGE('',*,*,#4472,.T.);
#6555=ORIENTED_EDGE('',*,*,#4542,.F.);
#6556=ORIENTED_EDGE('',*,*,#4474,.F.);
#6557=ORIENTED_EDGE('',*,*,#4543,.F.);
#6558=ORIENTED_EDGE('',*,*,#4544,.F.);
#6559=ORIENTED_EDGE('',*,*,#4545,.T.);
#6560=ORIENTED_EDGE('',*,*,#4523,.T.);
#6561=ORIENTED_EDGE('',*,*,#4546,.T.);
#6562=ORIENTED_EDGE('',*,*,#4547,.T.);
#6563=ORIENTED_EDGE('',*,*,#4543,.T.);
#6564=ORIENTED_EDGE('',*,*,#4473,.T.);
#6565=ORIENTED_EDGE('',*,*,#4541,.T.);
#6566=ORIENTED_EDGE('',*,*,#4548,.F.);
#6567=ORIENTED_EDGE('',*,*,#4549,.F.);
#6568=ORIENTED_EDGE('',*,*,#4550,.F.);
#6569=ORIENTED_EDGE('',*,*,#4551,.F.);
#6570=ORIENTED_EDGE('',*,*,#4552,.F.);
#6571=ORIENTED_EDGE('',*,*,#4540,.T.);
#6572=ORIENTED_EDGE('',*,*,#4553,.T.);
#6573=ORIENTED_EDGE('',*,*,#4554,.T.);
#6574=ORIENTED_EDGE('',*,*,#4548,.T.);
#6575=ORIENTED_EDGE('',*,*,#4486,.T.);
#6576=ORIENTED_EDGE('',*,*,#4538,.F.);
#6577=ORIENTED_EDGE('',*,*,#4555,.F.);
#6578=ORIENTED_EDGE('',*,*,#4556,.F.);
#6579=ORIENTED_EDGE('',*,*,#4470,.T.);
#6580=ORIENTED_EDGE('',*,*,#4481,.F.);
#6581=ORIENTED_EDGE('',*,*,#4516,.T.);
#6582=ORIENTED_EDGE('',*,*,#4519,.T.);
#6583=ORIENTED_EDGE('',*,*,#4506,.T.);
#6584=ORIENTED_EDGE('',*,*,#4534,.F.);
#6585=ORIENTED_EDGE('',*,*,#4496,.T.);
#6586=ORIENTED_EDGE('',*,*,#4500,.T.);
#6587=ORIENTED_EDGE('',*,*,#4557,.F.);
#6588=ORIENTED_EDGE('',*,*,#4555,.T.);
#6589=ORIENTED_EDGE('',*,*,#4537,.F.);
#6590=ORIENTED_EDGE('',*,*,#4529,.F.);
#6591=ORIENTED_EDGE('',*,*,#4468,.T.);
#6592=ORIENTED_EDGE('',*,*,#4532,.F.);
#6593=ORIENTED_EDGE('',*,*,#4558,.T.);
#6594=ORIENTED_EDGE('',*,*,#4546,.F.);
#6595=ORIENTED_EDGE('',*,*,#4522,.F.);
#6596=ORIENTED_EDGE('',*,*,#4478,.F.);
#6597=ORIENTED_EDGE('',*,*,#4464,.T.);
#6598=ORIENTED_EDGE('',*,*,#4461,.T.);
#6599=ORIENTED_EDGE('',*,*,#4484,.T.);
#6600=ORIENTED_EDGE('',*,*,#4536,.F.);
#6601=ORIENTED_EDGE('',*,*,#4559,.F.);
#6602=ORIENTED_EDGE('',*,*,#4547,.F.);
#6603=ORIENTED_EDGE('',*,*,#4558,.F.);
#6604=ORIENTED_EDGE('',*,*,#4531,.F.);
#6605=ORIENTED_EDGE('',*,*,#4514,.T.);
#6606=ORIENTED_EDGE('',*,*,#4511,.T.);
#6607=ORIENTED_EDGE('',*,*,#4504,.T.);
#6608=ORIENTED_EDGE('',*,*,#4533,.F.);
#6609=ORIENTED_EDGE('',*,*,#4494,.T.);
#6610=ORIENTED_EDGE('',*,*,#4491,.T.);
#6611=ORIENTED_EDGE('',*,*,#4559,.T.);
#6612=ORIENTED_EDGE('',*,*,#4535,.F.);
#6613=ORIENTED_EDGE('',*,*,#4524,.T.);
#6614=ORIENTED_EDGE('',*,*,#4545,.F.);
#6615=ORIENTED_EDGE('',*,*,#4542,.T.);
#6616=ORIENTED_EDGE('',*,*,#4560,.F.);
#6617=ORIENTED_EDGE('',*,*,#4561,.F.);
#6618=ORIENTED_EDGE('',*,*,#4562,.T.);
#6619=ORIENTED_EDGE('',*,*,#4563,.T.);
#6620=ORIENTED_EDGE('',*,*,#4553,.F.);
#6621=ORIENTED_EDGE('',*,*,#4539,.T.);
#6622=ORIENTED_EDGE('',*,*,#4471,.F.);
#6623=ORIENTED_EDGE('',*,*,#4556,.T.);
#6624=ORIENTED_EDGE('',*,*,#4557,.T.);
#6625=ORIENTED_EDGE('',*,*,#4528,.T.);
#6626=ORIENTED_EDGE('',*,*,#4475,.F.);
#6627=ORIENTED_EDGE('',*,*,#4564,.F.);
#6628=ORIENTED_EDGE('',*,*,#4562,.F.);
#6629=ORIENTED_EDGE('',*,*,#4565,.T.);
#6630=ORIENTED_EDGE('',*,*,#4550,.T.);
#6631=ORIENTED_EDGE('',*,*,#4561,.T.);
#6632=ORIENTED_EDGE('',*,*,#4566,.F.);
#6633=ORIENTED_EDGE('',*,*,#4551,.T.);
#6634=ORIENTED_EDGE('',*,*,#4565,.F.);
#6635=ORIENTED_EDGE('',*,*,#4563,.F.);
#6636=ORIENTED_EDGE('',*,*,#4564,.T.);
#6637=ORIENTED_EDGE('',*,*,#4549,.T.);
#6638=ORIENTED_EDGE('',*,*,#4554,.F.);
#6639=ORIENTED_EDGE('',*,*,#4544,.T.);
#6640=ORIENTED_EDGE('',*,*,#4552,.T.);
#6641=ORIENTED_EDGE('',*,*,#4566,.T.);
#6642=ORIENTED_EDGE('',*,*,#4560,.T.);
#6643=ORIENTED_EDGE('',*,*,#4567,.F.);
#6644=ORIENTED_EDGE('',*,*,#4568,.F.);
#6645=ORIENTED_EDGE('',*,*,#4569,.F.);
#6646=ORIENTED_EDGE('',*,*,#4570,.F.);
#6647=ORIENTED_EDGE('',*,*,#4571,.F.);
#6648=ORIENTED_EDGE('',*,*,#4572,.F.);
#6649=ORIENTED_EDGE('',*,*,#4573,.F.);
#6650=ORIENTED_EDGE('',*,*,#4574,.T.);
#6651=ORIENTED_EDGE('',*,*,#4575,.F.);
#6652=ORIENTED_EDGE('',*,*,#4574,.F.);
#6653=ORIENTED_EDGE('',*,*,#4576,.F.);
#6654=ORIENTED_EDGE('',*,*,#4568,.T.);
#6655=ORIENTED_EDGE('',*,*,#4569,.T.);
#6656=ORIENTED_EDGE('',*,*,#4576,.T.);
#6657=ORIENTED_EDGE('',*,*,#4573,.T.);
#6658=ORIENTED_EDGE('',*,*,#4577,.F.);
#6659=ORIENTED_EDGE('',*,*,#4578,.F.);
#6660=ORIENTED_EDGE('',*,*,#4579,.F.);
#6661=ORIENTED_EDGE('',*,*,#4580,.T.);
#6662=ORIENTED_EDGE('',*,*,#4581,.F.);
#6663=ORIENTED_EDGE('',*,*,#4572,.T.);
#6664=ORIENTED_EDGE('',*,*,#4582,.T.);
#6665=ORIENTED_EDGE('',*,*,#4583,.T.);
#6666=ORIENTED_EDGE('',*,*,#4584,.T.);
#6667=ORIENTED_EDGE('',*,*,#4585,.T.);
#6668=ORIENTED_EDGE('',*,*,#4577,.T.);
#6669=ORIENTED_EDGE('',*,*,#4570,.T.);
#6670=ORIENTED_EDGE('',*,*,#4581,.T.);
#6671=ORIENTED_EDGE('',*,*,#4586,.T.);
#6672=ORIENTED_EDGE('',*,*,#4587,.T.);
#6673=ORIENTED_EDGE('',*,*,#4588,.T.);
#6674=ORIENTED_EDGE('',*,*,#4589,.T.);
#6675=ORIENTED_EDGE('',*,*,#4590,.F.);
#6676=ORIENTED_EDGE('',*,*,#4591,.F.);
#6677=ORIENTED_EDGE('',*,*,#4592,.F.);
#6678=ORIENTED_EDGE('',*,*,#4593,.F.);
#6679=ORIENTED_EDGE('',*,*,#4594,.F.);
#6680=ORIENTED_EDGE('',*,*,#4595,.F.);
#6681=ORIENTED_EDGE('',*,*,#4596,.F.);
#6682=ORIENTED_EDGE('',*,*,#4597,.F.);
#6683=ORIENTED_EDGE('',*,*,#4598,.F.);
#6684=ORIENTED_EDGE('',*,*,#4593,.T.);
#6685=ORIENTED_EDGE('',*,*,#4599,.F.);
#6686=ORIENTED_EDGE('',*,*,#4600,.F.);
#6687=ORIENTED_EDGE('',*,*,#4601,.F.);
#6688=ORIENTED_EDGE('',*,*,#4600,.T.);
#6689=ORIENTED_EDGE('',*,*,#4602,.F.);
#6690=ORIENTED_EDGE('',*,*,#4603,.F.);
#6691=ORIENTED_EDGE('',*,*,#4604,.F.);
#6692=ORIENTED_EDGE('',*,*,#4605,.F.);
#6693=ORIENTED_EDGE('',*,*,#4606,.F.);
#6694=ORIENTED_EDGE('',*,*,#4607,.T.);
#6695=ORIENTED_EDGE('',*,*,#4608,.F.);
#6696=ORIENTED_EDGE('',*,*,#4607,.F.);
#6697=ORIENTED_EDGE('',*,*,#4609,.F.);
#6698=ORIENTED_EDGE('',*,*,#4595,.T.);
#6699=ORIENTED_EDGE('',*,*,#4610,.F.);
#6700=ORIENTED_EDGE('',*,*,#4587,.F.);
#6701=ORIENTED_EDGE('',*,*,#4611,.F.);
#6702=ORIENTED_EDGE('',*,*,#4612,.F.);
#6703=ORIENTED_EDGE('',*,*,#4613,.F.);
#6704=ORIENTED_EDGE('',*,*,#4614,.F.);
#6705=ORIENTED_EDGE('',*,*,#4615,.F.);
#6706=ORIENTED_EDGE('',*,*,#4584,.F.);
#6707=ORIENTED_EDGE('',*,*,#4616,.F.);
#6708=ORIENTED_EDGE('',*,*,#4612,.T.);
#6709=ORIENTED_EDGE('',*,*,#4617,.F.);
#6710=ORIENTED_EDGE('',*,*,#4618,.F.);
#6711=ORIENTED_EDGE('',*,*,#4619,.F.);
#6712=ORIENTED_EDGE('',*,*,#4618,.T.);
#6713=ORIENTED_EDGE('',*,*,#4620,.F.);
#6714=ORIENTED_EDGE('',*,*,#4621,.F.);
#6715=ORIENTED_EDGE('',*,*,#4622,.F.);
#6716=ORIENTED_EDGE('',*,*,#4623,.F.);
#6717=ORIENTED_EDGE('',*,*,#4624,.F.);
#6718=ORIENTED_EDGE('',*,*,#4625,.T.);
#6719=ORIENTED_EDGE('',*,*,#4626,.F.);
#6720=ORIENTED_EDGE('',*,*,#4625,.F.);
#6721=ORIENTED_EDGE('',*,*,#4627,.F.);
#6722=ORIENTED_EDGE('',*,*,#4614,.T.);
#6723=ORIENTED_EDGE('',*,*,#4596,.T.);
#6724=ORIENTED_EDGE('',*,*,#4609,.T.);
#6725=ORIENTED_EDGE('',*,*,#4606,.T.);
#6726=ORIENTED_EDGE('',*,*,#4628,.F.);
#6727=ORIENTED_EDGE('',*,*,#4629,.F.);
#6728=ORIENTED_EDGE('',*,*,#4630,.F.);
#6729=ORIENTED_EDGE('',*,*,#4578,.T.);
#6730=ORIENTED_EDGE('',*,*,#4585,.F.);
#6731=ORIENTED_EDGE('',*,*,#4615,.T.);
#6732=ORIENTED_EDGE('',*,*,#4627,.T.);
#6733=ORIENTED_EDGE('',*,*,#4624,.T.);
#6734=ORIENTED_EDGE('',*,*,#4631,.F.);
#6735=ORIENTED_EDGE('',*,*,#4590,.T.);
#6736=ORIENTED_EDGE('',*,*,#4598,.T.);
#6737=ORIENTED_EDGE('',*,*,#4601,.T.);
#6738=ORIENTED_EDGE('',*,*,#4632,.F.);
#6739=ORIENTED_EDGE('',*,*,#4633,.F.);
#6740=ORIENTED_EDGE('',*,*,#4634,.F.);
#6741=ORIENTED_EDGE('',*,*,#4635,.T.);
#6742=ORIENTED_EDGE('',*,*,#4588,.F.);
#6743=ORIENTED_EDGE('',*,*,#4610,.T.);
#6744=ORIENTED_EDGE('',*,*,#4616,.T.);
#6745=ORIENTED_EDGE('',*,*,#4619,.T.);
#6746=ORIENTED_EDGE('',*,*,#4636,.F.);
#6747=ORIENTED_EDGE('',*,*,#4591,.T.);
#6748=ORIENTED_EDGE('',*,*,#4636,.T.);
#6749=ORIENTED_EDGE('',*,*,#4621,.T.);
#6750=ORIENTED_EDGE('',*,*,#4637,.T.);
#6751=ORIENTED_EDGE('',*,*,#4605,.T.);
#6752=ORIENTED_EDGE('',*,*,#4638,.T.);
#6753=ORIENTED_EDGE('',*,*,#4639,.T.);
#6754=ORIENTED_EDGE('',*,*,#4632,.T.);
#6755=ORIENTED_EDGE('',*,*,#4603,.T.);
#6756=ORIENTED_EDGE('',*,*,#4640,.T.);
#6757=ORIENTED_EDGE('',*,*,#4641,.T.);
#6758=ORIENTED_EDGE('',*,*,#4628,.T.);
#6759=ORIENTED_EDGE('',*,*,#4597,.T.);
#6760=ORIENTED_EDGE('',*,*,#4631,.T.);
#6761=ORIENTED_EDGE('',*,*,#4623,.T.);
#6762=ORIENTED_EDGE('',*,*,#4642,.T.);
#6763=ORIENTED_EDGE('',*,*,#4643,.F.);
#6764=ORIENTED_EDGE('',*,*,#4644,.F.);
#6765=ORIENTED_EDGE('',*,*,#4633,.T.);
#6766=ORIENTED_EDGE('',*,*,#4639,.F.);
#6767=ORIENTED_EDGE('',*,*,#4592,.T.);
#6768=ORIENTED_EDGE('',*,*,#4637,.F.);
#6769=ORIENTED_EDGE('',*,*,#4620,.T.);
#6770=ORIENTED_EDGE('',*,*,#4617,.T.);
#6771=ORIENTED_EDGE('',*,*,#4611,.T.);
#6772=ORIENTED_EDGE('',*,*,#4586,.F.);
#6773=ORIENTED_EDGE('',*,*,#4580,.F.);
#6774=ORIENTED_EDGE('',*,*,#4645,.F.);
#6775=ORIENTED_EDGE('',*,*,#4646,.T.);
#6776=ORIENTED_EDGE('',*,*,#4640,.F.);
#6777=ORIENTED_EDGE('',*,*,#4602,.T.);
#6778=ORIENTED_EDGE('',*,*,#4599,.T.);
#6779=ORIENTED_EDGE('',*,*,#4567,.T.);
#6780=ORIENTED_EDGE('',*,*,#4589,.F.);
#6781=ORIENTED_EDGE('',*,*,#4635,.F.);
#6782=ORIENTED_EDGE('',*,*,#4647,.F.);
#6783=ORIENTED_EDGE('',*,*,#4648,.T.);
#6784=ORIENTED_EDGE('',*,*,#4582,.F.);
#6785=ORIENTED_EDGE('',*,*,#4571,.T.);
#6786=ORIENTED_EDGE('',*,*,#4575,.T.);
#6787=ORIENTED_EDGE('',*,*,#4594,.T.);
#6788=ORIENTED_EDGE('',*,*,#4642,.F.);
#6789=ORIENTED_EDGE('',*,*,#4622,.T.);
#6790=ORIENTED_EDGE('',*,*,#4626,.T.);
#6791=ORIENTED_EDGE('',*,*,#4613,.T.);
#6792=ORIENTED_EDGE('',*,*,#4583,.F.);
#6793=ORIENTED_EDGE('',*,*,#4648,.F.);
#6794=ORIENTED_EDGE('',*,*,#4649,.F.);
#6795=ORIENTED_EDGE('',*,*,#4643,.T.);
#6796=ORIENTED_EDGE('',*,*,#4638,.F.);
#6797=ORIENTED_EDGE('',*,*,#4604,.T.);
#6798=ORIENTED_EDGE('',*,*,#4608,.T.);
#6799=ORIENTED_EDGE('',*,*,#4646,.F.);
#6800=ORIENTED_EDGE('',*,*,#4650,.F.);
#6801=ORIENTED_EDGE('',*,*,#4629,.T.);
#6802=ORIENTED_EDGE('',*,*,#4641,.F.);
#6803=ORIENTED_EDGE('',*,*,#4649,.T.);
#6804=ORIENTED_EDGE('',*,*,#4647,.T.);
#6805=ORIENTED_EDGE('',*,*,#4634,.T.);
#6806=ORIENTED_EDGE('',*,*,#4644,.T.);
#6807=ORIENTED_EDGE('',*,*,#4650,.T.);
#6808=ORIENTED_EDGE('',*,*,#4645,.T.);
#6809=ORIENTED_EDGE('',*,*,#4579,.T.);
#6810=ORIENTED_EDGE('',*,*,#4630,.T.);
#6811=PLANE('',#7429);
#6812=PLANE('',#7433);
#6813=PLANE('',#7437);
#6814=PLANE('',#7441);
#6815=PLANE('',#7445);
#6816=PLANE('',#7449);
#6817=PLANE('',#7453);
#6818=PLANE('',#7457);
#6819=PLANE('',#7461);
#6820=PLANE('',#7465);
#6821=PLANE('',#7469);
#6822=PLANE('',#7473);
#6823=PLANE('',#7477);
#6824=PLANE('',#7481);
#6825=PLANE('',#7485);
#6826=PLANE('',#7489);
#6827=PLANE('',#7493);
#6828=PLANE('',#7497);
#6829=PLANE('',#7501);
#6830=PLANE('',#7505);
#6831=PLANE('',#7509);
#6832=PLANE('',#7513);
#6833=PLANE('',#7517);
#6834=PLANE('',#7521);
#6835=PLANE('',#7525);
#6836=PLANE('',#7529);
#6837=PLANE('',#7533);
#6838=PLANE('',#7537);
#6839=PLANE('',#7541);
#6840=PLANE('',#7545);
#6841=PLANE('',#7549);
#6842=PLANE('',#7553);
#6843=PLANE('',#7557);
#6844=PLANE('',#7561);
#6845=PLANE('',#7565);
#6846=PLANE('',#7569);
#6847=PLANE('',#7573);
#6848=PLANE('',#7577);
#6849=PLANE('',#7578);
#6850=PLANE('',#7582);
#6851=PLANE('',#7586);
#6852=PLANE('',#7587);
#6853=PLANE('',#7588);
#6854=PLANE('',#7592);
#6855=PLANE('',#7596);
#6856=PLANE('',#7597);
#6857=PLANE('',#7598);
#6858=PLANE('',#7602);
#6859=PLANE('',#7606);
#6860=PLANE('',#7607);
#6861=PLANE('',#7611);
#6862=PLANE('',#7612);
#6863=PLANE('',#7616);
#6864=PLANE('',#7620);
#6865=PLANE('',#7624);
#6866=PLANE('',#7628);
#6867=PLANE('',#7632);
#6868=PLANE('',#7636);
#6869=PLANE('',#7637);
#6870=PLANE('',#7641);
#6871=PLANE('',#7642);
#6872=PLANE('',#7646);
#6873=PLANE('',#7650);
#6874=PLANE('',#7651);
#6875=PLANE('',#7655);
#6876=PLANE('',#7656);
#6877=PLANE('',#7660);
#6878=PLANE('',#7664);
#6879=PLANE('',#7668);
#6880=PLANE('',#7672);
#6881=PLANE('',#7676);
#6882=PLANE('',#7680);
#6883=PLANE('',#7681);
#6884=PLANE('',#7685);
#6885=PLANE('',#7689);
#6886=PLANE('',#7693);
#6887=PLANE('',#7697);
#6888=PLANE('',#7701);
#6889=PLANE('',#7705);
#6890=PLANE('',#7709);
#6891=PLANE('',#7713);
#6892=PLANE('',#7717);
#6893=PLANE('',#7718);
#6894=PLANE('',#7722);
#6895=PLANE('',#7726);
#6896=PLANE('',#7727);
#6897=PLANE('',#7728);
#6898=PLANE('',#7732);
#6899=PLANE('',#7736);
#6900=PLANE('',#7737);
#6901=PLANE('',#7738);
#6902=PLANE('',#7742);
#6903=PLANE('',#7746);
#6904=PLANE('',#7747);
#6905=PLANE('',#7751);
#6906=PLANE('',#7752);
#6907=PLANE('',#7756);
#6908=PLANE('',#7760);
#6909=PLANE('',#7764);
#6910=PLANE('',#7768);
#6911=PLANE('',#7772);
#6912=PLANE('',#7776);
#6913=PLANE('',#7777);
#6914=PLANE('',#7781);
#6915=PLANE('',#7782);
#6916=PLANE('',#7786);
#6917=PLANE('',#7790);
#6918=PLANE('',#7791);
#6919=PLANE('',#7795);
#6920=PLANE('',#7796);
#6921=PLANE('',#7800);
#6922=PLANE('',#7804);
#6923=PLANE('',#7808);
#6924=PLANE('',#7812);
#6925=PLANE('',#7816);
#6926=PLANE('',#7820);
#6927=PLANE('',#7821);
#6928=PLANE('',#7825);
#6929=PLANE('',#7829);
#6930=PLANE('',#7833);
#6931=PLANE('',#7837);
#6932=PLANE('',#7841);
#6933=PLANE('',#7845);
#6934=PLANE('',#7849);
#6935=PLANE('',#7853);
#6936=PLANE('',#7857);
#6937=PLANE('',#7861);
#6938=PLANE('',#7865);
#6939=PLANE('',#7869);
#6940=PLANE('',#7873);
#6941=PLANE('',#7874);
#6942=PLANE('',#7878);
#6943=PLANE('',#7882);
#6944=PLANE('',#7883);
#6945=PLANE('',#7884);
#6946=PLANE('',#7888);
#6947=PLANE('',#7892);
#6948=PLANE('',#7893);
#6949=PLANE('',#7894);
#6950=PLANE('',#7898);
#6951=PLANE('',#7902);
#6952=PLANE('',#7903);
#6953=PLANE('',#7907);
#6954=PLANE('',#7908);
#6955=PLANE('',#7912);
#6956=PLANE('',#7916);
#6957=PLANE('',#7920);
#6958=PLANE('',#7924);
#6959=PLANE('',#7928);
#6960=PLANE('',#7932);
#6961=PLANE('',#7933);
#6962=PLANE('',#7937);
#6963=PLANE('',#7938);
#6964=PLANE('',#7942);
#6965=PLANE('',#7946);
#6966=PLANE('',#7947);
#6967=PLANE('',#7951);
#6968=PLANE('',#7952);
#6969=PLANE('',#7956);
#6970=PLANE('',#7960);
#6971=PLANE('',#7964);
#6972=PLANE('',#7968);
#6973=PLANE('',#7972);
#6974=PLANE('',#7976);
#6975=PLANE('',#7977);
#6976=PLANE('',#7978);
#6977=PLANE('',#7979);
#6978=PLANE('',#7980);
#6979=PLANE('',#7981);
#6980=PLANE('',#7982);
#6981=PLANE('',#7983);
#6982=PLANE('',#7984);
#6983=PLANE('',#7985);
#6984=PLANE('',#7986);
#6985=PLANE('',#7987);
#6986=PLANE('',#7988);
#6987=PLANE('',#7989);
#6988=PLANE('',#7990);
#6989=PLANE('',#7991);
#6990=PLANE('',#7992);
#6991=PLANE('',#7993);
#6992=PLANE('',#7994);
#6993=PLANE('',#7995);
#6994=PLANE('',#7996);
#6995=PLANE('',#7997);
#6996=PLANE('',#7998);
#6997=PLANE('',#7999);
#6998=PLANE('',#8000);
#6999=PLANE('',#8001);
#7000=PLANE('',#8002);
#7001=PLANE('',#8003);
#7002=PLANE('',#8004);
#7003=PLANE('',#8005);
#7004=PLANE('',#8006);
#7005=PLANE('',#8007);
#7006=PLANE('',#8008);
#7007=PLANE('',#8009);
#7008=PLANE('',#8010);
#7009=PLANE('',#8011);
#7010=PLANE('',#8012);
#7011=PLANE('',#8013);
#7012=PLANE('',#8014);
#7013=PLANE('',#8015);
#7014=PLANE('',#8016);
#7015=PLANE('',#8017);
#7016=PLANE('',#8018);
#7017=PLANE('',#8019);
#7018=PLANE('',#8020);
#7019=PLANE('',#8021);
#7020=PLANE('',#8022);
#7021=PLANE('',#8023);
#7022=PLANE('',#8024);
#7023=PLANE('',#8025);
#7024=PLANE('',#8026);
#7025=PLANE('',#8027);
#7026=PLANE('',#8028);
#7027=PLANE('',#8029);
#7028=PLANE('',#8030);
#7029=PLANE('',#8031);
#7030=PLANE('',#8032);
#7031=PLANE('',#8033);
#7032=PLANE('',#8034);
#7033=PLANE('',#8035);
#7034=PLANE('',#8036);
#7035=PLANE('',#8037);
#7036=PLANE('',#8038);
#7037=PLANE('',#8039);
#7038=PLANE('',#8040);
#7039=PLANE('',#8041);
#7040=PLANE('',#8042);
#7041=PLANE('',#8043);
#7042=PLANE('',#8044);
#7043=PLANE('',#8045);
#7044=PLANE('',#8046);
#7045=PLANE('',#8047);
#7046=PLANE('',#8048);
#7047=PLANE('',#8049);
#7048=ADVANCED_FACE('',(#438),#6811,.T.);
#7049=ADVANCED_FACE('',(#439),#310,.F.);
#7050=ADVANCED_FACE('',(#440),#6812,.T.);
#7051=ADVANCED_FACE('',(#441),#311,.F.);
#7052=ADVANCED_FACE('',(#442),#6813,.T.);
#7053=ADVANCED_FACE('',(#443),#312,.F.);
#7054=ADVANCED_FACE('',(#444),#6814,.T.);
#7055=ADVANCED_FACE('',(#445),#313,.F.);
#7056=ADVANCED_FACE('',(#446),#6815,.T.);
#7057=ADVANCED_FACE('',(#447),#314,.F.);
#7058=ADVANCED_FACE('',(#448),#6816,.T.);
#7059=ADVANCED_FACE('',(#449),#315,.F.);
#7060=ADVANCED_FACE('',(#450),#6817,.T.);
#7061=ADVANCED_FACE('',(#451),#316,.F.);
#7062=ADVANCED_FACE('',(#452),#6818,.T.);
#7063=ADVANCED_FACE('',(#453),#317,.F.);
#7064=ADVANCED_FACE('',(#454),#6819,.T.);
#7065=ADVANCED_FACE('',(#455),#318,.F.);
#7066=ADVANCED_FACE('',(#456),#6820,.T.);
#7067=ADVANCED_FACE('',(#457),#319,.F.);
#7068=ADVANCED_FACE('',(#458),#6821,.T.);
#7069=ADVANCED_FACE('',(#459),#320,.F.);
#7070=ADVANCED_FACE('',(#460),#6822,.T.);
#7071=ADVANCED_FACE('',(#461),#321,.F.);
#7072=ADVANCED_FACE('',(#462),#6823,.T.);
#7073=ADVANCED_FACE('',(#463),#322,.F.);
#7074=ADVANCED_FACE('',(#464),#6824,.T.);
#7075=ADVANCED_FACE('',(#465),#323,.F.);
#7076=ADVANCED_FACE('',(#466),#6825,.T.);
#7077=ADVANCED_FACE('',(#467),#324,.F.);
#7078=ADVANCED_FACE('',(#468),#6826,.T.);
#7079=ADVANCED_FACE('',(#469),#325,.F.);
#7080=ADVANCED_FACE('',(#470),#6827,.T.);
#7081=ADVANCED_FACE('',(#471),#326,.F.);
#7082=ADVANCED_FACE('',(#472),#6828,.T.);
#7083=ADVANCED_FACE('',(#473),#327,.F.);
#7084=ADVANCED_FACE('',(#474),#6829,.T.);
#7085=ADVANCED_FACE('',(#475),#328,.F.);
#7086=ADVANCED_FACE('',(#476),#6830,.T.);
#7087=ADVANCED_FACE('',(#477),#329,.F.);
#7088=ADVANCED_FACE('',(#478),#6831,.T.);
#7089=ADVANCED_FACE('',(#479),#330,.F.);
#7090=ADVANCED_FACE('',(#480),#6832,.T.);
#7091=ADVANCED_FACE('',(#481),#331,.F.);
#7092=ADVANCED_FACE('',(#482),#6833,.T.);
#7093=ADVANCED_FACE('',(#483),#332,.F.);
#7094=ADVANCED_FACE('',(#484),#6834,.T.);
#7095=ADVANCED_FACE('',(#485),#333,.F.);
#7096=ADVANCED_FACE('',(#486),#6835,.T.);
#7097=ADVANCED_FACE('',(#487),#334,.F.);
#7098=ADVANCED_FACE('',(#488),#6836,.T.);
#7099=ADVANCED_FACE('',(#489),#335,.F.);
#7100=ADVANCED_FACE('',(#490),#6837,.T.);
#7101=ADVANCED_FACE('',(#491),#336,.F.);
#7102=ADVANCED_FACE('',(#492),#6838,.T.);
#7103=ADVANCED_FACE('',(#493),#337,.F.);
#7104=ADVANCED_FACE('',(#494),#6839,.T.);
#7105=ADVANCED_FACE('',(#495),#338,.F.);
#7106=ADVANCED_FACE('',(#496),#6840,.T.);
#7107=ADVANCED_FACE('',(#497),#339,.F.);
#7108=ADVANCED_FACE('',(#498),#6841,.T.);
#7109=ADVANCED_FACE('',(#499),#340,.F.);
#7110=ADVANCED_FACE('',(#500),#6842,.T.);
#7111=ADVANCED_FACE('',(#501),#341,.F.);
#7112=ADVANCED_FACE('',(#502),#6843,.T.);
#7113=ADVANCED_FACE('',(#503),#342,.F.);
#7114=ADVANCED_FACE('',(#504),#6844,.T.);
#7115=ADVANCED_FACE('',(#505),#343,.F.);
#7116=ADVANCED_FACE('',(#506),#6845,.T.);
#7117=ADVANCED_FACE('',(#507),#344,.F.);
#7118=ADVANCED_FACE('',(#508),#6846,.T.);
#7119=ADVANCED_FACE('',(#509),#345,.F.);
#7120=ADVANCED_FACE('',(#510),#6847,.T.);
#7121=ADVANCED_FACE('',(#511),#346,.F.);
#7122=ADVANCED_FACE('',(#512),#6848,.T.);
#7123=ADVANCED_FACE('',(#513),#6849,.T.);
#7124=ADVANCED_FACE('',(#514),#347,.F.);
#7125=ADVANCED_FACE('',(#515),#6850,.T.);
#7126=ADVANCED_FACE('',(#516),#348,.F.);
#7127=ADVANCED_FACE('',(#517),#6851,.T.);
#7128=ADVANCED_FACE('',(#518),#6852,.T.);
#7129=ADVANCED_FACE('',(#519),#6853,.T.);
#7130=ADVANCED_FACE('',(#520),#349,.F.);
#7131=ADVANCED_FACE('',(#521),#6854,.T.);
#7132=ADVANCED_FACE('',(#522),#350,.F.);
#7133=ADVANCED_FACE('',(#523),#6855,.T.);
#7134=ADVANCED_FACE('',(#524),#6856,.T.);
#7135=ADVANCED_FACE('',(#525),#6857,.T.);
#7136=ADVANCED_FACE('',(#526),#351,.F.);
#7137=ADVANCED_FACE('',(#527),#6858,.T.);
#7138=ADVANCED_FACE('',(#528),#352,.F.);
#7139=ADVANCED_FACE('',(#529),#6859,.T.);
#7140=ADVANCED_FACE('',(#530),#6860,.T.);
#7141=ADVANCED_FACE('',(#531),#353,.F.);
#7142=ADVANCED_FACE('',(#532),#6861,.T.);
#7143=ADVANCED_FACE('',(#533),#6862,.T.);
#7144=ADVANCED_FACE('',(#534),#354,.T.);
#7145=ADVANCED_FACE('',(#535),#6863,.T.);
#7146=ADVANCED_FACE('',(#536),#355,.F.);
#7147=ADVANCED_FACE('',(#537),#6864,.T.);
#7148=ADVANCED_FACE('',(#538),#356,.T.);
#7149=ADVANCED_FACE('',(#539),#6865,.T.);
#7150=ADVANCED_FACE('',(#540),#357,.F.);
#7151=ADVANCED_FACE('',(#541),#6866,.T.);
#7152=ADVANCED_FACE('',(#542),#358,.F.);
#7153=ADVANCED_FACE('',(#543),#6867,.T.);
#7154=ADVANCED_FACE('',(#544),#359,.T.);
#7155=ADVANCED_FACE('',(#545),#6868,.T.);
#7156=ADVANCED_FACE('',(#546),#6869,.T.);
#7157=ADVANCED_FACE('',(#547),#360,.T.);
#7158=ADVANCED_FACE('',(#548),#6870,.T.);
#7159=ADVANCED_FACE('',(#549),#6871,.T.);
#7160=ADVANCED_FACE('',(#550),#361,.F.);
#7161=ADVANCED_FACE('',(#551),#6872,.T.);
#7162=ADVANCED_FACE('',(#552),#362,.F.);
#7163=ADVANCED_FACE('',(#553),#6873,.T.);
#7164=ADVANCED_FACE('',(#554),#6874,.T.);
#7165=ADVANCED_FACE('',(#555),#363,.T.);
#7166=ADVANCED_FACE('',(#556),#6875,.T.);
#7167=ADVANCED_FACE('',(#557),#6876,.T.);
#7168=ADVANCED_FACE('',(#558),#364,.T.);
#7169=ADVANCED_FACE('',(#559),#6877,.T.);
#7170=ADVANCED_FACE('',(#560),#365,.F.);
#7171=ADVANCED_FACE('',(#561),#6878,.T.);
#7172=ADVANCED_FACE('',(#562),#366,.F.);
#7173=ADVANCED_FACE('',(#563),#6879,.T.);
#7174=ADVANCED_FACE('',(#564),#367,.T.);
#7175=ADVANCED_FACE('',(#565),#6880,.T.);
#7176=ADVANCED_FACE('',(#566),#368,.F.);
#7177=ADVANCED_FACE('',(#567),#6881,.T.);
#7178=ADVANCED_FACE('',(#568),#369,.T.);
#7179=ADVANCED_FACE('',(#569),#6882,.T.);
#7180=ADVANCED_FACE('',(#570),#6883,.T.);
#7181=ADVANCED_FACE('',(#571),#370,.F.);
#7182=ADVANCED_FACE('',(#572),#6884,.T.);
#7183=ADVANCED_FACE('',(#573),#371,.F.);
#7184=ADVANCED_FACE('',(#574),#6885,.T.);
#7185=ADVANCED_FACE('',(#575),#372,.F.);
#7186=ADVANCED_FACE('',(#576),#6886,.T.);
#7187=ADVANCED_FACE('',(#577),#373,.F.);
#7188=ADVANCED_FACE('',(#578),#6887,.T.);
#7189=ADVANCED_FACE('',(#579),#374,.F.);
#7190=ADVANCED_FACE('',(#580),#6888,.T.);
#7191=ADVANCED_FACE('',(#581),#375,.F.);
#7192=ADVANCED_FACE('',(#582),#6889,.T.);
#7193=ADVANCED_FACE('',(#583),#376,.F.);
#7194=ADVANCED_FACE('',(#584),#6890,.T.);
#7195=ADVANCED_FACE('',(#585),#377,.F.);
#7196=ADVANCED_FACE('',(#586),#6891,.T.);
#7197=ADVANCED_FACE('',(#587),#378,.F.);
#7198=ADVANCED_FACE('',(#588),#6892,.T.);
#7199=ADVANCED_FACE('',(#589),#6893,.T.);
#7200=ADVANCED_FACE('',(#590),#379,.F.);
#7201=ADVANCED_FACE('',(#591),#6894,.T.);
#7202=ADVANCED_FACE('',(#592),#380,.F.);
#7203=ADVANCED_FACE('',(#593),#6895,.T.);
#7204=ADVANCED_FACE('',(#594),#6896,.T.);
#7205=ADVANCED_FACE('',(#595),#6897,.T.);
#7206=ADVANCED_FACE('',(#596),#381,.F.);
#7207=ADVANCED_FACE('',(#597),#6898,.T.);
#7208=ADVANCED_FACE('',(#598),#382,.F.);
#7209=ADVANCED_FACE('',(#599),#6899,.T.);
#7210=ADVANCED_FACE('',(#600),#6900,.T.);
#7211=ADVANCED_FACE('',(#601),#6901,.T.);
#7212=ADVANCED_FACE('',(#602),#383,.F.);
#7213=ADVANCED_FACE('',(#603),#6902,.T.);
#7214=ADVANCED_FACE('',(#604),#384,.F.);
#7215=ADVANCED_FACE('',(#605),#6903,.T.);
#7216=ADVANCED_FACE('',(#606),#6904,.T.);
#7217=ADVANCED_FACE('',(#607),#385,.F.);
#7218=ADVANCED_FACE('',(#608),#6905,.T.);
#7219=ADVANCED_FACE('',(#609),#6906,.T.);
#7220=ADVANCED_FACE('',(#610),#386,.T.);
#7221=ADVANCED_FACE('',(#611),#6907,.T.);
#7222=ADVANCED_FACE('',(#612),#387,.F.);
#7223=ADVANCED_FACE('',(#613),#6908,.T.);
#7224=ADVANCED_FACE('',(#614),#388,.T.);
#7225=ADVANCED_FACE('',(#615),#6909,.T.);
#7226=ADVANCED_FACE('',(#616),#389,.F.);
#7227=ADVANCED_FACE('',(#617),#6910,.T.);
#7228=ADVANCED_FACE('',(#618),#390,.F.);
#7229=ADVANCED_FACE('',(#619),#6911,.T.);
#7230=ADVANCED_FACE('',(#620),#391,.T.);
#7231=ADVANCED_FACE('',(#621),#6912,.T.);
#7232=ADVANCED_FACE('',(#622),#6913,.T.);
#7233=ADVANCED_FACE('',(#623),#392,.T.);
#7234=ADVANCED_FACE('',(#624),#6914,.T.);
#7235=ADVANCED_FACE('',(#625),#6915,.T.);
#7236=ADVANCED_FACE('',(#626),#393,.F.);
#7237=ADVANCED_FACE('',(#627),#6916,.T.);
#7238=ADVANCED_FACE('',(#628),#394,.F.);
#7239=ADVANCED_FACE('',(#629),#6917,.T.);
#7240=ADVANCED_FACE('',(#630),#6918,.T.);
#7241=ADVANCED_FACE('',(#631),#395,.T.);
#7242=ADVANCED_FACE('',(#632),#6919,.T.);
#7243=ADVANCED_FACE('',(#633),#6920,.T.);
#7244=ADVANCED_FACE('',(#634),#396,.T.);
#7245=ADVANCED_FACE('',(#635),#6921,.T.);
#7246=ADVANCED_FACE('',(#636),#397,.F.);
#7247=ADVANCED_FACE('',(#637),#6922,.T.);
#7248=ADVANCED_FACE('',(#638),#398,.F.);
#7249=ADVANCED_FACE('',(#639),#6923,.T.);
#7250=ADVANCED_FACE('',(#640),#399,.T.);
#7251=ADVANCED_FACE('',(#641),#6924,.T.);
#7252=ADVANCED_FACE('',(#642),#400,.F.);
#7253=ADVANCED_FACE('',(#643),#6925,.T.);
#7254=ADVANCED_FACE('',(#644),#401,.T.);
#7255=ADVANCED_FACE('',(#645),#6926,.T.);
#7256=ADVANCED_FACE('',(#646),#6927,.T.);
#7257=ADVANCED_FACE('',(#647),#402,.F.);
#7258=ADVANCED_FACE('',(#648),#6928,.T.);
#7259=ADVANCED_FACE('',(#649),#403,.F.);
#7260=ADVANCED_FACE('',(#650),#6929,.T.);
#7261=ADVANCED_FACE('',(#651),#404,.F.);
#7262=ADVANCED_FACE('',(#652),#6930,.T.);
#7263=ADVANCED_FACE('',(#653),#405,.F.);
#7264=ADVANCED_FACE('',(#654),#6931,.T.);
#7265=ADVANCED_FACE('',(#655),#406,.F.);
#7266=ADVANCED_FACE('',(#656),#6932,.T.);
#7267=ADVANCED_FACE('',(#657),#407,.F.);
#7268=ADVANCED_FACE('',(#658),#6933,.T.);
#7269=ADVANCED_FACE('',(#659),#408,.F.);
#7270=ADVANCED_FACE('',(#660),#6934,.T.);
#7271=ADVANCED_FACE('',(#661),#409,.F.);
#7272=ADVANCED_FACE('',(#662),#6935,.T.);
#7273=ADVANCED_FACE('',(#663),#410,.F.);
#7274=ADVANCED_FACE('',(#664),#6936,.T.);
#7275=ADVANCED_FACE('',(#665),#411,.F.);
#7276=ADVANCED_FACE('',(#666),#6937,.T.);
#7277=ADVANCED_FACE('',(#667),#412,.F.);
#7278=ADVANCED_FACE('',(#668),#6938,.T.);
#7279=ADVANCED_FACE('',(#669),#413,.F.);
#7280=ADVANCED_FACE('',(#670),#6939,.T.);
#7281=ADVANCED_FACE('',(#671),#414,.F.);
#7282=ADVANCED_FACE('',(#672),#6940,.T.);
#7283=ADVANCED_FACE('',(#673),#6941,.T.);
#7284=ADVANCED_FACE('',(#674),#415,.F.);
#7285=ADVANCED_FACE('',(#675),#6942,.T.);
#7286=ADVANCED_FACE('',(#676),#416,.F.);
#7287=ADVANCED_FACE('',(#677),#6943,.T.);
#7288=ADVANCED_FACE('',(#678),#6944,.T.);
#7289=ADVANCED_FACE('',(#679),#6945,.T.);
#7290=ADVANCED_FACE('',(#680),#417,.F.);
#7291=ADVANCED_FACE('',(#681),#6946,.T.);
#7292=ADVANCED_FACE('',(#682),#418,.F.);
#7293=ADVANCED_FACE('',(#683),#6947,.T.);
#7294=ADVANCED_FACE('',(#684),#6948,.T.);
#7295=ADVANCED_FACE('',(#685),#6949,.T.);
#7296=ADVANCED_FACE('',(#686),#419,.F.);
#7297=ADVANCED_FACE('',(#687),#6950,.T.);
#7298=ADVANCED_FACE('',(#688),#420,.F.);
#7299=ADVANCED_FACE('',(#689),#6951,.T.);
#7300=ADVANCED_FACE('',(#690),#6952,.T.);
#7301=ADVANCED_FACE('',(#691),#421,.F.);
#7302=ADVANCED_FACE('',(#692),#6953,.T.);
#7303=ADVANCED_FACE('',(#693),#6954,.T.);
#7304=ADVANCED_FACE('',(#694),#422,.T.);
#7305=ADVANCED_FACE('',(#695),#6955,.T.);
#7306=ADVANCED_FACE('',(#696),#423,.F.);
#7307=ADVANCED_FACE('',(#697),#6956,.T.);
#7308=ADVANCED_FACE('',(#698),#424,.T.);
#7309=ADVANCED_FACE('',(#699),#6957,.T.);
#7310=ADVANCED_FACE('',(#700),#425,.F.);
#7311=ADVANCED_FACE('',(#701),#6958,.T.);
#7312=ADVANCED_FACE('',(#702),#426,.F.);
#7313=ADVANCED_FACE('',(#703),#6959,.T.);
#7314=ADVANCED_FACE('',(#704),#427,.T.);
#7315=ADVANCED_FACE('',(#705),#6960,.T.);
#7316=ADVANCED_FACE('',(#706),#6961,.T.);
#7317=ADVANCED_FACE('',(#707),#428,.T.);
#7318=ADVANCED_FACE('',(#708),#6962,.T.);
#7319=ADVANCED_FACE('',(#709),#6963,.T.);
#7320=ADVANCED_FACE('',(#710),#429,.F.);
#7321=ADVANCED_FACE('',(#711),#6964,.T.);
#7322=ADVANCED_FACE('',(#712),#430,.F.);
#7323=ADVANCED_FACE('',(#713),#6965,.T.);
#7324=ADVANCED_FACE('',(#714),#6966,.T.);
#7325=ADVANCED_FACE('',(#715),#431,.T.);
#7326=ADVANCED_FACE('',(#716),#6967,.T.);
#7327=ADVANCED_FACE('',(#717),#6968,.T.);
#7328=ADVANCED_FACE('',(#718),#432,.T.);
#7329=ADVANCED_FACE('',(#719),#6969,.T.);
#7330=ADVANCED_FACE('',(#720),#433,.F.);
#7331=ADVANCED_FACE('',(#721),#6970,.T.);
#7332=ADVANCED_FACE('',(#722),#434,.F.);
#7333=ADVANCED_FACE('',(#723),#6971,.T.);
#7334=ADVANCED_FACE('',(#724),#435,.T.);
#7335=ADVANCED_FACE('',(#725),#6972,.T.);
#7336=ADVANCED_FACE('',(#726),#436,.F.);
#7337=ADVANCED_FACE('',(#727),#6973,.T.);
#7338=ADVANCED_FACE('',(#728),#437,.T.);
#7339=ADVANCED_FACE('',(#729),#6974,.T.);
#7340=ADVANCED_FACE('',(#730),#6975,.T.);
#7341=ADVANCED_FACE('',(#731),#6976,.T.);
#7342=ADVANCED_FACE('',(#732),#6977,.T.);
#7343=ADVANCED_FACE('',(#733),#6978,.T.);
#7344=ADVANCED_FACE('',(#734,#19,#20,#21,#22,#23,#24,#25,#26,#27,#28,#29,
#30,#31,#32,#33,#34,#35),#6979,.T.);
#7345=ADVANCED_FACE('',(#735,#36,#37,#38,#39,#40,#41,#42,#43,#44,#45,#46,
#47,#48,#49,#50,#51,#52),#6980,.F.);
#7346=ADVANCED_FACE('',(#736),#6981,.F.);
#7347=ADVANCED_FACE('',(#737),#6982,.F.);
#7348=ADVANCED_FACE('',(#738),#6983,.F.);
#7349=ADVANCED_FACE('',(#739),#6984,.T.);
#7350=ADVANCED_FACE('',(#740),#6985,.T.);
#7351=ADVANCED_FACE('',(#741),#6986,.F.);
#7352=ADVANCED_FACE('',(#742),#6987,.F.);
#7353=ADVANCED_FACE('',(#743),#6988,.F.);
#7354=ADVANCED_FACE('',(#744),#6989,.F.);
#7355=ADVANCED_FACE('',(#745),#6990,.F.);
#7356=ADVANCED_FACE('',(#746),#6991,.F.);
#7357=ADVANCED_FACE('',(#747),#6992,.F.);
#7358=ADVANCED_FACE('',(#748),#6993,.F.);
#7359=ADVANCED_FACE('',(#749),#6994,.F.);
#7360=ADVANCED_FACE('',(#750),#6995,.F.);
#7361=ADVANCED_FACE('',(#751),#6996,.F.);
#7362=ADVANCED_FACE('',(#752),#6997,.F.);
#7363=ADVANCED_FACE('',(#753),#6998,.T.);
#7364=ADVANCED_FACE('',(#754),#6999,.T.);
#7365=ADVANCED_FACE('',(#755),#7000,.T.);
#7366=ADVANCED_FACE('',(#756),#7001,.T.);
#7367=ADVANCED_FACE('',(#757),#7002,.T.);
#7368=ADVANCED_FACE('',(#758),#7003,.T.);
#7369=ADVANCED_FACE('',(#759),#7004,.F.);
#7370=ADVANCED_FACE('',(#760),#7005,.F.);
#7371=ADVANCED_FACE('',(#761,#53),#7006,.T.);
#7372=ADVANCED_FACE('',(#762),#7007,.F.);
#7373=ADVANCED_FACE('',(#763),#7008,.T.);
#7374=ADVANCED_FACE('',(#764),#7009,.T.);
#7375=ADVANCED_FACE('',(#765),#7010,.T.);
#7376=ADVANCED_FACE('',(#766),#7011,.T.);
#7377=ADVANCED_FACE('',(#767),#7012,.T.);
#7378=ADVANCED_FACE('',(#768),#7013,.T.);
#7379=ADVANCED_FACE('',(#769),#7014,.F.);
#7380=ADVANCED_FACE('',(#770),#7015,.F.);
#7381=ADVANCED_FACE('',(#771),#7016,.F.);
#7382=ADVANCED_FACE('',(#772),#7017,.F.);
#7383=ADVANCED_FACE('',(#773),#7018,.F.);
#7384=ADVANCED_FACE('',(#774),#7019,.F.);
#7385=ADVANCED_FACE('',(#775),#7020,.F.);
#7386=ADVANCED_FACE('',(#776),#7021,.T.);
#7387=ADVANCED_FACE('',(#777),#7022,.T.);
#7388=ADVANCED_FACE('',(#778),#7023,.T.);
#7389=ADVANCED_FACE('',(#779),#7024,.F.);
#7390=ADVANCED_FACE('',(#780),#7025,.F.);
#7391=ADVANCED_FACE('',(#781),#7026,.F.);
#7392=ADVANCED_FACE('',(#782),#7027,.F.);
#7393=ADVANCED_FACE('',(#783),#7028,.F.);
#7394=ADVANCED_FACE('',(#784),#7029,.F.);
#7395=ADVANCED_FACE('',(#785),#7030,.F.);
#7396=ADVANCED_FACE('',(#786),#7031,.F.);
#7397=ADVANCED_FACE('',(#787),#7032,.F.);
#7398=ADVANCED_FACE('',(#788),#7033,.F.);
#7399=ADVANCED_FACE('',(#789),#7034,.F.);
#7400=ADVANCED_FACE('',(#790),#7035,.F.);
#7401=ADVANCED_FACE('',(#791),#7036,.T.);
#7402=ADVANCED_FACE('',(#792),#7037,.T.);
#7403=ADVANCED_FACE('',(#793),#7038,.T.);
#7404=ADVANCED_FACE('',(#794),#7039,.T.);
#7405=ADVANCED_FACE('',(#795),#7040,.T.);
#7406=ADVANCED_FACE('',(#796),#7041,.T.);
#7407=ADVANCED_FACE('',(#797),#7042,.T.);
#7408=ADVANCED_FACE('',(#798),#7043,.T.);
#7409=ADVANCED_FACE('',(#799),#7044,.T.);
#7410=ADVANCED_FACE('',(#800),#7045,.T.);
#7411=ADVANCED_FACE('',(#801),#7046,.T.);
#7412=ADVANCED_FACE('',(#802),#7047,.F.);
#7413=CLOSED_SHELL('',(#7048,#7049,#7050,#7051,#7052,#7053,#7054,#7055,
#7056,#7057,#7058,#7059,#7060,#7061,#7062,#7063,#7064,#7065,#7066,#7067,
#7068,#7069,#7070,#7071,#7072,#7073,#7074,#7075,#7076,#7077,#7078,#7079,
#7080,#7081,#7082,#7083,#7084,#7085,#7086,#7087,#7088,#7089,#7090,#7091,
#7092,#7093,#7094,#7095,#7096,#7097,#7098,#7099,#7100,#7101,#7102,#7103,
#7104,#7105,#7106,#7107,#7108,#7109,#7110,#7111,#7112,#7113,#7114,#7115,
#7116,#7117,#7118,#7119,#7120,#7121,#7122,#7123,#7124,#7125,#7126,#7127,
#7128,#7129,#7130,#7131,#7132,#7133,#7134,#7135,#7136,#7137,#7138,#7139,
#7140,#7141,#7142,#7143,#7144,#7145,#7146,#7147,#7148,#7149,#7150,#7151,
#7152,#7153,#7154,#7155,#7156,#7157,#7158,#7159,#7160,#7161,#7162,#7163,
#7164,#7165,#7166,#7167,#7168,#7169,#7170,#7171,#7172,#7173,#7174,#7175,
#7176,#7177,#7178,#7179,#7180,#7181,#7182,#7183,#7184,#7185,#7186,#7187,
#7188,#7189,#7190,#7191,#7192,#7193,#7194,#7195,#7196,#7197,#7198,#7199,
#7200,#7201,#7202,#7203,#7204,#7205,#7206,#7207,#7208,#7209,#7210,#7211,
#7212,#7213,#7214,#7215,#7216,#7217,#7218,#7219,#7220,#7221,#7222,#7223,
#7224,#7225,#7226,#7227,#7228,#7229,#7230,#7231,#7232,#7233,#7234,#7235,
#7236,#7237,#7238,#7239,#7240,#7241,#7242,#7243,#7244,#7245,#7246,#7247,
#7248,#7249,#7250,#7251,#7252,#7253,#7254,#7255,#7256,#7257,#7258,#7259,
#7260,#7261,#7262,#7263,#7264,#7265,#7266,#7267,#7268,#7269,#7270,#7271,
#7272,#7273,#7274,#7275,#7276,#7277,#7278,#7279,#7280,#7281,#7282,#7283,
#7284,#7285,#7286,#7287,#7288,#7289,#7290,#7291,#7292,#7293,#7294,#7295,
#7296,#7297,#7298,#7299,#7300,#7301,#7302,#7303,#7304,#7305,#7306,#7307,
#7308,#7309,#7310,#7311,#7312,#7313,#7314,#7315,#7316,#7317,#7318,#7319,
#7320,#7321,#7322,#7323,#7324,#7325,#7326,#7327,#7328,#7329,#7330,#7331,
#7332,#7333,#7334,#7335,#7336,#7337,#7338,#7339,#7340,#7341,#7342,#7343,
#7344,#7345));
#7414=CLOSED_SHELL('',(#7346,#7347,#7348,#7349,#7350,#7351,#7352,#7353,
#7354,#7355,#7356,#7357,#7358,#7359,#7360,#7361,#7362,#7363,#7364,#7365,
#7366,#7367,#7368,#7369,#7370,#7371,#7372,#7373,#7374,#7375,#7376,#7377,
#7378,#7379,#7380,#7381,#7382));
#7415=CLOSED_SHELL('',(#7383,#7384,#7385,#7386,#7387,#7388,#7389,#7390,
#7391,#7392,#7393,#7394,#7395,#7396,#7397,#7398,#7399,#7400,#7401,#7402,
#7403,#7404,#7405,#7406,#7407,#7408,#7409,#7410,#7411,#7412));
#7416=DERIVED_UNIT_ELEMENT(#7418,1.);
#7417=DERIVED_UNIT_ELEMENT(#12289,-3.);
#7418=(
MASS_UNIT()
NAMED_UNIT(*)
SI_UNIT(.KILO.,.GRAM.)
);
#7419=DERIVED_UNIT((#7416,#7417));
#7420=MEASURE_REPRESENTATION_ITEM('density measure',
POSITIVE_RATIO_MEASURE(7850.),#7419);
#7421=PROPERTY_DEFINITION_REPRESENTATION(#7426,#7423);
#7422=PROPERTY_DEFINITION_REPRESENTATION(#7427,#7424);
#7423=REPRESENTATION('material name',(#7425),#12286);
#7424=REPRESENTATION('density',(#7420),#12286);
#7425=DESCRIPTIVE_REPRESENTATION_ITEM('Steel','Steel');
#7426=PROPERTY_DEFINITION('material property','material name',#12296);
#7427=PROPERTY_DEFINITION('material property','density of part',#12296);
#7428=AXIS2_PLACEMENT_3D('',#10118,#8050,#8051);
#7429=AXIS2_PLACEMENT_3D('',#10119,#8052,#8053);
#7430=AXIS2_PLACEMENT_3D('',#10128,#8058,#8059);
#7431=AXIS2_PLACEMENT_3D('',#10130,#8060,#8061);
#7432=AXIS2_PLACEMENT_3D('',#10132,#8062,#8063);
#7433=AXIS2_PLACEMENT_3D('',#10134,#8065,#8066);
#7434=AXIS2_PLACEMENT_3D('',#10140,#8070,#8071);
#7435=AXIS2_PLACEMENT_3D('',#10142,#8072,#8073);
#7436=AXIS2_PLACEMENT_3D('',#10144,#8074,#8075);
#7437=AXIS2_PLACEMENT_3D('',#10146,#8077,#8078);
#7438=AXIS2_PLACEMENT_3D('',#10152,#8082,#8083);
#7439=AXIS2_PLACEMENT_3D('',#10154,#8084,#8085);
#7440=AXIS2_PLACEMENT_3D('',#10156,#8086,#8087);
#7441=AXIS2_PLACEMENT_3D('',#10158,#8089,#8090);
#7442=AXIS2_PLACEMENT_3D('',#10164,#8094,#8095);
#7443=AXIS2_PLACEMENT_3D('',#10165,#8096,#8097);
#7444=AXIS2_PLACEMENT_3D('',#10166,#8098,#8099);
#7445=AXIS2_PLACEMENT_3D('',#10167,#8100,#8101);
#7446=AXIS2_PLACEMENT_3D('',#10176,#8106,#8107);
#7447=AXIS2_PLACEMENT_3D('',#10178,#8108,#8109);
#7448=AXIS2_PLACEMENT_3D('',#10180,#8110,#8111);
#7449=AXIS2_PLACEMENT_3D('',#10182,#8113,#8114);
#7450=AXIS2_PLACEMENT_3D('',#10188,#8118,#8119);
#7451=AXIS2_PLACEMENT_3D('',#10190,#8120,#8121);
#7452=AXIS2_PLACEMENT_3D('',#10192,#8122,#8123);
#7453=AXIS2_PLACEMENT_3D('',#10194,#8125,#8126);
#7454=AXIS2_PLACEMENT_3D('',#10200,#8130,#8131);
#7455=AXIS2_PLACEMENT_3D('',#10202,#8132,#8133);
#7456=AXIS2_PLACEMENT_3D('',#10204,#8134,#8135);
#7457=AXIS2_PLACEMENT_3D('',#10206,#8137,#8138);
#7458=AXIS2_PLACEMENT_3D('',#10212,#8142,#8143);
#7459=AXIS2_PLACEMENT_3D('',#10213,#8144,#8145);
#7460=AXIS2_PLACEMENT_3D('',#10214,#8146,#8147);
#7461=AXIS2_PLACEMENT_3D('',#10215,#8148,#8149);
#7462=AXIS2_PLACEMENT_3D('',#10224,#8154,#8155);
#7463=AXIS2_PLACEMENT_3D('',#10226,#8156,#8157);
#7464=AXIS2_PLACEMENT_3D('',#10228,#8158,#8159);
#7465=AXIS2_PLACEMENT_3D('',#10230,#8161,#8162);
#7466=AXIS2_PLACEMENT_3D('',#10236,#8166,#8167);
#7467=AXIS2_PLACEMENT_3D('',#10238,#8168,#8169);
#7468=AXIS2_PLACEMENT_3D('',#10240,#8170,#8171);
#7469=AXIS2_PLACEMENT_3D('',#10242,#8173,#8174);
#7470=AXIS2_PLACEMENT_3D('',#10248,#8178,#8179);
#7471=AXIS2_PLACEMENT_3D('',#10250,#8180,#8181);
#7472=AXIS2_PLACEMENT_3D('',#10252,#8182,#8183);
#7473=AXIS2_PLACEMENT_3D('',#10254,#8185,#8186);
#7474=AXIS2_PLACEMENT_3D('',#10260,#8190,#8191);
#7475=AXIS2_PLACEMENT_3D('',#10261,#8192,#8193);
#7476=AXIS2_PLACEMENT_3D('',#10262,#8194,#8195);
#7477=AXIS2_PLACEMENT_3D('',#10263,#8196,#8197);
#7478=AXIS2_PLACEMENT_3D('',#10272,#8202,#8203);
#7479=AXIS2_PLACEMENT_3D('',#10274,#8204,#8205);
#7480=AXIS2_PLACEMENT_3D('',#10276,#8206,#8207);
#7481=AXIS2_PLACEMENT_3D('',#10278,#8209,#8210);
#7482=AXIS2_PLACEMENT_3D('',#10284,#8214,#8215);
#7483=AXIS2_PLACEMENT_3D('',#10286,#8216,#8217);
#7484=AXIS2_PLACEMENT_3D('',#10288,#8218,#8219);
#7485=AXIS2_PLACEMENT_3D('',#10290,#8221,#8222);
#7486=AXIS2_PLACEMENT_3D('',#10296,#8226,#8227);
#7487=AXIS2_PLACEMENT_3D('',#10298,#8228,#8229);
#7488=AXIS2_PLACEMENT_3D('',#10300,#8230,#8231);
#7489=AXIS2_PLACEMENT_3D('',#10302,#8233,#8234);
#7490=AXIS2_PLACEMENT_3D('',#10308,#8238,#8239);
#7491=AXIS2_PLACEMENT_3D('',#10309,#8240,#8241);
#7492=AXIS2_PLACEMENT_3D('',#10310,#8242,#8243);
#7493=AXIS2_PLACEMENT_3D('',#10311,#8244,#8245);
#7494=AXIS2_PLACEMENT_3D('',#10320,#8250,#8251);
#7495=AXIS2_PLACEMENT_3D('',#10322,#8252,#8253);
#7496=AXIS2_PLACEMENT_3D('',#10324,#8254,#8255);
#7497=AXIS2_PLACEMENT_3D('',#10326,#8257,#8258);
#7498=AXIS2_PLACEMENT_3D('',#10332,#8262,#8263);
#7499=AXIS2_PLACEMENT_3D('',#10334,#8264,#8265);
#7500=AXIS2_PLACEMENT_3D('',#10336,#8266,#8267);
#7501=AXIS2_PLACEMENT_3D('',#10338,#8269,#8270);
#7502=AXIS2_PLACEMENT_3D('',#10344,#8274,#8275);
#7503=AXIS2_PLACEMENT_3D('',#10346,#8276,#8277);
#7504=AXIS2_PLACEMENT_3D('',#10348,#8278,#8279);
#7505=AXIS2_PLACEMENT_3D('',#10350,#8281,#8282);
#7506=AXIS2_PLACEMENT_3D('',#10356,#8286,#8287);
#7507=AXIS2_PLACEMENT_3D('',#10357,#8288,#8289);
#7508=AXIS2_PLACEMENT_3D('',#10358,#8290,#8291);
#7509=AXIS2_PLACEMENT_3D('',#10359,#8292,#8293);
#7510=AXIS2_PLACEMENT_3D('',#10368,#8298,#8299);
#7511=AXIS2_PLACEMENT_3D('',#10370,#8300,#8301);
#7512=AXIS2_PLACEMENT_3D('',#10372,#8302,#8303);
#7513=AXIS2_PLACEMENT_3D('',#10374,#8305,#8306);
#7514=AXIS2_PLACEMENT_3D('',#10380,#8310,#8311);
#7515=AXIS2_PLACEMENT_3D('',#10382,#8312,#8313);
#7516=AXIS2_PLACEMENT_3D('',#10384,#8314,#8315);
#7517=AXIS2_PLACEMENT_3D('',#10386,#8317,#8318);
#7518=AXIS2_PLACEMENT_3D('',#10392,#8322,#8323);
#7519=AXIS2_PLACEMENT_3D('',#10394,#8324,#8325);
#7520=AXIS2_PLACEMENT_3D('',#10396,#8326,#8327);
#7521=AXIS2_PLACEMENT_3D('',#10398,#8329,#8330);
#7522=AXIS2_PLACEMENT_3D('',#10404,#8334,#8335);
#7523=AXIS2_PLACEMENT_3D('',#10405,#8336,#8337);
#7524=AXIS2_PLACEMENT_3D('',#10406,#8338,#8339);
#7525=AXIS2_PLACEMENT_3D('',#10407,#8340,#8341);
#7526=AXIS2_PLACEMENT_3D('',#10416,#8346,#8347);
#7527=AXIS2_PLACEMENT_3D('',#10418,#8348,#8349);
#7528=AXIS2_PLACEMENT_3D('',#10420,#8350,#8351);
#7529=AXIS2_PLACEMENT_3D('',#10422,#8353,#8354);
#7530=AXIS2_PLACEMENT_3D('',#10428,#8358,#8359);
#7531=AXIS2_PLACEMENT_3D('',#10430,#8360,#8361);
#7532=AXIS2_PLACEMENT_3D('',#10432,#8362,#8363);
#7533=AXIS2_PLACEMENT_3D('',#10434,#8365,#8366);
#7534=AXIS2_PLACEMENT_3D('',#10440,#8370,#8371);
#7535=AXIS2_PLACEMENT_3D('',#10442,#8372,#8373);
#7536=AXIS2_PLACEMENT_3D('',#10444,#8374,#8375);
#7537=AXIS2_PLACEMENT_3D('',#10446,#8377,#8378);
#7538=AXIS2_PLACEMENT_3D('',#10452,#8382,#8383);
#7539=AXIS2_PLACEMENT_3D('',#10453,#8384,#8385);
#7540=AXIS2_PLACEMENT_3D('',#10454,#8386,#8387);
#7541=AXIS2_PLACEMENT_3D('',#10455,#8388,#8389);
#7542=AXIS2_PLACEMENT_3D('',#10464,#8394,#8395);
#7543=AXIS2_PLACEMENT_3D('',#10466,#8396,#8397);
#7544=AXIS2_PLACEMENT_3D('',#10468,#8398,#8399);
#7545=AXIS2_PLACEMENT_3D('',#10470,#8401,#8402);
#7546=AXIS2_PLACEMENT_3D('',#10476,#8406,#8407);
#7547=AXIS2_PLACEMENT_3D('',#10478,#8408,#8409);
#7548=AXIS2_PLACEMENT_3D('',#10480,#8410,#8411);
#7549=AXIS2_PLACEMENT_3D('',#10482,#8413,#8414);
#7550=AXIS2_PLACEMENT_3D('',#10488,#8418,#8419);
#7551=AXIS2_PLACEMENT_3D('',#10490,#8420,#8421);
#7552=AXIS2_PLACEMENT_3D('',#10492,#8422,#8423);
#7553=AXIS2_PLACEMENT_3D('',#10494,#8425,#8426);
#7554=AXIS2_PLACEMENT_3D('',#10500,#8430,#8431);
#7555=AXIS2_PLACEMENT_3D('',#10501,#8432,#8433);
#7556=AXIS2_PLACEMENT_3D('',#10502,#8434,#8435);
#7557=AXIS2_PLACEMENT_3D('',#10503,#8436,#8437);
#7558=AXIS2_PLACEMENT_3D('',#10512,#8442,#8443);
#7559=AXIS2_PLACEMENT_3D('',#10514,#8444,#8445);
#7560=AXIS2_PLACEMENT_3D('',#10516,#8446,#8447);
#7561=AXIS2_PLACEMENT_3D('',#10518,#8449,#8450);
#7562=AXIS2_PLACEMENT_3D('',#10524,#8454,#8455);
#7563=AXIS2_PLACEMENT_3D('',#10526,#8456,#8457);
#7564=AXIS2_PLACEMENT_3D('',#10528,#8458,#8459);
#7565=AXIS2_PLACEMENT_3D('',#10530,#8461,#8462);
#7566=AXIS2_PLACEMENT_3D('',#10536,#8466,#8467);
#7567=AXIS2_PLACEMENT_3D('',#10538,#8468,#8469);
#7568=AXIS2_PLACEMENT_3D('',#10540,#8470,#8471);
#7569=AXIS2_PLACEMENT_3D('',#10542,#8473,#8474);
#7570=AXIS2_PLACEMENT_3D('',#10548,#8478,#8479);
#7571=AXIS2_PLACEMENT_3D('',#10549,#8480,#8481);
#7572=AXIS2_PLACEMENT_3D('',#10550,#8482,#8483);
#7573=AXIS2_PLACEMENT_3D('',#10551,#8484,#8485);
#7574=AXIS2_PLACEMENT_3D('',#10560,#8490,#8491);
#7575=AXIS2_PLACEMENT_3D('',#10562,#8492,#8493);
#7576=AXIS2_PLACEMENT_3D('',#10564,#8494,#8495);
#7577=AXIS2_PLACEMENT_3D('',#10566,#8497,#8498);
#7578=AXIS2_PLACEMENT_3D('',#10572,#8502,#8503);
#7579=AXIS2_PLACEMENT_3D('',#10578,#8507,#8508);
#7580=AXIS2_PLACEMENT_3D('',#10580,#8509,#8510);
#7581=AXIS2_PLACEMENT_3D('',#10582,#8511,#8512);
#7582=AXIS2_PLACEMENT_3D('',#10584,#8514,#8515);
#7583=AXIS2_PLACEMENT_3D('',#10590,#8519,#8520);
#7584=AXIS2_PLACEMENT_3D('',#10592,#8521,#8522);
#7585=AXIS2_PLACEMENT_3D('',#10594,#8523,#8524);
#7586=AXIS2_PLACEMENT_3D('',#10596,#8526,#8527);
#7587=AXIS2_PLACEMENT_3D('',#10602,#8531,#8532);
#7588=AXIS2_PLACEMENT_3D('',#10608,#8536,#8537);
#7589=AXIS2_PLACEMENT_3D('',#10614,#8541,#8542);
#7590=AXIS2_PLACEMENT_3D('',#10616,#8543,#8544);
#7591=AXIS2_PLACEMENT_3D('',#10618,#8545,#8546);
#7592=AXIS2_PLACEMENT_3D('',#10620,#8548,#8549);
#7593=AXIS2_PLACEMENT_3D('',#10626,#8553,#8554);
#7594=AXIS2_PLACEMENT_3D('',#10628,#8555,#8556);
#7595=AXIS2_PLACEMENT_3D('',#10630,#8557,#8558);
#7596=AXIS2_PLACEMENT_3D('',#10632,#8560,#8561);
#7597=AXIS2_PLACEMENT_3D('',#10638,#8565,#8566);
#7598=AXIS2_PLACEMENT_3D('',#10644,#8570,#8571);
#7599=AXIS2_PLACEMENT_3D('',#10650,#8575,#8576);
#7600=AXIS2_PLACEMENT_3D('',#10652,#8577,#8578);
#7601=AXIS2_PLACEMENT_3D('',#10654,#8579,#8580);
#7602=AXIS2_PLACEMENT_3D('',#10656,#8582,#8583);
#7603=AXIS2_PLACEMENT_3D('',#10662,#8587,#8588);
#7604=AXIS2_PLACEMENT_3D('',#10664,#8589,#8590);
#7605=AXIS2_PLACEMENT_3D('',#10666,#8591,#8592);
#7606=AXIS2_PLACEMENT_3D('',#10668,#8594,#8595);
#7607=AXIS2_PLACEMENT_3D('',#10674,#8599,#8600);
#7608=AXIS2_PLACEMENT_3D('',#10680,#8604,#8605);
#7609=AXIS2_PLACEMENT_3D('',#10682,#8606,#8607);
#7610=AXIS2_PLACEMENT_3D('',#10684,#8608,#8609);
#7611=AXIS2_PLACEMENT_3D('',#10686,#8611,#8612);
#7612=AXIS2_PLACEMENT_3D('',#10692,#8616,#8617);
#7613=AXIS2_PLACEMENT_3D('',#10698,#8621,#8622);
#7614=AXIS2_PLACEMENT_3D('',#10700,#8623,#8624);
#7615=AXIS2_PLACEMENT_3D('',#10702,#8625,#8626);
#7616=AXIS2_PLACEMENT_3D('',#10704,#8628,#8629);
#7617=AXIS2_PLACEMENT_3D('',#10710,#8633,#8634);
#7618=AXIS2_PLACEMENT_3D('',#10712,#8635,#8636);
#7619=AXIS2_PLACEMENT_3D('',#10714,#8637,#8638);
#7620=AXIS2_PLACEMENT_3D('',#10716,#8640,#8641);
#7621=AXIS2_PLACEMENT_3D('',#10722,#8645,#8646);
#7622=AXIS2_PLACEMENT_3D('',#10724,#8647,#8648);
#7623=AXIS2_PLACEMENT_3D('',#10726,#8649,#8650);
#7624=AXIS2_PLACEMENT_3D('',#10728,#8652,#8653);
#7625=AXIS2_PLACEMENT_3D('',#10734,#8657,#8658);
#7626=AXIS2_PLACEMENT_3D('',#10736,#8659,#8660);
#7627=AXIS2_PLACEMENT_3D('',#10738,#8661,#8662);
#7628=AXIS2_PLACEMENT_3D('',#10740,#8664,#8665);
#7629=AXIS2_PLACEMENT_3D('',#10746,#8669,#8670);
#7630=AXIS2_PLACEMENT_3D('',#10748,#8671,#8672);
#7631=AXIS2_PLACEMENT_3D('',#10750,#8673,#8674);
#7632=AXIS2_PLACEMENT_3D('',#10752,#8676,#8677);
#7633=AXIS2_PLACEMENT_3D('',#10758,#8681,#8682);
#7634=AXIS2_PLACEMENT_3D('',#10760,#8683,#8684);
#7635=AXIS2_PLACEMENT_3D('',#10762,#8685,#8686);
#7636=AXIS2_PLACEMENT_3D('',#10764,#8688,#8689);
#7637=AXIS2_PLACEMENT_3D('',#10770,#8693,#8694);
#7638=AXIS2_PLACEMENT_3D('',#10776,#8698,#8699);
#7639=AXIS2_PLACEMENT_3D('',#10778,#8700,#8701);
#7640=AXIS2_PLACEMENT_3D('',#10780,#8702,#8703);
#7641=AXIS2_PLACEMENT_3D('',#10782,#8705,#8706);
#7642=AXIS2_PLACEMENT_3D('',#10788,#8710,#8711);
#7643=AXIS2_PLACEMENT_3D('',#10794,#8715,#8716);
#7644=AXIS2_PLACEMENT_3D('',#10796,#8717,#8718);
#7645=AXIS2_PLACEMENT_3D('',#10798,#8719,#8720);
#7646=AXIS2_PLACEMENT_3D('',#10800,#8722,#8723);
#7647=AXIS2_PLACEMENT_3D('',#10806,#8727,#8728);
#7648=AXIS2_PLACEMENT_3D('',#10808,#8729,#8730);
#7649=AXIS2_PLACEMENT_3D('',#10810,#8731,#8732);
#7650=AXIS2_PLACEMENT_3D('',#10812,#8734,#8735);
#7651=AXIS2_PLACEMENT_3D('',#10818,#8739,#8740);
#7652=AXIS2_PLACEMENT_3D('',#10824,#8744,#8745);
#7653=AXIS2_PLACEMENT_3D('',#10826,#8746,#8747);
#7654=AXIS2_PLACEMENT_3D('',#10828,#8748,#8749);
#7655=AXIS2_PLACEMENT_3D('',#10830,#8751,#8752);
#7656=AXIS2_PLACEMENT_3D('',#10836,#8756,#8757);
#7657=AXIS2_PLACEMENT_3D('',#10842,#8761,#8762);
#7658=AXIS2_PLACEMENT_3D('',#10844,#8763,#8764);
#7659=AXIS2_PLACEMENT_3D('',#10846,#8765,#8766);
#7660=AXIS2_PLACEMENT_3D('',#10848,#8768,#8769);
#7661=AXIS2_PLACEMENT_3D('',#10854,#8773,#8774);
#7662=AXIS2_PLACEMENT_3D('',#10856,#8775,#8776);
#7663=AXIS2_PLACEMENT_3D('',#10858,#8777,#8778);
#7664=AXIS2_PLACEMENT_3D('',#10860,#8780,#8781);
#7665=AXIS2_PLACEMENT_3D('',#10866,#8785,#8786);
#7666=AXIS2_PLACEMENT_3D('',#10868,#8787,#8788);
#7667=AXIS2_PLACEMENT_3D('',#10870,#8789,#8790);
#7668=AXIS2_PLACEMENT_3D('',#10872,#8792,#8793);
#7669=AXIS2_PLACEMENT_3D('',#10878,#8797,#8798);
#7670=AXIS2_PLACEMENT_3D('',#10880,#8799,#8800);
#7671=AXIS2_PLACEMENT_3D('',#10882,#8801,#8802);
#7672=AXIS2_PLACEMENT_3D('',#10884,#8804,#8805);
#7673=AXIS2_PLACEMENT_3D('',#10890,#8809,#8810);
#7674=AXIS2_PLACEMENT_3D('',#10892,#8811,#8812);
#7675=AXIS2_PLACEMENT_3D('',#10894,#8813,#8814);
#7676=AXIS2_PLACEMENT_3D('',#10896,#8816,#8817);
#7677=AXIS2_PLACEMENT_3D('',#10902,#8821,#8822);
#7678=AXIS2_PLACEMENT_3D('',#10904,#8823,#8824);
#7679=AXIS2_PLACEMENT_3D('',#10906,#8825,#8826);
#7680=AXIS2_PLACEMENT_3D('',#10908,#8828,#8829);
#7681=AXIS2_PLACEMENT_3D('',#10911,#8832,#8833);
#7682=AXIS2_PLACEMENT_3D('',#10920,#8838,#8839);
#7683=AXIS2_PLACEMENT_3D('',#10922,#8840,#8841);
#7684=AXIS2_PLACEMENT_3D('',#10924,#8842,#8843);
#7685=AXIS2_PLACEMENT_3D('',#10926,#8845,#8846);
#7686=AXIS2_PLACEMENT_3D('',#10932,#8850,#8851);
#7687=AXIS2_PLACEMENT_3D('',#10934,#8852,#8853);
#7688=AXIS2_PLACEMENT_3D('',#10936,#8854,#8855);
#7689=AXIS2_PLACEMENT_3D('',#10938,#8857,#8858);
#7690=AXIS2_PLACEMENT_3D('',#10944,#8862,#8863);
#7691=AXIS2_PLACEMENT_3D('',#10946,#8864,#8865);
#7692=AXIS2_PLACEMENT_3D('',#10948,#8866,#8867);
#7693=AXIS2_PLACEMENT_3D('',#10950,#8869,#8870);
#7694=AXIS2_PLACEMENT_3D('',#10956,#8874,#8875);
#7695=AXIS2_PLACEMENT_3D('',#10957,#8876,#8877);
#7696=AXIS2_PLACEMENT_3D('',#10958,#8878,#8879);
#7697=AXIS2_PLACEMENT_3D('',#10959,#8880,#8881);
#7698=AXIS2_PLACEMENT_3D('',#10968,#8886,#8887);
#7699=AXIS2_PLACEMENT_3D('',#10970,#8888,#8889);
#7700=AXIS2_PLACEMENT_3D('',#10972,#8890,#8891);
#7701=AXIS2_PLACEMENT_3D('',#10974,#8893,#8894);
#7702=AXIS2_PLACEMENT_3D('',#10980,#8898,#8899);
#7703=AXIS2_PLACEMENT_3D('',#10982,#8900,#8901);
#7704=AXIS2_PLACEMENT_3D('',#10984,#8902,#8903);
#7705=AXIS2_PLACEMENT_3D('',#10986,#8905,#8906);
#7706=AXIS2_PLACEMENT_3D('',#10992,#8910,#8911);
#7707=AXIS2_PLACEMENT_3D('',#10994,#8912,#8913);
#7708=AXIS2_PLACEMENT_3D('',#10996,#8914,#8915);
#7709=AXIS2_PLACEMENT_3D('',#10998,#8917,#8918);
#7710=AXIS2_PLACEMENT_3D('',#11004,#8922,#8923);
#7711=AXIS2_PLACEMENT_3D('',#11005,#8924,#8925);
#7712=AXIS2_PLACEMENT_3D('',#11006,#8926,#8927);
#7713=AXIS2_PLACEMENT_3D('',#11007,#8928,#8929);
#7714=AXIS2_PLACEMENT_3D('',#11016,#8934,#8935);
#7715=AXIS2_PLACEMENT_3D('',#11018,#8936,#8937);
#7716=AXIS2_PLACEMENT_3D('',#11020,#8938,#8939);
#7717=AXIS2_PLACEMENT_3D('',#11022,#8941,#8942);
#7718=AXIS2_PLACEMENT_3D('',#11028,#8946,#8947);
#7719=AXIS2_PLACEMENT_3D('',#11034,#8951,#8952);
#7720=AXIS2_PLACEMENT_3D('',#11036,#8953,#8954);
#7721=AXIS2_PLACEMENT_3D('',#11038,#8955,#8956);
#7722=AXIS2_PLACEMENT_3D('',#11040,#8958,#8959);
#7723=AXIS2_PLACEMENT_3D('',#11046,#8963,#8964);
#7724=AXIS2_PLACEMENT_3D('',#11048,#8965,#8966);
#7725=AXIS2_PLACEMENT_3D('',#11050,#8967,#8968);
#7726=AXIS2_PLACEMENT_3D('',#11052,#8970,#8971);
#7727=AXIS2_PLACEMENT_3D('',#11058,#8975,#8976);
#7728=AXIS2_PLACEMENT_3D('',#11064,#8980,#8981);
#7729=AXIS2_PLACEMENT_3D('',#11070,#8985,#8986);
#7730=AXIS2_PLACEMENT_3D('',#11072,#8987,#8988);
#7731=AXIS2_PLACEMENT_3D('',#11074,#8989,#8990);
#7732=AXIS2_PLACEMENT_3D('',#11076,#8992,#8993);
#7733=AXIS2_PLACEMENT_3D('',#11082,#8997,#8998);
#7734=AXIS2_PLACEMENT_3D('',#11084,#8999,#9000);
#7735=AXIS2_PLACEMENT_3D('',#11086,#9001,#9002);
#7736=AXIS2_PLACEMENT_3D('',#11088,#9004,#9005);
#7737=AXIS2_PLACEMENT_3D('',#11094,#9009,#9010);
#7738=AXIS2_PLACEMENT_3D('',#11100,#9014,#9015);
#7739=AXIS2_PLACEMENT_3D('',#11106,#9019,#9020);
#7740=AXIS2_PLACEMENT_3D('',#11108,#9021,#9022);
#7741=AXIS2_PLACEMENT_3D('',#11110,#9023,#9024);
#7742=AXIS2_PLACEMENT_3D('',#11112,#9026,#9027);
#7743=AXIS2_PLACEMENT_3D('',#11118,#9031,#9032);
#7744=AXIS2_PLACEMENT_3D('',#11120,#9033,#9034);
#7745=AXIS2_PLACEMENT_3D('',#11122,#9035,#9036);
#7746=AXIS2_PLACEMENT_3D('',#11124,#9038,#9039);
#7747=AXIS2_PLACEMENT_3D('',#11130,#9043,#9044);
#7748=AXIS2_PLACEMENT_3D('',#11136,#9048,#9049);
#7749=AXIS2_PLACEMENT_3D('',#11138,#9050,#9051);
#7750=AXIS2_PLACEMENT_3D('',#11140,#9052,#9053);
#7751=AXIS2_PLACEMENT_3D('',#11142,#9055,#9056);
#7752=AXIS2_PLACEMENT_3D('',#11148,#9060,#9061);
#7753=AXIS2_PLACEMENT_3D('',#11154,#9065,#9066);
#7754=AXIS2_PLACEMENT_3D('',#11156,#9067,#9068);
#7755=AXIS2_PLACEMENT_3D('',#11158,#9069,#9070);
#7756=AXIS2_PLACEMENT_3D('',#11160,#9072,#9073);
#7757=AXIS2_PLACEMENT_3D('',#11166,#9077,#9078);
#7758=AXIS2_PLACEMENT_3D('',#11168,#9079,#9080);
#7759=AXIS2_PLACEMENT_3D('',#11170,#9081,#9082);
#7760=AXIS2_PLACEMENT_3D('',#11172,#9084,#9085);
#7761=AXIS2_PLACEMENT_3D('',#11178,#9089,#9090);
#7762=AXIS2_PLACEMENT_3D('',#11180,#9091,#9092);
#7763=AXIS2_PLACEMENT_3D('',#11182,#9093,#9094);
#7764=AXIS2_PLACEMENT_3D('',#11184,#9096,#9097);
#7765=AXIS2_PLACEMENT_3D('',#11190,#9101,#9102);
#7766=AXIS2_PLACEMENT_3D('',#11192,#9103,#9104);
#7767=AXIS2_PLACEMENT_3D('',#11194,#9105,#9106);
#7768=AXIS2_PLACEMENT_3D('',#11196,#9108,#9109);
#7769=AXIS2_PLACEMENT_3D('',#11202,#9113,#9114);
#7770=AXIS2_PLACEMENT_3D('',#11204,#9115,#9116);
#7771=AXIS2_PLACEMENT_3D('',#11206,#9117,#9118);
#7772=AXIS2_PLACEMENT_3D('',#11208,#9120,#9121);
#7773=AXIS2_PLACEMENT_3D('',#11214,#9125,#9126);
#7774=AXIS2_PLACEMENT_3D('',#11216,#9127,#9128);
#7775=AXIS2_PLACEMENT_3D('',#11218,#9129,#9130);
#7776=AXIS2_PLACEMENT_3D('',#11220,#9132,#9133);
#7777=AXIS2_PLACEMENT_3D('',#11226,#9137,#9138);
#7778=AXIS2_PLACEMENT_3D('',#11232,#9142,#9143);
#7779=AXIS2_PLACEMENT_3D('',#11234,#9144,#9145);
#7780=AXIS2_PLACEMENT_3D('',#11236,#9146,#9147);
#7781=AXIS2_PLACEMENT_3D('',#11238,#9149,#9150);
#7782=AXIS2_PLACEMENT_3D('',#11244,#9154,#9155);
#7783=AXIS2_PLACEMENT_3D('',#11250,#9159,#9160);
#7784=AXIS2_PLACEMENT_3D('',#11252,#9161,#9162);
#7785=AXIS2_PLACEMENT_3D('',#11254,#9163,#9164);
#7786=AXIS2_PLACEMENT_3D('',#11256,#9166,#9167);
#7787=AXIS2_PLACEMENT_3D('',#11262,#9171,#9172);
#7788=AXIS2_PLACEMENT_3D('',#11264,#9173,#9174);
#7789=AXIS2_PLACEMENT_3D('',#11266,#9175,#9176);
#7790=AXIS2_PLACEMENT_3D('',#11268,#9178,#9179);
#7791=AXIS2_PLACEMENT_3D('',#11274,#9183,#9184);
#7792=AXIS2_PLACEMENT_3D('',#11280,#9188,#9189);
#7793=AXIS2_PLACEMENT_3D('',#11282,#9190,#9191);
#7794=AXIS2_PLACEMENT_3D('',#11284,#9192,#9193);
#7795=AXIS2_PLACEMENT_3D('',#11286,#9195,#9196);
#7796=AXIS2_PLACEMENT_3D('',#11292,#9200,#9201);
#7797=AXIS2_PLACEMENT_3D('',#11298,#9205,#9206);
#7798=AXIS2_PLACEMENT_3D('',#11300,#9207,#9208);
#7799=AXIS2_PLACEMENT_3D('',#11302,#9209,#9210);
#7800=AXIS2_PLACEMENT_3D('',#11304,#9212,#9213);
#7801=AXIS2_PLACEMENT_3D('',#11310,#9217,#9218);
#7802=AXIS2_PLACEMENT_3D('',#11312,#9219,#9220);
#7803=AXIS2_PLACEMENT_3D('',#11314,#9221,#9222);
#7804=AXIS2_PLACEMENT_3D('',#11316,#9224,#9225);
#7805=AXIS2_PLACEMENT_3D('',#11322,#9229,#9230);
#7806=AXIS2_PLACEMENT_3D('',#11324,#9231,#9232);
#7807=AXIS2_PLACEMENT_3D('',#11326,#9233,#9234);
#7808=AXIS2_PLACEMENT_3D('',#11328,#9236,#9237);
#7809=AXIS2_PLACEMENT_3D('',#11334,#9241,#9242);
#7810=AXIS2_PLACEMENT_3D('',#11336,#9243,#9244);
#7811=AXIS2_PLACEMENT_3D('',#11338,#9245,#9246);
#7812=AXIS2_PLACEMENT_3D('',#11340,#9248,#9249);
#7813=AXIS2_PLACEMENT_3D('',#11346,#9253,#9254);
#7814=AXIS2_PLACEMENT_3D('',#11348,#9255,#9256);
#7815=AXIS2_PLACEMENT_3D('',#11350,#9257,#9258);
#7816=AXIS2_PLACEMENT_3D('',#11352,#9260,#9261);
#7817=AXIS2_PLACEMENT_3D('',#11358,#9265,#9266);
#7818=AXIS2_PLACEMENT_3D('',#11360,#9267,#9268);
#7819=AXIS2_PLACEMENT_3D('',#11362,#9269,#9270);
#7820=AXIS2_PLACEMENT_3D('',#11364,#9272,#9273);
#7821=AXIS2_PLACEMENT_3D('',#11367,#9276,#9277);
#7822=AXIS2_PLACEMENT_3D('',#11376,#9282,#9283);
#7823=AXIS2_PLACEMENT_3D('',#11378,#9284,#9285);
#7824=AXIS2_PLACEMENT_3D('',#11380,#9286,#9287);
#7825=AXIS2_PLACEMENT_3D('',#11382,#9289,#9290);
#7826=AXIS2_PLACEMENT_3D('',#11388,#9294,#9295);
#7827=AXIS2_PLACEMENT_3D('',#11390,#9296,#9297);
#7828=AXIS2_PLACEMENT_3D('',#11392,#9298,#9299);
#7829=AXIS2_PLACEMENT_3D('',#11394,#9301,#9302);
#7830=AXIS2_PLACEMENT_3D('',#11400,#9306,#9307);
#7831=AXIS2_PLACEMENT_3D('',#11402,#9308,#9309);
#7832=AXIS2_PLACEMENT_3D('',#11404,#9310,#9311);
#7833=AXIS2_PLACEMENT_3D('',#11406,#9313,#9314);
#7834=AXIS2_PLACEMENT_3D('',#11412,#9318,#9319);
#7835=AXIS2_PLACEMENT_3D('',#11413,#9320,#9321);
#7836=AXIS2_PLACEMENT_3D('',#11414,#9322,#9323);
#7837=AXIS2_PLACEMENT_3D('',#11415,#9324,#9325);
#7838=AXIS2_PLACEMENT_3D('',#11424,#9330,#9331);
#7839=AXIS2_PLACEMENT_3D('',#11426,#9332,#9333);
#7840=AXIS2_PLACEMENT_3D('',#11428,#9334,#9335);
#7841=AXIS2_PLACEMENT_3D('',#11430,#9337,#9338);
#7842=AXIS2_PLACEMENT_3D('',#11436,#9342,#9343);
#7843=AXIS2_PLACEMENT_3D('',#11438,#9344,#9345);
#7844=AXIS2_PLACEMENT_3D('',#11440,#9346,#9347);
#7845=AXIS2_PLACEMENT_3D('',#11442,#9349,#9350);
#7846=AXIS2_PLACEMENT_3D('',#11448,#9354,#9355);
#7847=AXIS2_PLACEMENT_3D('',#11450,#9356,#9357);
#7848=AXIS2_PLACEMENT_3D('',#11452,#9358,#9359);
#7849=AXIS2_PLACEMENT_3D('',#11454,#9361,#9362);
#7850=AXIS2_PLACEMENT_3D('',#11460,#9366,#9367);
#7851=AXIS2_PLACEMENT_3D('',#11461,#9368,#9369);
#7852=AXIS2_PLACEMENT_3D('',#11462,#9370,#9371);
#7853=AXIS2_PLACEMENT_3D('',#11463,#9372,#9373);
#7854=AXIS2_PLACEMENT_3D('',#11472,#9378,#9379);
#7855=AXIS2_PLACEMENT_3D('',#11474,#9380,#9381);
#7856=AXIS2_PLACEMENT_3D('',#11476,#9382,#9383);
#7857=AXIS2_PLACEMENT_3D('',#11478,#9385,#9386);
#7858=AXIS2_PLACEMENT_3D('',#11484,#9390,#9391);
#7859=AXIS2_PLACEMENT_3D('',#11486,#9392,#9393);
#7860=AXIS2_PLACEMENT_3D('',#11488,#9394,#9395);
#7861=AXIS2_PLACEMENT_3D('',#11490,#9397,#9398);
#7862=AXIS2_PLACEMENT_3D('',#11496,#9402,#9403);
#7863=AXIS2_PLACEMENT_3D('',#11498,#9404,#9405);
#7864=AXIS2_PLACEMENT_3D('',#11500,#9406,#9407);
#7865=AXIS2_PLACEMENT_3D('',#11502,#9409,#9410);
#7866=AXIS2_PLACEMENT_3D('',#11508,#9414,#9415);
#7867=AXIS2_PLACEMENT_3D('',#11509,#9416,#9417);
#7868=AXIS2_PLACEMENT_3D('',#11510,#9418,#9419);
#7869=AXIS2_PLACEMENT_3D('',#11511,#9420,#9421);
#7870=AXIS2_PLACEMENT_3D('',#11520,#9426,#9427);
#7871=AXIS2_PLACEMENT_3D('',#11522,#9428,#9429);
#7872=AXIS2_PLACEMENT_3D('',#11524,#9430,#9431);
#7873=AXIS2_PLACEMENT_3D('',#11526,#9433,#9434);
#7874=AXIS2_PLACEMENT_3D('',#11532,#9438,#9439);
#7875=AXIS2_PLACEMENT_3D('',#11538,#9443,#9444);
#7876=AXIS2_PLACEMENT_3D('',#11540,#9445,#9446);
#7877=AXIS2_PLACEMENT_3D('',#11542,#9447,#9448);
#7878=AXIS2_PLACEMENT_3D('',#11544,#9450,#9451);
#7879=AXIS2_PLACEMENT_3D('',#11550,#9455,#9456);
#7880=AXIS2_PLACEMENT_3D('',#11552,#9457,#9458);
#7881=AXIS2_PLACEMENT_3D('',#11554,#9459,#9460);
#7882=AXIS2_PLACEMENT_3D('',#11556,#9462,#9463);
#7883=AXIS2_PLACEMENT_3D('',#11562,#9467,#9468);
#7884=AXIS2_PLACEMENT_3D('',#11568,#9472,#9473);
#7885=AXIS2_PLACEMENT_3D('',#11574,#9477,#9478);
#7886=AXIS2_PLACEMENT_3D('',#11576,#9479,#9480);
#7887=AXIS2_PLACEMENT_3D('',#11578,#9481,#9482);
#7888=AXIS2_PLACEMENT_3D('',#11580,#9484,#9485);
#7889=AXIS2_PLACEMENT_3D('',#11586,#9489,#9490);
#7890=AXIS2_PLACEMENT_3D('',#11588,#9491,#9492);
#7891=AXIS2_PLACEMENT_3D('',#11590,#9493,#9494);
#7892=AXIS2_PLACEMENT_3D('',#11592,#9496,#9497);
#7893=AXIS2_PLACEMENT_3D('',#11598,#9501,#9502);
#7894=AXIS2_PLACEMENT_3D('',#11604,#9506,#9507);
#7895=AXIS2_PLACEMENT_3D('',#11610,#9511,#9512);
#7896=AXIS2_PLACEMENT_3D('',#11612,#9513,#9514);
#7897=AXIS2_PLACEMENT_3D('',#11614,#9515,#9516);
#7898=AXIS2_PLACEMENT_3D('',#11616,#9518,#9519);
#7899=AXIS2_PLACEMENT_3D('',#11622,#9523,#9524);
#7900=AXIS2_PLACEMENT_3D('',#11624,#9525,#9526);
#7901=AXIS2_PLACEMENT_3D('',#11626,#9527,#9528);
#7902=AXIS2_PLACEMENT_3D('',#11628,#9530,#9531);
#7903=AXIS2_PLACEMENT_3D('',#11634,#9535,#9536);
#7904=AXIS2_PLACEMENT_3D('',#11640,#9540,#9541);
#7905=AXIS2_PLACEMENT_3D('',#11642,#9542,#9543);
#7906=AXIS2_PLACEMENT_3D('',#11644,#9544,#9545);
#7907=AXIS2_PLACEMENT_3D('',#11646,#9547,#9548);
#7908=AXIS2_PLACEMENT_3D('',#11652,#9552,#9553);
#7909=AXIS2_PLACEMENT_3D('',#11658,#9557,#9558);
#7910=AXIS2_PLACEMENT_3D('',#11660,#9559,#9560);
#7911=AXIS2_PLACEMENT_3D('',#11662,#9561,#9562);
#7912=AXIS2_PLACEMENT_3D('',#11664,#9564,#9565);
#7913=AXIS2_PLACEMENT_3D('',#11670,#9569,#9570);
#7914=AXIS2_PLACEMENT_3D('',#11672,#9571,#9572);
#7915=AXIS2_PLACEMENT_3D('',#11674,#9573,#9574);
#7916=AXIS2_PLACEMENT_3D('',#11676,#9576,#9577);
#7917=AXIS2_PLACEMENT_3D('',#11682,#9581,#9582);
#7918=AXIS2_PLACEMENT_3D('',#11684,#9583,#9584);
#7919=AXIS2_PLACEMENT_3D('',#11686,#9585,#9586);
#7920=AXIS2_PLACEMENT_3D('',#11688,#9588,#9589);
#7921=AXIS2_PLACEMENT_3D('',#11694,#9593,#9594);
#7922=AXIS2_PLACEMENT_3D('',#11696,#9595,#9596);
#7923=AXIS2_PLACEMENT_3D('',#11698,#9597,#9598);
#7924=AXIS2_PLACEMENT_3D('',#11700,#9600,#9601);
#7925=AXIS2_PLACEMENT_3D('',#11706,#9605,#9606);
#7926=AXIS2_PLACEMENT_3D('',#11708,#9607,#9608);
#7927=AXIS2_PLACEMENT_3D('',#11710,#9609,#9610);
#7928=AXIS2_PLACEMENT_3D('',#11712,#9612,#9613);
#7929=AXIS2_PLACEMENT_3D('',#11718,#9617,#9618);
#7930=AXIS2_PLACEMENT_3D('',#11720,#9619,#9620);
#7931=AXIS2_PLACEMENT_3D('',#11722,#9621,#9622);
#7932=AXIS2_PLACEMENT_3D('',#11724,#9624,#9625);
#7933=AXIS2_PLACEMENT_3D('',#11730,#9629,#9630);
#7934=AXIS2_PLACEMENT_3D('',#11736,#9634,#9635);
#7935=AXIS2_PLACEMENT_3D('',#11738,#9636,#9637);
#7936=AXIS2_PLACEMENT_3D('',#11740,#9638,#9639);
#7937=AXIS2_PLACEMENT_3D('',#11742,#9641,#9642);
#7938=AXIS2_PLACEMENT_3D('',#11748,#9646,#9647);
#7939=AXIS2_PLACEMENT_3D('',#11754,#9651,#9652);
#7940=AXIS2_PLACEMENT_3D('',#11756,#9653,#9654);
#7941=AXIS2_PLACEMENT_3D('',#11758,#9655,#9656);
#7942=AXIS2_PLACEMENT_3D('',#11760,#9658,#9659);
#7943=AXIS2_PLACEMENT_3D('',#11766,#9663,#9664);
#7944=AXIS2_PLACEMENT_3D('',#11768,#9665,#9666);
#7945=AXIS2_PLACEMENT_3D('',#11770,#9667,#9668);
#7946=AXIS2_PLACEMENT_3D('',#11772,#9670,#9671);
#7947=AXIS2_PLACEMENT_3D('',#11778,#9675,#9676);
#7948=AXIS2_PLACEMENT_3D('',#11784,#9680,#9681);
#7949=AXIS2_PLACEMENT_3D('',#11786,#9682,#9683);
#7950=AXIS2_PLACEMENT_3D('',#11788,#9684,#9685);
#7951=AXIS2_PLACEMENT_3D('',#11790,#9687,#9688);
#7952=AXIS2_PLACEMENT_3D('',#11796,#9692,#9693);
#7953=AXIS2_PLACEMENT_3D('',#11802,#9697,#9698);
#7954=AXIS2_PLACEMENT_3D('',#11804,#9699,#9700);
#7955=AXIS2_PLACEMENT_3D('',#11806,#9701,#9702);
#7956=AXIS2_PLACEMENT_3D('',#11808,#9704,#9705);
#7957=AXIS2_PLACEMENT_3D('',#11814,#9709,#9710);
#7958=AXIS2_PLACEMENT_3D('',#11816,#9711,#9712);
#7959=AXIS2_PLACEMENT_3D('',#11818,#9713,#9714);
#7960=AXIS2_PLACEMENT_3D('',#11820,#9716,#9717);
#7961=AXIS2_PLACEMENT_3D('',#11826,#9721,#9722);
#7962=AXIS2_PLACEMENT_3D('',#11828,#9723,#9724);
#7963=AXIS2_PLACEMENT_3D('',#11830,#9725,#9726);
#7964=AXIS2_PLACEMENT_3D('',#11832,#9728,#9729);
#7965=AXIS2_PLACEMENT_3D('',#11838,#9733,#9734);
#7966=AXIS2_PLACEMENT_3D('',#11840,#9735,#9736);
#7967=AXIS2_PLACEMENT_3D('',#11842,#9737,#9738);
#7968=AXIS2_PLACEMENT_3D('',#11844,#9740,#9741);
#7969=AXIS2_PLACEMENT_3D('',#11850,#9745,#9746);
#7970=AXIS2_PLACEMENT_3D('',#11852,#9747,#9748);
#7971=AXIS2_PLACEMENT_3D('',#11854,#9749,#9750);
#7972=AXIS2_PLACEMENT_3D('',#11856,#9752,#9753);
#7973=AXIS2_PLACEMENT_3D('',#11862,#9757,#9758);
#7974=AXIS2_PLACEMENT_3D('',#11864,#9759,#9760);
#7975=AXIS2_PLACEMENT_3D('',#11866,#9761,#9762);
#7976=AXIS2_PLACEMENT_3D('',#11868,#9764,#9765);
#7977=AXIS2_PLACEMENT_3D('',#11871,#9768,#9769);
#7978=AXIS2_PLACEMENT_3D('',#11880,#9774,#9775);
#7979=AXIS2_PLACEMENT_3D('',#11886,#9779,#9780);
#7980=AXIS2_PLACEMENT_3D('',#11892,#9784,#9785);
#7981=AXIS2_PLACEMENT_3D('',#11895,#9788,#9789);
#7982=AXIS2_PLACEMENT_3D('',#11896,#9790,#9791);
#7983=AXIS2_PLACEMENT_3D('',#11897,#9792,#9793);
#7984=AXIS2_PLACEMENT_3D('',#11906,#9798,#9799);
#7985=AXIS2_PLACEMENT_3D('',#11912,#9803,#9804);
#7986=AXIS2_PLACEMENT_3D('',#11918,#9808,#9809);
#7987=AXIS2_PLACEMENT_3D('',#11936,#9819,#9820);
#7988=AXIS2_PLACEMENT_3D('',#11944,#9825,#9826);
#7989=AXIS2_PLACEMENT_3D('',#11953,#9831,#9832);
#7990=AXIS2_PLACEMENT_3D('',#11962,#9837,#9838);
#7991=AXIS2_PLACEMENT_3D('',#11968,#9842,#9843);
#7992=AXIS2_PLACEMENT_3D('',#11974,#9847,#9848);
#7993=AXIS2_PLACEMENT_3D('',#11983,#9853,#9854);
#7994=AXIS2_PLACEMENT_3D('',#11986,#9857,#9858);
#7995=AXIS2_PLACEMENT_3D('',#11995,#9863,#9864);
#7996=AXIS2_PLACEMENT_3D('',#12004,#9869,#9870);
#7997=AXIS2_PLACEMENT_3D('',#12010,#9874,#9875);
#7998=AXIS2_PLACEMENT_3D('',#12016,#9879,#9880);
#7999=AXIS2_PLACEMENT_3D('',#12022,#9884,#9885);
#8000=AXIS2_PLACEMENT_3D('',#12025,#9888,#9889);
#8001=AXIS2_PLACEMENT_3D('',#12034,#9895,#9896);
#8002=AXIS2_PLACEMENT_3D('',#12042,#9902,#9903);
#8003=AXIS2_PLACEMENT_3D('',#12046,#9906,#9907);
#8004=AXIS2_PLACEMENT_3D('',#12048,#9909,#9910);
#8005=AXIS2_PLACEMENT_3D('',#12050,#9912,#9913);
#8006=AXIS2_PLACEMENT_3D('',#12057,#9918,#9919);
#8007=AXIS2_PLACEMENT_3D('',#12063,#9923,#9924);
#8008=AXIS2_PLACEMENT_3D('',#12069,#9928,#9929);
#8009=AXIS2_PLACEMENT_3D('',#12084,#9938,#9939);
#8010=AXIS2_PLACEMENT_3D('',#12088,#9942,#9943);
#8011=AXIS2_PLACEMENT_3D('',#12092,#9946,#9947);
#8012=AXIS2_PLACEMENT_3D('',#12094,#9949,#9950);
#8013=AXIS2_PLACEMENT_3D('',#12096,#9952,#9953);
#8014=AXIS2_PLACEMENT_3D('',#12098,#9955,#9956);
#8015=AXIS2_PLACEMENT_3D('',#12099,#9957,#9958);
#8016=AXIS2_PLACEMENT_3D('',#12107,#9963,#9964);
#8017=AXIS2_PLACEMENT_3D('',#12110,#9967,#9968);
#8018=AXIS2_PLACEMENT_3D('',#12112,#9970,#9971);
#8019=AXIS2_PLACEMENT_3D('',#12113,#9972,#9973);
#8020=AXIS2_PLACEMENT_3D('',#12114,#9974,#9975);
#8021=AXIS2_PLACEMENT_3D('',#12123,#9980,#9981);
#8022=AXIS2_PLACEMENT_3D('',#12132,#9986,#9987);
#8023=AXIS2_PLACEMENT_3D('',#12135,#9990,#9991);
#8024=AXIS2_PLACEMENT_3D('',#12145,#9997,#9998);
#8025=AXIS2_PLACEMENT_3D('',#12153,#10003,#10004);
#8026=AXIS2_PLACEMENT_3D('',#12161,#10009,#10010);
#8027=AXIS2_PLACEMENT_3D('',#12170,#10015,#10016);
#8028=AXIS2_PLACEMENT_3D('',#12179,#10021,#10022);
#8029=AXIS2_PLACEMENT_3D('',#12185,#10026,#10027);
#8030=AXIS2_PLACEMENT_3D('',#12191,#10031,#10032);
#8031=AXIS2_PLACEMENT_3D('',#12200,#10037,#10038);
#8032=AXIS2_PLACEMENT_3D('',#12203,#10041,#10042);
#8033=AXIS2_PLACEMENT_3D('',#12209,#10046,#10047);
#8034=AXIS2_PLACEMENT_3D('',#12215,#10051,#10052);
#8035=AXIS2_PLACEMENT_3D('',#12221,#10056,#10057);
#8036=AXIS2_PLACEMENT_3D('',#12227,#10061,#10062);
#8037=AXIS2_PLACEMENT_3D('',#12236,#10067,#10068);
#8038=AXIS2_PLACEMENT_3D('',#12239,#10071,#10072);
#8039=AXIS2_PLACEMENT_3D('',#12246,#10077,#10078);
#8040=AXIS2_PLACEMENT_3D('',#12255,#10084,#10085);
#8041=AXIS2_PLACEMENT_3D('',#12257,#10087,#10088);
#8042=AXIS2_PLACEMENT_3D('',#12264,#10093,#10094);
#8043=AXIS2_PLACEMENT_3D('',#12266,#10096,#10097);
#8044=AXIS2_PLACEMENT_3D('',#12270,#10100,#10101);
#8045=AXIS2_PLACEMENT_3D('',#12274,#10104,#10105);
#8046=AXIS2_PLACEMENT_3D('',#12278,#10108,#10109);
#8047=AXIS2_PLACEMENT_3D('',#12280,#10111,#10112);
#8048=AXIS2_PLACEMENT_3D('',#12282,#10114,#10115);
#8049=AXIS2_PLACEMENT_3D('',#12283,#10116,#10117);
#8050=DIRECTION('axis',(0.,0.,1.));
#8051=DIRECTION('refdir',(1.,0.,0.));
#8052=DIRECTION('center_axis',(1.,0.,0.));
#8053=DIRECTION('ref_axis',(0.,1.,0.));
#8054=DIRECTION('',(0.,1.,0.));
#8055=DIRECTION('',(0.,0.,1.));
#8056=DIRECTION('',(0.,1.,0.));
#8057=DIRECTION('',(0.,0.,1.));
#8058=DIRECTION('center_axis',(0.,0.,1.));
#8059=DIRECTION('ref_axis',(-1.,0.,0.));
#8060=DIRECTION('center_axis',(0.,0.,-1.));
#8061=DIRECTION('ref_axis',(-1.,0.,0.));
#8062=DIRECTION('center_axis',(0.,0.,-1.));
#8063=DIRECTION('ref_axis',(-1.,0.,0.));
#8064=DIRECTION('',(0.,0.,1.));
#8065=DIRECTION('center_axis',(0.,1.,0.));
#8066=DIRECTION('ref_axis',(-1.,0.,0.));
#8067=DIRECTION('',(-1.,0.,0.));
#8068=DIRECTION('',(-1.,0.,0.));
#8069=DIRECTION('',(0.,0.,1.));
#8070=DIRECTION('center_axis',(0.,0.,1.));
#8071=DIRECTION('ref_axis',(0.,-1.,0.));
#8072=DIRECTION('center_axis',(0.,0.,-1.));
#8073=DIRECTION('ref_axis',(0.,-1.,0.));
#8074=DIRECTION('center_axis',(0.,0.,-1.));
#8075=DIRECTION('ref_axis',(0.,-1.,0.));
#8076=DIRECTION('',(0.,0.,1.));
#8077=DIRECTION('center_axis',(-1.,0.,0.));
#8078=DIRECTION('ref_axis',(0.,-1.,0.));
#8079=DIRECTION('',(0.,-1.,0.));
#8080=DIRECTION('',(0.,-1.,0.));
#8081=DIRECTION('',(0.,0.,1.));
#8082=DIRECTION('center_axis',(0.,0.,1.));
#8083=DIRECTION('ref_axis',(1.,0.,0.));
#8084=DIRECTION('center_axis',(0.,0.,-1.));
#8085=DIRECTION('ref_axis',(1.,0.,0.));
#8086=DIRECTION('center_axis',(0.,0.,-1.));
#8087=DIRECTION('ref_axis',(1.,0.,0.));
#8088=DIRECTION('',(0.,0.,1.));
#8089=DIRECTION('center_axis',(0.,-1.,0.));
#8090=DIRECTION('ref_axis',(1.,0.,0.));
#8091=DIRECTION('',(1.,0.,0.));
#8092=DIRECTION('',(1.,0.,0.));
#8093=DIRECTION('',(0.,0.,1.));
#8094=DIRECTION('center_axis',(0.,0.,1.));
#8095=DIRECTION('ref_axis',(0.,1.,0.));
#8096=DIRECTION('center_axis',(0.,0.,-1.));
#8097=DIRECTION('ref_axis',(0.,1.,0.));
#8098=DIRECTION('center_axis',(0.,0.,-1.));
#8099=DIRECTION('ref_axis',(0.,1.,0.));
#8100=DIRECTION('center_axis',(1.,0.,0.));
#8101=DIRECTION('ref_axis',(0.,1.,0.));
#8102=DIRECTION('',(0.,1.,0.));
#8103=DIRECTION('',(0.,0.,1.));
#8104=DIRECTION('',(0.,1.,0.));
#8105=DIRECTION('',(0.,0.,1.));
#8106=DIRECTION('center_axis',(0.,0.,1.));
#8107=DIRECTION('ref_axis',(-1.,0.,0.));
#8108=DIRECTION('center_axis',(0.,0.,-1.));
#8109=DIRECTION('ref_axis',(-1.,0.,0.));
#8110=DIRECTION('center_axis',(0.,0.,-1.));
#8111=DIRECTION('ref_axis',(-1.,0.,0.));
#8112=DIRECTION('',(0.,0.,1.));
#8113=DIRECTION('center_axis',(0.,1.,0.));
#8114=DIRECTION('ref_axis',(-1.,0.,0.));
#8115=DIRECTION('',(-1.,0.,0.));
#8116=DIRECTION('',(-1.,0.,0.));
#8117=DIRECTION('',(0.,0.,1.));
#8118=DIRECTION('center_axis',(0.,0.,1.));
#8119=DIRECTION('ref_axis',(0.,-1.,0.));
#8120=DIRECTION('center_axis',(0.,0.,-1.));
#8121=DIRECTION('ref_axis',(0.,-1.,0.));
#8122=DIRECTION('center_axis',(0.,0.,-1.));
#8123=DIRECTION('ref_axis',(0.,-1.,0.));
#8124=DIRECTION('',(0.,0.,1.));
#8125=DIRECTION('center_axis',(-1.,0.,0.));
#8126=DIRECTION('ref_axis',(0.,-1.,0.));
#8127=DIRECTION('',(0.,-1.,0.));
#8128=DIRECTION('',(0.,-1.,0.));
#8129=DIRECTION('',(0.,0.,1.));
#8130=DIRECTION('center_axis',(0.,0.,1.));
#8131=DIRECTION('ref_axis',(1.,0.,0.));
#8132=DIRECTION('center_axis',(0.,0.,-1.));
#8133=DIRECTION('ref_axis',(1.,0.,0.));
#8134=DIRECTION('center_axis',(0.,0.,-1.));
#8135=DIRECTION('ref_axis',(1.,0.,0.));
#8136=DIRECTION('',(0.,0.,1.));
#8137=DIRECTION('center_axis',(0.,-1.,0.));
#8138=DIRECTION('ref_axis',(1.,0.,0.));
#8139=DIRECTION('',(1.,0.,0.));
#8140=DIRECTION('',(1.,0.,0.));
#8141=DIRECTION('',(0.,0.,1.));
#8142=DIRECTION('center_axis',(0.,0.,1.));
#8143=DIRECTION('ref_axis',(0.,1.,0.));
#8144=DIRECTION('center_axis',(0.,0.,-1.));
#8145=DIRECTION('ref_axis',(0.,1.,0.));
#8146=DIRECTION('center_axis',(0.,0.,-1.));
#8147=DIRECTION('ref_axis',(0.,1.,0.));
#8148=DIRECTION('center_axis',(1.,0.,0.));
#8149=DIRECTION('ref_axis',(0.,1.,0.));
#8150=DIRECTION('',(0.,1.,0.));
#8151=DIRECTION('',(0.,0.,1.));
#8152=DIRECTION('',(0.,1.,0.));
#8153=DIRECTION('',(0.,0.,1.));
#8154=DIRECTION('center_axis',(0.,0.,1.));
#8155=DIRECTION('ref_axis',(-1.,0.,0.));
#8156=DIRECTION('center_axis',(0.,0.,-1.));
#8157=DIRECTION('ref_axis',(-1.,0.,0.));
#8158=DIRECTION('center_axis',(0.,0.,-1.));
#8159=DIRECTION('ref_axis',(-1.,0.,0.));
#8160=DIRECTION('',(0.,0.,1.));
#8161=DIRECTION('center_axis',(0.,1.,0.));
#8162=DIRECTION('ref_axis',(-1.,0.,0.));
#8163=DIRECTION('',(-1.,0.,0.));
#8164=DIRECTION('',(-1.,0.,0.));
#8165=DIRECTION('',(0.,0.,1.));
#8166=DIRECTION('center_axis',(0.,0.,1.));
#8167=DIRECTION('ref_axis',(0.,-1.,0.));
#8168=DIRECTION('center_axis',(0.,0.,-1.));
#8169=DIRECTION('ref_axis',(0.,-1.,0.));
#8170=DIRECTION('center_axis',(0.,0.,-1.));
#8171=DIRECTION('ref_axis',(0.,-1.,0.));
#8172=DIRECTION('',(0.,0.,1.));
#8173=DIRECTION('center_axis',(-1.,0.,0.));
#8174=DIRECTION('ref_axis',(0.,-1.,0.));
#8175=DIRECTION('',(0.,-1.,0.));
#8176=DIRECTION('',(0.,-1.,0.));
#8177=DIRECTION('',(0.,0.,1.));
#8178=DIRECTION('center_axis',(0.,0.,1.));
#8179=DIRECTION('ref_axis',(1.,0.,0.));
#8180=DIRECTION('center_axis',(0.,0.,-1.));
#8181=DIRECTION('ref_axis',(1.,0.,0.));
#8182=DIRECTION('center_axis',(0.,0.,-1.));
#8183=DIRECTION('ref_axis',(1.,0.,0.));
#8184=DIRECTION('',(0.,0.,1.));
#8185=DIRECTION('center_axis',(0.,-1.,0.));
#8186=DIRECTION('ref_axis',(1.,0.,0.));
#8187=DIRECTION('',(1.,0.,0.));
#8188=DIRECTION('',(1.,0.,0.));
#8189=DIRECTION('',(0.,0.,1.));
#8190=DIRECTION('center_axis',(0.,0.,1.));
#8191=DIRECTION('ref_axis',(0.,1.,0.));
#8192=DIRECTION('center_axis',(0.,0.,-1.));
#8193=DIRECTION('ref_axis',(0.,1.,0.));
#8194=DIRECTION('center_axis',(0.,0.,-1.));
#8195=DIRECTION('ref_axis',(0.,1.,0.));
#8196=DIRECTION('center_axis',(1.,0.,0.));
#8197=DIRECTION('ref_axis',(0.,1.,0.));
#8198=DIRECTION('',(0.,1.,0.));
#8199=DIRECTION('',(0.,0.,1.));
#8200=DIRECTION('',(0.,1.,0.));
#8201=DIRECTION('',(0.,0.,1.));
#8202=DIRECTION('center_axis',(0.,0.,1.));
#8203=DIRECTION('ref_axis',(-1.,0.,0.));
#8204=DIRECTION('center_axis',(0.,0.,-1.));
#8205=DIRECTION('ref_axis',(-1.,0.,0.));
#8206=DIRECTION('center_axis',(0.,0.,-1.));
#8207=DIRECTION('ref_axis',(-1.,0.,0.));
#8208=DIRECTION('',(0.,0.,1.));
#8209=DIRECTION('center_axis',(0.,1.,0.));
#8210=DIRECTION('ref_axis',(-1.,0.,0.));
#8211=DIRECTION('',(-1.,0.,0.));
#8212=DIRECTION('',(-1.,0.,0.));
#8213=DIRECTION('',(0.,0.,1.));
#8214=DIRECTION('center_axis',(0.,0.,1.));
#8215=DIRECTION('ref_axis',(0.,-1.,0.));
#8216=DIRECTION('center_axis',(0.,0.,-1.));
#8217=DIRECTION('ref_axis',(0.,-1.,0.));
#8218=DIRECTION('center_axis',(0.,0.,-1.));
#8219=DIRECTION('ref_axis',(0.,-1.,0.));
#8220=DIRECTION('',(0.,0.,1.));
#8221=DIRECTION('center_axis',(-1.,0.,0.));
#8222=DIRECTION('ref_axis',(0.,-1.,0.));
#8223=DIRECTION('',(0.,-1.,0.));
#8224=DIRECTION('',(0.,-1.,0.));
#8225=DIRECTION('',(0.,0.,1.));
#8226=DIRECTION('center_axis',(0.,0.,1.));
#8227=DIRECTION('ref_axis',(1.,0.,0.));
#8228=DIRECTION('center_axis',(0.,0.,-1.));
#8229=DIRECTION('ref_axis',(1.,0.,0.));
#8230=DIRECTION('center_axis',(0.,0.,-1.));
#8231=DIRECTION('ref_axis',(1.,0.,0.));
#8232=DIRECTION('',(0.,0.,1.));
#8233=DIRECTION('center_axis',(0.,-1.,0.));
#8234=DIRECTION('ref_axis',(1.,0.,0.));
#8235=DIRECTION('',(1.,0.,0.));
#8236=DIRECTION('',(1.,0.,0.));
#8237=DIRECTION('',(0.,0.,1.));
#8238=DIRECTION('center_axis',(0.,0.,1.));
#8239=DIRECTION('ref_axis',(0.,1.,0.));
#8240=DIRECTION('center_axis',(0.,0.,-1.));
#8241=DIRECTION('ref_axis',(0.,1.,0.));
#8242=DIRECTION('center_axis',(0.,0.,-1.));
#8243=DIRECTION('ref_axis',(0.,1.,0.));
#8244=DIRECTION('center_axis',(1.,0.,0.));
#8245=DIRECTION('ref_axis',(0.,1.,0.));
#8246=DIRECTION('',(0.,1.,0.));
#8247=DIRECTION('',(0.,0.,1.));
#8248=DIRECTION('',(0.,1.,0.));
#8249=DIRECTION('',(0.,0.,1.));
#8250=DIRECTION('center_axis',(0.,0.,1.));
#8251=DIRECTION('ref_axis',(-1.,0.,0.));
#8252=DIRECTION('center_axis',(0.,0.,-1.));
#8253=DIRECTION('ref_axis',(-1.,0.,0.));
#8254=DIRECTION('center_axis',(0.,0.,-1.));
#8255=DIRECTION('ref_axis',(-1.,0.,0.));
#8256=DIRECTION('',(0.,0.,1.));
#8257=DIRECTION('center_axis',(0.,1.,0.));
#8258=DIRECTION('ref_axis',(-1.,0.,0.));
#8259=DIRECTION('',(-1.,0.,0.));
#8260=DIRECTION('',(-1.,0.,0.));
#8261=DIRECTION('',(0.,0.,1.));
#8262=DIRECTION('center_axis',(0.,0.,1.));
#8263=DIRECTION('ref_axis',(0.,-1.,0.));
#8264=DIRECTION('center_axis',(0.,0.,-1.));
#8265=DIRECTION('ref_axis',(0.,-1.,0.));
#8266=DIRECTION('center_axis',(0.,0.,-1.));
#8267=DIRECTION('ref_axis',(0.,-1.,0.));
#8268=DIRECTION('',(0.,0.,1.));
#8269=DIRECTION('center_axis',(-1.,0.,0.));
#8270=DIRECTION('ref_axis',(0.,-1.,0.));
#8271=DIRECTION('',(0.,-1.,0.));
#8272=DIRECTION('',(0.,-1.,0.));
#8273=DIRECTION('',(0.,0.,1.));
#8274=DIRECTION('center_axis',(0.,0.,1.));
#8275=DIRECTION('ref_axis',(1.,0.,0.));
#8276=DIRECTION('center_axis',(0.,0.,-1.));
#8277=DIRECTION('ref_axis',(1.,0.,0.));
#8278=DIRECTION('center_axis',(0.,0.,-1.));
#8279=DIRECTION('ref_axis',(1.,0.,0.));
#8280=DIRECTION('',(0.,0.,1.));
#8281=DIRECTION('center_axis',(0.,-1.,0.));
#8282=DIRECTION('ref_axis',(1.,0.,0.));
#8283=DIRECTION('',(1.,0.,0.));
#8284=DIRECTION('',(1.,0.,0.));
#8285=DIRECTION('',(0.,0.,1.));
#8286=DIRECTION('center_axis',(0.,0.,1.));
#8287=DIRECTION('ref_axis',(0.,1.,0.));
#8288=DIRECTION('center_axis',(0.,0.,-1.));
#8289=DIRECTION('ref_axis',(0.,1.,0.));
#8290=DIRECTION('center_axis',(0.,0.,-1.));
#8291=DIRECTION('ref_axis',(0.,1.,0.));
#8292=DIRECTION('center_axis',(1.,0.,0.));
#8293=DIRECTION('ref_axis',(0.,1.,0.));
#8294=DIRECTION('',(0.,1.,0.));
#8295=DIRECTION('',(0.,0.,1.));
#8296=DIRECTION('',(0.,1.,0.));
#8297=DIRECTION('',(0.,0.,1.));
#8298=DIRECTION('center_axis',(0.,0.,1.));
#8299=DIRECTION('ref_axis',(-1.,0.,0.));
#8300=DIRECTION('center_axis',(0.,0.,-1.));
#8301=DIRECTION('ref_axis',(-1.,0.,0.));
#8302=DIRECTION('center_axis',(0.,0.,-1.));
#8303=DIRECTION('ref_axis',(-1.,0.,0.));
#8304=DIRECTION('',(0.,0.,1.));
#8305=DIRECTION('center_axis',(0.,1.,0.));
#8306=DIRECTION('ref_axis',(-1.,0.,0.));
#8307=DIRECTION('',(-1.,0.,0.));
#8308=DIRECTION('',(-1.,0.,0.));
#8309=DIRECTION('',(0.,0.,1.));
#8310=DIRECTION('center_axis',(0.,0.,1.));
#8311=DIRECTION('ref_axis',(0.,-1.,0.));
#8312=DIRECTION('center_axis',(0.,0.,-1.));
#8313=DIRECTION('ref_axis',(0.,-1.,0.));
#8314=DIRECTION('center_axis',(0.,0.,-1.));
#8315=DIRECTION('ref_axis',(0.,-1.,0.));
#8316=DIRECTION('',(0.,0.,1.));
#8317=DIRECTION('center_axis',(-1.,0.,0.));
#8318=DIRECTION('ref_axis',(0.,-1.,0.));
#8319=DIRECTION('',(0.,-1.,0.));
#8320=DIRECTION('',(0.,-1.,0.));
#8321=DIRECTION('',(0.,0.,1.));
#8322=DIRECTION('center_axis',(0.,0.,1.));
#8323=DIRECTION('ref_axis',(1.,0.,0.));
#8324=DIRECTION('center_axis',(0.,0.,-1.));
#8325=DIRECTION('ref_axis',(1.,0.,0.));
#8326=DIRECTION('center_axis',(0.,0.,-1.));
#8327=DIRECTION('ref_axis',(1.,0.,0.));
#8328=DIRECTION('',(0.,0.,1.));
#8329=DIRECTION('center_axis',(0.,-1.,0.));
#8330=DIRECTION('ref_axis',(1.,0.,0.));
#8331=DIRECTION('',(1.,0.,0.));
#8332=DIRECTION('',(1.,0.,0.));
#8333=DIRECTION('',(0.,0.,1.));
#8334=DIRECTION('center_axis',(0.,0.,1.));
#8335=DIRECTION('ref_axis',(0.,1.,0.));
#8336=DIRECTION('center_axis',(0.,0.,-1.));
#8337=DIRECTION('ref_axis',(0.,1.,0.));
#8338=DIRECTION('center_axis',(0.,0.,-1.));
#8339=DIRECTION('ref_axis',(0.,1.,0.));
#8340=DIRECTION('center_axis',(1.,0.,0.));
#8341=DIRECTION('ref_axis',(0.,1.,0.));
#8342=DIRECTION('',(0.,1.,0.));
#8343=DIRECTION('',(0.,0.,1.));
#8344=DIRECTION('',(0.,1.,0.));
#8345=DIRECTION('',(0.,0.,1.));
#8346=DIRECTION('center_axis',(0.,0.,1.));
#8347=DIRECTION('ref_axis',(-1.,0.,0.));
#8348=DIRECTION('center_axis',(0.,0.,-1.));
#8349=DIRECTION('ref_axis',(-1.,0.,0.));
#8350=DIRECTION('center_axis',(0.,0.,-1.));
#8351=DIRECTION('ref_axis',(-1.,0.,0.));
#8352=DIRECTION('',(0.,0.,1.));
#8353=DIRECTION('center_axis',(0.,1.,0.));
#8354=DIRECTION('ref_axis',(-1.,0.,0.));
#8355=DIRECTION('',(-1.,0.,0.));
#8356=DIRECTION('',(-1.,0.,0.));
#8357=DIRECTION('',(0.,0.,1.));
#8358=DIRECTION('center_axis',(0.,0.,1.));
#8359=DIRECTION('ref_axis',(0.,-1.,0.));
#8360=DIRECTION('center_axis',(0.,0.,-1.));
#8361=DIRECTION('ref_axis',(0.,-1.,0.));
#8362=DIRECTION('center_axis',(0.,0.,-1.));
#8363=DIRECTION('ref_axis',(0.,-1.,0.));
#8364=DIRECTION('',(0.,0.,1.));
#8365=DIRECTION('center_axis',(-1.,0.,0.));
#8366=DIRECTION('ref_axis',(0.,-1.,0.));
#8367=DIRECTION('',(0.,-1.,0.));
#8368=DIRECTION('',(0.,-1.,0.));
#8369=DIRECTION('',(0.,0.,1.));
#8370=DIRECTION('center_axis',(0.,0.,1.));
#8371=DIRECTION('ref_axis',(1.,0.,0.));
#8372=DIRECTION('center_axis',(0.,0.,-1.));
#8373=DIRECTION('ref_axis',(1.,0.,0.));
#8374=DIRECTION('center_axis',(0.,0.,-1.));
#8375=DIRECTION('ref_axis',(1.,0.,0.));
#8376=DIRECTION('',(0.,0.,1.));
#8377=DIRECTION('center_axis',(0.,-1.,0.));
#8378=DIRECTION('ref_axis',(1.,0.,0.));
#8379=DIRECTION('',(1.,0.,0.));
#8380=DIRECTION('',(1.,0.,0.));
#8381=DIRECTION('',(0.,0.,1.));
#8382=DIRECTION('center_axis',(0.,0.,1.));
#8383=DIRECTION('ref_axis',(0.,1.,0.));
#8384=DIRECTION('center_axis',(0.,0.,-1.));
#8385=DIRECTION('ref_axis',(0.,1.,0.));
#8386=DIRECTION('center_axis',(0.,0.,-1.));
#8387=DIRECTION('ref_axis',(0.,1.,0.));
#8388=DIRECTION('center_axis',(1.,0.,0.));
#8389=DIRECTION('ref_axis',(0.,1.,0.));
#8390=DIRECTION('',(0.,1.,0.));
#8391=DIRECTION('',(0.,0.,1.));
#8392=DIRECTION('',(0.,1.,0.));
#8393=DIRECTION('',(0.,0.,1.));
#8394=DIRECTION('center_axis',(0.,0.,1.));
#8395=DIRECTION('ref_axis',(-1.,0.,0.));
#8396=DIRECTION('center_axis',(0.,0.,-1.));
#8397=DIRECTION('ref_axis',(-1.,0.,0.));
#8398=DIRECTION('center_axis',(0.,0.,-1.));
#8399=DIRECTION('ref_axis',(-1.,0.,0.));
#8400=DIRECTION('',(0.,0.,1.));
#8401=DIRECTION('center_axis',(0.,1.,0.));
#8402=DIRECTION('ref_axis',(-1.,0.,0.));
#8403=DIRECTION('',(-1.,0.,0.));
#8404=DIRECTION('',(-1.,0.,0.));
#8405=DIRECTION('',(0.,0.,1.));
#8406=DIRECTION('center_axis',(0.,0.,1.));
#8407=DIRECTION('ref_axis',(0.,-1.,0.));
#8408=DIRECTION('center_axis',(0.,0.,-1.));
#8409=DIRECTION('ref_axis',(0.,-1.,0.));
#8410=DIRECTION('center_axis',(0.,0.,-1.));
#8411=DIRECTION('ref_axis',(0.,-1.,0.));
#8412=DIRECTION('',(0.,0.,1.));
#8413=DIRECTION('center_axis',(-1.,0.,0.));
#8414=DIRECTION('ref_axis',(0.,-1.,0.));
#8415=DIRECTION('',(0.,-1.,0.));
#8416=DIRECTION('',(0.,-1.,0.));
#8417=DIRECTION('',(0.,0.,1.));
#8418=DIRECTION('center_axis',(0.,0.,1.));
#8419=DIRECTION('ref_axis',(1.,0.,0.));
#8420=DIRECTION('center_axis',(0.,0.,-1.));
#8421=DIRECTION('ref_axis',(1.,0.,0.));
#8422=DIRECTION('center_axis',(0.,0.,-1.));
#8423=DIRECTION('ref_axis',(1.,0.,0.));
#8424=DIRECTION('',(0.,0.,1.));
#8425=DIRECTION('center_axis',(0.,-1.,0.));
#8426=DIRECTION('ref_axis',(1.,0.,0.));
#8427=DIRECTION('',(1.,0.,0.));
#8428=DIRECTION('',(1.,0.,0.));
#8429=DIRECTION('',(0.,0.,1.));
#8430=DIRECTION('center_axis',(0.,0.,1.));
#8431=DIRECTION('ref_axis',(0.,1.,0.));
#8432=DIRECTION('center_axis',(0.,0.,-1.));
#8433=DIRECTION('ref_axis',(0.,1.,0.));
#8434=DIRECTION('center_axis',(0.,0.,-1.));
#8435=DIRECTION('ref_axis',(0.,1.,0.));
#8436=DIRECTION('center_axis',(1.,0.,0.));
#8437=DIRECTION('ref_axis',(0.,1.,0.));
#8438=DIRECTION('',(0.,1.,0.));
#8439=DIRECTION('',(0.,0.,1.));
#8440=DIRECTION('',(0.,1.,0.));
#8441=DIRECTION('',(0.,0.,1.));
#8442=DIRECTION('center_axis',(0.,0.,1.));
#8443=DIRECTION('ref_axis',(-1.,0.,0.));
#8444=DIRECTION('center_axis',(0.,0.,-1.));
#8445=DIRECTION('ref_axis',(-1.,0.,0.));
#8446=DIRECTION('center_axis',(0.,0.,-1.));
#8447=DIRECTION('ref_axis',(-1.,0.,0.));
#8448=DIRECTION('',(0.,0.,1.));
#8449=DIRECTION('center_axis',(0.,1.,0.));
#8450=DIRECTION('ref_axis',(-1.,0.,0.));
#8451=DIRECTION('',(-1.,0.,0.));
#8452=DIRECTION('',(-1.,0.,0.));
#8453=DIRECTION('',(0.,0.,1.));
#8454=DIRECTION('center_axis',(0.,0.,1.));
#8455=DIRECTION('ref_axis',(0.,-1.,0.));
#8456=DIRECTION('center_axis',(0.,0.,-1.));
#8457=DIRECTION('ref_axis',(0.,-1.,0.));
#8458=DIRECTION('center_axis',(0.,0.,-1.));
#8459=DIRECTION('ref_axis',(0.,-1.,0.));
#8460=DIRECTION('',(0.,0.,1.));
#8461=DIRECTION('center_axis',(-1.,0.,0.));
#8462=DIRECTION('ref_axis',(0.,-1.,0.));
#8463=DIRECTION('',(0.,-1.,0.));
#8464=DIRECTION('',(0.,-1.,0.));
#8465=DIRECTION('',(0.,0.,1.));
#8466=DIRECTION('center_axis',(0.,0.,1.));
#8467=DIRECTION('ref_axis',(1.,0.,0.));
#8468=DIRECTION('center_axis',(0.,0.,-1.));
#8469=DIRECTION('ref_axis',(1.,0.,0.));
#8470=DIRECTION('center_axis',(0.,0.,-1.));
#8471=DIRECTION('ref_axis',(1.,0.,0.));
#8472=DIRECTION('',(0.,0.,1.));
#8473=DIRECTION('center_axis',(0.,-1.,0.));
#8474=DIRECTION('ref_axis',(1.,0.,0.));
#8475=DIRECTION('',(1.,0.,0.));
#8476=DIRECTION('',(1.,0.,0.));
#8477=DIRECTION('',(0.,0.,1.));
#8478=DIRECTION('center_axis',(0.,0.,1.));
#8479=DIRECTION('ref_axis',(0.,1.,0.));
#8480=DIRECTION('center_axis',(0.,0.,-1.));
#8481=DIRECTION('ref_axis',(0.,1.,0.));
#8482=DIRECTION('center_axis',(0.,0.,-1.));
#8483=DIRECTION('ref_axis',(0.,1.,0.));
#8484=DIRECTION('center_axis',(-1.,0.,0.));
#8485=DIRECTION('ref_axis',(0.,-1.,0.));
#8486=DIRECTION('',(0.,-1.,0.));
#8487=DIRECTION('',(0.,0.,1.));
#8488=DIRECTION('',(0.,-1.,0.));
#8489=DIRECTION('',(0.,0.,1.));
#8490=DIRECTION('center_axis',(0.,0.,1.));
#8491=DIRECTION('ref_axis',(1.,0.,0.));
#8492=DIRECTION('center_axis',(0.,0.,-1.));
#8493=DIRECTION('ref_axis',(1.,0.,0.));
#8494=DIRECTION('center_axis',(0.,0.,-1.));
#8495=DIRECTION('ref_axis',(1.,0.,0.));
#8496=DIRECTION('',(0.,0.,1.));
#8497=DIRECTION('center_axis',(0.,-1.,0.));
#8498=DIRECTION('ref_axis',(1.,0.,0.));
#8499=DIRECTION('',(1.,0.,0.));
#8500=DIRECTION('',(1.,0.,0.));
#8501=DIRECTION('',(0.,0.,1.));
#8502=DIRECTION('center_axis',(-1.,0.,0.));
#8503=DIRECTION('ref_axis',(0.,-1.,0.));
#8504=DIRECTION('',(0.,-1.,0.));
#8505=DIRECTION('',(0.,-1.,0.));
#8506=DIRECTION('',(0.,0.,1.));
#8507=DIRECTION('center_axis',(0.,0.,1.));
#8508=DIRECTION('ref_axis',(1.,0.,0.));
#8509=DIRECTION('center_axis',(0.,0.,-1.));
#8510=DIRECTION('ref_axis',(1.,0.,0.));
#8511=DIRECTION('center_axis',(0.,0.,-1.));
#8512=DIRECTION('ref_axis',(1.,0.,0.));
#8513=DIRECTION('',(0.,0.,1.));
#8514=DIRECTION('center_axis',(0.,-1.,0.));
#8515=DIRECTION('ref_axis',(1.,0.,0.));
#8516=DIRECTION('',(1.,0.,0.));
#8517=DIRECTION('',(1.,0.,0.));
#8518=DIRECTION('',(0.,0.,1.));
#8519=DIRECTION('center_axis',(0.,0.,1.));
#8520=DIRECTION('ref_axis',(0.,1.,0.));
#8521=DIRECTION('center_axis',(0.,0.,-1.));
#8522=DIRECTION('ref_axis',(0.,1.,0.));
#8523=DIRECTION('center_axis',(0.,0.,-1.));
#8524=DIRECTION('ref_axis',(0.,1.,0.));
#8525=DIRECTION('',(0.,0.,1.));
#8526=DIRECTION('center_axis',(1.,0.,0.));
#8527=DIRECTION('ref_axis',(0.,1.,0.));
#8528=DIRECTION('',(0.,1.,0.));
#8529=DIRECTION('',(0.,1.,0.));
#8530=DIRECTION('',(0.,0.,1.));
#8531=DIRECTION('center_axis',(0.,-1.,0.));
#8532=DIRECTION('ref_axis',(1.,0.,0.));
#8533=DIRECTION('',(1.,0.,0.));
#8534=DIRECTION('',(1.,0.,0.));
#8535=DIRECTION('',(0.,0.,1.));
#8536=DIRECTION('center_axis',(-1.,0.,0.));
#8537=DIRECTION('ref_axis',(0.,-1.,0.));
#8538=DIRECTION('',(0.,-1.,0.));
#8539=DIRECTION('',(0.,-1.,0.));
#8540=DIRECTION('',(0.,0.,1.));
#8541=DIRECTION('center_axis',(0.,0.,1.));
#8542=DIRECTION('ref_axis',(1.,0.,0.));
#8543=DIRECTION('center_axis',(0.,0.,-1.));
#8544=DIRECTION('ref_axis',(1.,0.,0.));
#8545=DIRECTION('center_axis',(0.,0.,-1.));
#8546=DIRECTION('ref_axis',(1.,0.,0.));
#8547=DIRECTION('',(0.,0.,1.));
#8548=DIRECTION('center_axis',(0.,-1.,0.));
#8549=DIRECTION('ref_axis',(1.,0.,0.));
#8550=DIRECTION('',(1.,0.,0.));
#8551=DIRECTION('',(1.,0.,0.));
#8552=DIRECTION('',(0.,0.,1.));
#8553=DIRECTION('center_axis',(0.,0.,1.));
#8554=DIRECTION('ref_axis',(0.,1.,0.));
#8555=DIRECTION('center_axis',(0.,0.,-1.));
#8556=DIRECTION('ref_axis',(0.,1.,0.));
#8557=DIRECTION('center_axis',(0.,0.,-1.));
#8558=DIRECTION('ref_axis',(0.,1.,0.));
#8559=DIRECTION('',(0.,0.,1.));
#8560=DIRECTION('center_axis',(1.,0.,0.));
#8561=DIRECTION('ref_axis',(0.,1.,0.));
#8562=DIRECTION('',(0.,1.,0.));
#8563=DIRECTION('',(0.,1.,0.));
#8564=DIRECTION('',(0.,0.,1.));
#8565=DIRECTION('center_axis',(0.,-1.,0.));
#8566=DIRECTION('ref_axis',(1.,0.,0.));
#8567=DIRECTION('',(1.,0.,0.));
#8568=DIRECTION('',(1.,0.,0.));
#8569=DIRECTION('',(0.,0.,1.));
#8570=DIRECTION('center_axis',(-1.,0.,0.));
#8571=DIRECTION('ref_axis',(0.,-1.,0.));
#8572=DIRECTION('',(0.,-1.,0.));
#8573=DIRECTION('',(0.,-1.,0.));
#8574=DIRECTION('',(0.,0.,1.));
#8575=DIRECTION('center_axis',(0.,0.,1.));
#8576=DIRECTION('ref_axis',(1.,0.,0.));
#8577=DIRECTION('center_axis',(0.,0.,-1.));
#8578=DIRECTION('ref_axis',(1.,0.,0.));
#8579=DIRECTION('center_axis',(0.,0.,-1.));
#8580=DIRECTION('ref_axis',(1.,0.,0.));
#8581=DIRECTION('',(0.,0.,1.));
#8582=DIRECTION('center_axis',(0.,-1.,0.));
#8583=DIRECTION('ref_axis',(1.,0.,0.));
#8584=DIRECTION('',(1.,0.,0.));
#8585=DIRECTION('',(1.,0.,0.));
#8586=DIRECTION('',(0.,0.,1.));
#8587=DIRECTION('center_axis',(0.,0.,1.));
#8588=DIRECTION('ref_axis',(0.,1.,0.));
#8589=DIRECTION('center_axis',(0.,0.,-1.));
#8590=DIRECTION('ref_axis',(0.,1.,0.));
#8591=DIRECTION('center_axis',(0.,0.,-1.));
#8592=DIRECTION('ref_axis',(0.,1.,0.));
#8593=DIRECTION('',(0.,0.,1.));
#8594=DIRECTION('center_axis',(1.,0.,0.));
#8595=DIRECTION('ref_axis',(0.,1.,0.));
#8596=DIRECTION('',(0.,1.,0.));
#8597=DIRECTION('',(0.,1.,0.));
#8598=DIRECTION('',(0.,0.,1.));
#8599=DIRECTION('center_axis',(0.,-1.,0.));
#8600=DIRECTION('ref_axis',(1.,0.,0.));
#8601=DIRECTION('',(1.,0.,0.));
#8602=DIRECTION('',(1.,0.,0.));
#8603=DIRECTION('',(0.,0.,1.));
#8604=DIRECTION('center_axis',(0.,0.,1.));
#8605=DIRECTION('ref_axis',(0.,1.,0.));
#8606=DIRECTION('center_axis',(0.,0.,-1.));
#8607=DIRECTION('ref_axis',(0.,1.,0.));
#8608=DIRECTION('center_axis',(0.,0.,-1.));
#8609=DIRECTION('ref_axis',(0.,1.,0.));
#8610=DIRECTION('',(0.,0.,1.));
#8611=DIRECTION('center_axis',(1.,0.,0.));
#8612=DIRECTION('ref_axis',(0.,1.,0.));
#8613=DIRECTION('',(0.,1.,0.));
#8614=DIRECTION('',(0.,1.,0.));
#8615=DIRECTION('',(0.,0.,1.));
#8616=DIRECTION('center_axis',(0.,1.,0.));
#8617=DIRECTION('ref_axis',(-1.,0.,0.));
#8618=DIRECTION('',(-1.,0.,0.));
#8619=DIRECTION('',(-1.,0.,0.));
#8620=DIRECTION('',(0.,0.,1.));
#8621=DIRECTION('center_axis',(0.,0.,1.));
#8622=DIRECTION('ref_axis',(1.,0.,0.));
#8623=DIRECTION('center_axis',(0.,0.,1.));
#8624=DIRECTION('ref_axis',(1.,0.,0.));
#8625=DIRECTION('center_axis',(0.,0.,1.));
#8626=DIRECTION('ref_axis',(1.,0.,0.));
#8627=DIRECTION('',(0.,0.,1.));
#8628=DIRECTION('center_axis',(1.,0.,0.));
#8629=DIRECTION('ref_axis',(0.,1.,0.));
#8630=DIRECTION('',(0.,1.,0.));
#8631=DIRECTION('',(0.,1.,0.));
#8632=DIRECTION('',(0.,0.,1.));
#8633=DIRECTION('center_axis',(0.,0.,1.));
#8634=DIRECTION('ref_axis',(-1.,0.,0.));
#8635=DIRECTION('center_axis',(0.,0.,-1.));
#8636=DIRECTION('ref_axis',(-1.,0.,0.));
#8637=DIRECTION('center_axis',(0.,0.,-1.));
#8638=DIRECTION('ref_axis',(-1.,0.,0.));
#8639=DIRECTION('',(0.,0.,1.));
#8640=DIRECTION('center_axis',(0.,1.,0.));
#8641=DIRECTION('ref_axis',(-1.,0.,0.));
#8642=DIRECTION('',(-1.,0.,0.));
#8643=DIRECTION('',(-1.,0.,0.));
#8644=DIRECTION('',(0.,0.,1.));
#8645=DIRECTION('center_axis',(0.,0.,1.));
#8646=DIRECTION('ref_axis',(1.,0.,0.));
#8647=DIRECTION('center_axis',(0.,0.,1.));
#8648=DIRECTION('ref_axis',(1.,0.,0.));
#8649=DIRECTION('center_axis',(0.,0.,1.));
#8650=DIRECTION('ref_axis',(1.,0.,0.));
#8651=DIRECTION('',(0.,0.,1.));
#8652=DIRECTION('center_axis',(1.,0.,0.));
#8653=DIRECTION('ref_axis',(0.,1.,0.));
#8654=DIRECTION('',(0.,1.,0.));
#8655=DIRECTION('',(0.,1.,0.));
#8656=DIRECTION('',(0.,0.,1.));
#8657=DIRECTION('center_axis',(0.,0.,1.));
#8658=DIRECTION('ref_axis',(-1.,0.,0.));
#8659=DIRECTION('center_axis',(0.,0.,-1.));
#8660=DIRECTION('ref_axis',(-1.,0.,0.));
#8661=DIRECTION('center_axis',(0.,0.,-1.));
#8662=DIRECTION('ref_axis',(-1.,0.,0.));
#8663=DIRECTION('',(0.,0.,1.));
#8664=DIRECTION('center_axis',(0.,1.,0.));
#8665=DIRECTION('ref_axis',(-1.,0.,0.));
#8666=DIRECTION('',(-1.,0.,0.));
#8667=DIRECTION('',(-1.,0.,0.));
#8668=DIRECTION('',(0.,0.,1.));
#8669=DIRECTION('center_axis',(0.,0.,1.));
#8670=DIRECTION('ref_axis',(0.,-1.,0.));
#8671=DIRECTION('center_axis',(0.,0.,-1.));
#8672=DIRECTION('ref_axis',(0.,-1.,0.));
#8673=DIRECTION('center_axis',(0.,0.,-1.));
#8674=DIRECTION('ref_axis',(0.,-1.,0.));
#8675=DIRECTION('',(0.,0.,1.));
#8676=DIRECTION('center_axis',(-1.,0.,0.));
#8677=DIRECTION('ref_axis',(0.,-1.,0.));
#8678=DIRECTION('',(0.,-1.,0.));
#8679=DIRECTION('',(0.,-1.,0.));
#8680=DIRECTION('',(0.,0.,1.));
#8681=DIRECTION('center_axis',(0.,0.,1.));
#8682=DIRECTION('ref_axis',(0.,1.,0.));
#8683=DIRECTION('center_axis',(0.,0.,1.));
#8684=DIRECTION('ref_axis',(0.,1.,0.));
#8685=DIRECTION('center_axis',(0.,0.,1.));
#8686=DIRECTION('ref_axis',(0.,1.,0.));
#8687=DIRECTION('',(0.,0.,1.));
#8688=DIRECTION('center_axis',(0.,1.,0.));
#8689=DIRECTION('ref_axis',(-1.,0.,0.));
#8690=DIRECTION('',(-1.,0.,0.));
#8691=DIRECTION('',(-1.,0.,0.));
#8692=DIRECTION('',(0.,0.,1.));
#8693=DIRECTION('center_axis',(-1.,0.,0.));
#8694=DIRECTION('ref_axis',(0.,-1.,0.));
#8695=DIRECTION('',(0.,-1.,0.));
#8696=DIRECTION('',(0.,-1.,0.));
#8697=DIRECTION('',(0.,0.,1.));
#8698=DIRECTION('center_axis',(0.,0.,1.));
#8699=DIRECTION('ref_axis',(0.,1.,0.));
#8700=DIRECTION('center_axis',(0.,0.,1.));
#8701=DIRECTION('ref_axis',(0.,1.,0.));
#8702=DIRECTION('center_axis',(0.,0.,1.));
#8703=DIRECTION('ref_axis',(0.,1.,0.));
#8704=DIRECTION('',(0.,0.,1.));
#8705=DIRECTION('center_axis',(0.,1.,0.));
#8706=DIRECTION('ref_axis',(-1.,0.,0.));
#8707=DIRECTION('',(-1.,0.,0.));
#8708=DIRECTION('',(-1.,0.,0.));
#8709=DIRECTION('',(0.,0.,1.));
#8710=DIRECTION('center_axis',(1.,0.,0.));
#8711=DIRECTION('ref_axis',(0.,1.,0.));
#8712=DIRECTION('',(0.,1.,0.));
#8713=DIRECTION('',(0.,1.,0.));
#8714=DIRECTION('',(0.,0.,1.));
#8715=DIRECTION('center_axis',(0.,0.,1.));
#8716=DIRECTION('ref_axis',(-1.,0.,0.));
#8717=DIRECTION('center_axis',(0.,0.,-1.));
#8718=DIRECTION('ref_axis',(-1.,0.,0.));
#8719=DIRECTION('center_axis',(0.,0.,-1.));
#8720=DIRECTION('ref_axis',(-1.,0.,0.));
#8721=DIRECTION('',(0.,0.,1.));
#8722=DIRECTION('center_axis',(0.,1.,0.));
#8723=DIRECTION('ref_axis',(-1.,0.,0.));
#8724=DIRECTION('',(-1.,0.,0.));
#8725=DIRECTION('',(-1.,0.,0.));
#8726=DIRECTION('',(0.,0.,1.));
#8727=DIRECTION('center_axis',(0.,0.,1.));
#8728=DIRECTION('ref_axis',(0.,-1.,0.));
#8729=DIRECTION('center_axis',(0.,0.,-1.));
#8730=DIRECTION('ref_axis',(0.,-1.,0.));
#8731=DIRECTION('center_axis',(0.,0.,-1.));
#8732=DIRECTION('ref_axis',(0.,-1.,0.));
#8733=DIRECTION('',(0.,0.,1.));
#8734=DIRECTION('center_axis',(-1.,0.,0.));
#8735=DIRECTION('ref_axis',(0.,-1.,0.));
#8736=DIRECTION('',(0.,-1.,0.));
#8737=DIRECTION('',(0.,-1.,0.));
#8738=DIRECTION('',(0.,0.,1.));
#8739=DIRECTION('center_axis',(0.,1.,0.));
#8740=DIRECTION('ref_axis',(-1.,0.,0.));
#8741=DIRECTION('',(-1.,0.,0.));
#8742=DIRECTION('',(-1.,0.,0.));
#8743=DIRECTION('',(0.,0.,1.));
#8744=DIRECTION('center_axis',(0.,0.,1.));
#8745=DIRECTION('ref_axis',(1.,0.,0.));
#8746=DIRECTION('center_axis',(0.,0.,1.));
#8747=DIRECTION('ref_axis',(1.,0.,0.));
#8748=DIRECTION('center_axis',(0.,0.,1.));
#8749=DIRECTION('ref_axis',(1.,0.,0.));
#8750=DIRECTION('',(0.,0.,1.));
#8751=DIRECTION('center_axis',(1.,0.,0.));
#8752=DIRECTION('ref_axis',(0.,1.,0.));
#8753=DIRECTION('',(0.,1.,0.));
#8754=DIRECTION('',(0.,1.,0.));
#8755=DIRECTION('',(0.,0.,1.));
#8756=DIRECTION('center_axis',(0.,1.,0.));
#8757=DIRECTION('ref_axis',(-1.,0.,0.));
#8758=DIRECTION('',(-1.,0.,0.));
#8759=DIRECTION('',(-1.,0.,0.));
#8760=DIRECTION('',(0.,0.,1.));
#8761=DIRECTION('center_axis',(0.,0.,1.));
#8762=DIRECTION('ref_axis',(1.,0.,0.));
#8763=DIRECTION('center_axis',(0.,0.,1.));
#8764=DIRECTION('ref_axis',(1.,0.,0.));
#8765=DIRECTION('center_axis',(0.,0.,1.));
#8766=DIRECTION('ref_axis',(1.,0.,0.));
#8767=DIRECTION('',(0.,0.,1.));
#8768=DIRECTION('center_axis',(1.,0.,0.));
#8769=DIRECTION('ref_axis',(0.,1.,0.));
#8770=DIRECTION('',(0.,1.,0.));
#8771=DIRECTION('',(0.,1.,0.));
#8772=DIRECTION('',(0.,0.,1.));
#8773=DIRECTION('center_axis',(0.,0.,1.));
#8774=DIRECTION('ref_axis',(-1.,0.,0.));
#8775=DIRECTION('center_axis',(0.,0.,-1.));
#8776=DIRECTION('ref_axis',(-1.,0.,0.));
#8777=DIRECTION('center_axis',(0.,0.,-1.));
#8778=DIRECTION('ref_axis',(-1.,0.,0.));
#8779=DIRECTION('',(0.,0.,1.));
#8780=DIRECTION('center_axis',(0.,1.,0.));
#8781=DIRECTION('ref_axis',(-1.,0.,0.));
#8782=DIRECTION('',(-1.,0.,0.));
#8783=DIRECTION('',(-1.,0.,0.));
#8784=DIRECTION('',(0.,0.,1.));
#8785=DIRECTION('center_axis',(0.,0.,1.));
#8786=DIRECTION('ref_axis',(0.,-1.,0.));
#8787=DIRECTION('center_axis',(0.,0.,-1.));
#8788=DIRECTION('ref_axis',(0.,-1.,0.));
#8789=DIRECTION('center_axis',(0.,0.,-1.));
#8790=DIRECTION('ref_axis',(0.,-1.,0.));
#8791=DIRECTION('',(0.,0.,1.));
#8792=DIRECTION('center_axis',(-1.,0.,0.));
#8793=DIRECTION('ref_axis',(0.,-1.,0.));
#8794=DIRECTION('',(0.,-1.,0.));
#8795=DIRECTION('',(0.,-1.,0.));
#8796=DIRECTION('',(0.,0.,1.));
#8797=DIRECTION('center_axis',(0.,0.,1.));
#8798=DIRECTION('ref_axis',(0.,1.,0.));
#8799=DIRECTION('center_axis',(0.,0.,1.));
#8800=DIRECTION('ref_axis',(0.,1.,0.));
#8801=DIRECTION('center_axis',(0.,0.,1.));
#8802=DIRECTION('ref_axis',(0.,1.,0.));
#8803=DIRECTION('',(0.,0.,1.));
#8804=DIRECTION('center_axis',(0.,1.,0.));
#8805=DIRECTION('ref_axis',(-1.,0.,0.));
#8806=DIRECTION('',(-1.,0.,0.));
#8807=DIRECTION('',(-1.,0.,0.));
#8808=DIRECTION('',(0.,0.,1.));
#8809=DIRECTION('center_axis',(0.,0.,1.));
#8810=DIRECTION('ref_axis',(0.,-1.,0.));
#8811=DIRECTION('center_axis',(0.,0.,-1.));
#8812=DIRECTION('ref_axis',(0.,-1.,0.));
#8813=DIRECTION('center_axis',(0.,0.,-1.));
#8814=DIRECTION('ref_axis',(0.,-1.,0.));
#8815=DIRECTION('',(0.,0.,1.));
#8816=DIRECTION('center_axis',(-1.,0.,0.));
#8817=DIRECTION('ref_axis',(0.,-1.,0.));
#8818=DIRECTION('',(0.,-1.,0.));
#8819=DIRECTION('',(0.,-1.,0.));
#8820=DIRECTION('',(0.,0.,1.));
#8821=DIRECTION('center_axis',(0.,0.,1.));
#8822=DIRECTION('ref_axis',(0.,1.,0.));
#8823=DIRECTION('center_axis',(0.,0.,1.));
#8824=DIRECTION('ref_axis',(0.,1.,0.));
#8825=DIRECTION('center_axis',(0.,0.,1.));
#8826=DIRECTION('ref_axis',(0.,1.,0.));
#8827=DIRECTION('',(0.,0.,1.));
#8828=DIRECTION('center_axis',(0.,1.,0.));
#8829=DIRECTION('ref_axis',(-1.,0.,0.));
#8830=DIRECTION('',(-1.,0.,0.));
#8831=DIRECTION('',(-1.,0.,0.));
#8832=DIRECTION('center_axis',(1.,0.,0.));
#8833=DIRECTION('ref_axis',(0.,1.,0.));
#8834=DIRECTION('',(0.,1.,0.));
#8835=DIRECTION('',(0.,0.,1.));
#8836=DIRECTION('',(0.,1.,0.));
#8837=DIRECTION('',(0.,0.,1.));
#8838=DIRECTION('center_axis',(0.,0.,1.));
#8839=DIRECTION('ref_axis',(-1.,0.,0.));
#8840=DIRECTION('center_axis',(0.,0.,-1.));
#8841=DIRECTION('ref_axis',(-1.,0.,0.));
#8842=DIRECTION('center_axis',(0.,0.,-1.));
#8843=DIRECTION('ref_axis',(-1.,0.,0.));
#8844=DIRECTION('',(0.,0.,1.));
#8845=DIRECTION('center_axis',(0.,1.,0.));
#8846=DIRECTION('ref_axis',(-1.,0.,0.));
#8847=DIRECTION('',(-1.,0.,0.));
#8848=DIRECTION('',(-1.,0.,0.));
#8849=DIRECTION('',(0.,0.,1.));
#8850=DIRECTION('center_axis',(0.,0.,1.));
#8851=DIRECTION('ref_axis',(0.,-1.,0.));
#8852=DIRECTION('center_axis',(0.,0.,-1.));
#8853=DIRECTION('ref_axis',(0.,-1.,0.));
#8854=DIRECTION('center_axis',(0.,0.,-1.));
#8855=DIRECTION('ref_axis',(0.,-1.,0.));
#8856=DIRECTION('',(0.,0.,1.));
#8857=DIRECTION('center_axis',(-1.,0.,0.));
#8858=DIRECTION('ref_axis',(0.,-1.,0.));
#8859=DIRECTION('',(0.,-1.,0.));
#8860=DIRECTION('',(0.,-1.,0.));
#8861=DIRECTION('',(0.,0.,1.));
#8862=DIRECTION('center_axis',(0.,0.,1.));
#8863=DIRECTION('ref_axis',(1.,0.,0.));
#8864=DIRECTION('center_axis',(0.,0.,-1.));
#8865=DIRECTION('ref_axis',(1.,0.,0.));
#8866=DIRECTION('center_axis',(0.,0.,-1.));
#8867=DIRECTION('ref_axis',(1.,0.,0.));
#8868=DIRECTION('',(0.,0.,1.));
#8869=DIRECTION('center_axis',(0.,-1.,0.));
#8870=DIRECTION('ref_axis',(1.,0.,0.));
#8871=DIRECTION('',(1.,0.,0.));
#8872=DIRECTION('',(1.,0.,0.));
#8873=DIRECTION('',(0.,0.,1.));
#8874=DIRECTION('center_axis',(0.,0.,1.));
#8875=DIRECTION('ref_axis',(0.,1.,0.));
#8876=DIRECTION('center_axis',(0.,0.,-1.));
#8877=DIRECTION('ref_axis',(0.,1.,0.));
#8878=DIRECTION('center_axis',(0.,0.,-1.));
#8879=DIRECTION('ref_axis',(0.,1.,0.));
#8880=DIRECTION('center_axis',(1.,0.,0.));
#8881=DIRECTION('ref_axis',(0.,1.,0.));
#8882=DIRECTION('',(0.,1.,0.));
#8883=DIRECTION('',(0.,0.,1.));
#8884=DIRECTION('',(0.,1.,0.));
#8885=DIRECTION('',(0.,0.,1.));
#8886=DIRECTION('center_axis',(0.,0.,1.));
#8887=DIRECTION('ref_axis',(-1.,0.,0.));
#8888=DIRECTION('center_axis',(0.,0.,-1.));
#8889=DIRECTION('ref_axis',(-1.,0.,0.));
#8890=DIRECTION('center_axis',(0.,0.,-1.));
#8891=DIRECTION('ref_axis',(-1.,0.,0.));
#8892=DIRECTION('',(0.,0.,1.));
#8893=DIRECTION('center_axis',(0.,1.,0.));
#8894=DIRECTION('ref_axis',(-1.,0.,0.));
#8895=DIRECTION('',(-1.,0.,0.));
#8896=DIRECTION('',(-1.,0.,0.));
#8897=DIRECTION('',(0.,0.,1.));
#8898=DIRECTION('center_axis',(0.,0.,1.));
#8899=DIRECTION('ref_axis',(0.,-1.,0.));
#8900=DIRECTION('center_axis',(0.,0.,-1.));
#8901=DIRECTION('ref_axis',(0.,-1.,0.));
#8902=DIRECTION('center_axis',(0.,0.,-1.));
#8903=DIRECTION('ref_axis',(0.,-1.,0.));
#8904=DIRECTION('',(0.,0.,1.));
#8905=DIRECTION('center_axis',(-1.,0.,0.));
#8906=DIRECTION('ref_axis',(0.,-1.,0.));
#8907=DIRECTION('',(0.,-1.,0.));
#8908=DIRECTION('',(0.,-1.,0.));
#8909=DIRECTION('',(0.,0.,1.));
#8910=DIRECTION('center_axis',(0.,0.,1.));
#8911=DIRECTION('ref_axis',(1.,0.,0.));
#8912=DIRECTION('center_axis',(0.,0.,-1.));
#8913=DIRECTION('ref_axis',(1.,0.,0.));
#8914=DIRECTION('center_axis',(0.,0.,-1.));
#8915=DIRECTION('ref_axis',(1.,0.,0.));
#8916=DIRECTION('',(0.,0.,1.));
#8917=DIRECTION('center_axis',(0.,-1.,0.));
#8918=DIRECTION('ref_axis',(1.,0.,0.));
#8919=DIRECTION('',(1.,0.,0.));
#8920=DIRECTION('',(1.,0.,0.));
#8921=DIRECTION('',(0.,0.,1.));
#8922=DIRECTION('center_axis',(0.,0.,1.));
#8923=DIRECTION('ref_axis',(0.,1.,0.));
#8924=DIRECTION('center_axis',(0.,0.,-1.));
#8925=DIRECTION('ref_axis',(0.,1.,0.));
#8926=DIRECTION('center_axis',(0.,0.,-1.));
#8927=DIRECTION('ref_axis',(0.,1.,0.));
#8928=DIRECTION('center_axis',(0.,1.,0.));
#8929=DIRECTION('ref_axis',(-1.,0.,0.));
#8930=DIRECTION('',(-1.,0.,0.));
#8931=DIRECTION('',(0.,0.,1.));
#8932=DIRECTION('',(-1.,0.,0.));
#8933=DIRECTION('',(0.,0.,1.));
#8934=DIRECTION('center_axis',(0.,0.,1.));
#8935=DIRECTION('ref_axis',(0.,-1.,0.));
#8936=DIRECTION('center_axis',(0.,0.,-1.));
#8937=DIRECTION('ref_axis',(0.,-1.,0.));
#8938=DIRECTION('center_axis',(0.,0.,-1.));
#8939=DIRECTION('ref_axis',(0.,-1.,0.));
#8940=DIRECTION('',(0.,0.,1.));
#8941=DIRECTION('center_axis',(-1.,0.,0.));
#8942=DIRECTION('ref_axis',(0.,-1.,0.));
#8943=DIRECTION('',(0.,-1.,0.));
#8944=DIRECTION('',(0.,-1.,0.));
#8945=DIRECTION('',(0.,0.,1.));
#8946=DIRECTION('center_axis',(0.,1.,0.));
#8947=DIRECTION('ref_axis',(-1.,0.,0.));
#8948=DIRECTION('',(-1.,0.,0.));
#8949=DIRECTION('',(-1.,0.,0.));
#8950=DIRECTION('',(0.,0.,1.));
#8951=DIRECTION('center_axis',(0.,0.,1.));
#8952=DIRECTION('ref_axis',(0.,-1.,0.));
#8953=DIRECTION('center_axis',(0.,0.,-1.));
#8954=DIRECTION('ref_axis',(0.,-1.,0.));
#8955=DIRECTION('center_axis',(0.,0.,-1.));
#8956=DIRECTION('ref_axis',(0.,-1.,0.));
#8957=DIRECTION('',(0.,0.,1.));
#8958=DIRECTION('center_axis',(-1.,0.,0.));
#8959=DIRECTION('ref_axis',(0.,-1.,0.));
#8960=DIRECTION('',(0.,-1.,0.));
#8961=DIRECTION('',(0.,-1.,0.));
#8962=DIRECTION('',(0.,0.,1.));
#8963=DIRECTION('center_axis',(0.,0.,1.));
#8964=DIRECTION('ref_axis',(1.,0.,0.));
#8965=DIRECTION('center_axis',(0.,0.,-1.));
#8966=DIRECTION('ref_axis',(1.,0.,0.));
#8967=DIRECTION('center_axis',(0.,0.,-1.));
#8968=DIRECTION('ref_axis',(1.,0.,0.));
#8969=DIRECTION('',(0.,0.,1.));
#8970=DIRECTION('center_axis',(0.,-1.,0.));
#8971=DIRECTION('ref_axis',(1.,0.,0.));
#8972=DIRECTION('',(1.,0.,0.));
#8973=DIRECTION('',(1.,0.,0.));
#8974=DIRECTION('',(0.,0.,1.));
#8975=DIRECTION('center_axis',(-1.,0.,0.));
#8976=DIRECTION('ref_axis',(0.,-1.,0.));
#8977=DIRECTION('',(0.,-1.,0.));
#8978=DIRECTION('',(0.,-1.,0.));
#8979=DIRECTION('',(0.,0.,1.));
#8980=DIRECTION('center_axis',(0.,1.,0.));
#8981=DIRECTION('ref_axis',(-1.,0.,0.));
#8982=DIRECTION('',(-1.,0.,0.));
#8983=DIRECTION('',(-1.,0.,0.));
#8984=DIRECTION('',(0.,0.,1.));
#8985=DIRECTION('center_axis',(0.,0.,1.));
#8986=DIRECTION('ref_axis',(0.,-1.,0.));
#8987=DIRECTION('center_axis',(0.,0.,-1.));
#8988=DIRECTION('ref_axis',(0.,-1.,0.));
#8989=DIRECTION('center_axis',(0.,0.,-1.));
#8990=DIRECTION('ref_axis',(0.,-1.,0.));
#8991=DIRECTION('',(0.,0.,1.));
#8992=DIRECTION('center_axis',(-1.,0.,0.));
#8993=DIRECTION('ref_axis',(0.,-1.,0.));
#8994=DIRECTION('',(0.,-1.,0.));
#8995=DIRECTION('',(0.,-1.,0.));
#8996=DIRECTION('',(0.,0.,1.));
#8997=DIRECTION('center_axis',(0.,0.,1.));
#8998=DIRECTION('ref_axis',(1.,0.,0.));
#8999=DIRECTION('center_axis',(0.,0.,-1.));
#9000=DIRECTION('ref_axis',(1.,0.,0.));
#9001=DIRECTION('center_axis',(0.,0.,-1.));
#9002=DIRECTION('ref_axis',(1.,0.,0.));
#9003=DIRECTION('',(0.,0.,1.));
#9004=DIRECTION('center_axis',(0.,-1.,0.));
#9005=DIRECTION('ref_axis',(1.,0.,0.));
#9006=DIRECTION('',(1.,0.,0.));
#9007=DIRECTION('',(1.,0.,0.));
#9008=DIRECTION('',(0.,0.,1.));
#9009=DIRECTION('center_axis',(-1.,0.,0.));
#9010=DIRECTION('ref_axis',(0.,-1.,0.));
#9011=DIRECTION('',(0.,-1.,0.));
#9012=DIRECTION('',(0.,-1.,0.));
#9013=DIRECTION('',(0.,0.,1.));
#9014=DIRECTION('center_axis',(0.,1.,0.));
#9015=DIRECTION('ref_axis',(-1.,0.,0.));
#9016=DIRECTION('',(-1.,0.,0.));
#9017=DIRECTION('',(-1.,0.,0.));
#9018=DIRECTION('',(0.,0.,1.));
#9019=DIRECTION('center_axis',(0.,0.,1.));
#9020=DIRECTION('ref_axis',(0.,-1.,0.));
#9021=DIRECTION('center_axis',(0.,0.,-1.));
#9022=DIRECTION('ref_axis',(0.,-1.,0.));
#9023=DIRECTION('center_axis',(0.,0.,-1.));
#9024=DIRECTION('ref_axis',(0.,-1.,0.));
#9025=DIRECTION('',(0.,0.,1.));
#9026=DIRECTION('center_axis',(-1.,0.,0.));
#9027=DIRECTION('ref_axis',(0.,-1.,0.));
#9028=DIRECTION('',(0.,-1.,0.));
#9029=DIRECTION('',(0.,-1.,0.));
#9030=DIRECTION('',(0.,0.,1.));
#9031=DIRECTION('center_axis',(0.,0.,1.));
#9032=DIRECTION('ref_axis',(1.,0.,0.));
#9033=DIRECTION('center_axis',(0.,0.,-1.));
#9034=DIRECTION('ref_axis',(1.,0.,0.));
#9035=DIRECTION('center_axis',(0.,0.,-1.));
#9036=DIRECTION('ref_axis',(1.,0.,0.));
#9037=DIRECTION('',(0.,0.,1.));
#9038=DIRECTION('center_axis',(0.,-1.,0.));
#9039=DIRECTION('ref_axis',(1.,0.,0.));
#9040=DIRECTION('',(1.,0.,0.));
#9041=DIRECTION('',(1.,0.,0.));
#9042=DIRECTION('',(0.,0.,1.));
#9043=DIRECTION('center_axis',(-1.,0.,0.));
#9044=DIRECTION('ref_axis',(0.,-1.,0.));
#9045=DIRECTION('',(0.,-1.,0.));
#9046=DIRECTION('',(0.,-1.,0.));
#9047=DIRECTION('',(0.,0.,1.));
#9048=DIRECTION('center_axis',(0.,0.,1.));
#9049=DIRECTION('ref_axis',(1.,0.,0.));
#9050=DIRECTION('center_axis',(0.,0.,-1.));
#9051=DIRECTION('ref_axis',(1.,0.,0.));
#9052=DIRECTION('center_axis',(0.,0.,-1.));
#9053=DIRECTION('ref_axis',(1.,0.,0.));
#9054=DIRECTION('',(0.,0.,1.));
#9055=DIRECTION('center_axis',(0.,-1.,0.));
#9056=DIRECTION('ref_axis',(1.,0.,0.));
#9057=DIRECTION('',(1.,0.,0.));
#9058=DIRECTION('',(1.,0.,0.));
#9059=DIRECTION('',(0.,0.,1.));
#9060=DIRECTION('center_axis',(1.,0.,0.));
#9061=DIRECTION('ref_axis',(0.,1.,0.));
#9062=DIRECTION('',(0.,1.,0.));
#9063=DIRECTION('',(0.,1.,0.));
#9064=DIRECTION('',(0.,0.,1.));
#9065=DIRECTION('center_axis',(0.,0.,1.));
#9066=DIRECTION('ref_axis',(0.,-1.,0.));
#9067=DIRECTION('center_axis',(0.,0.,1.));
#9068=DIRECTION('ref_axis',(0.,-1.,0.));
#9069=DIRECTION('center_axis',(0.,0.,1.));
#9070=DIRECTION('ref_axis',(0.,-1.,0.));
#9071=DIRECTION('',(0.,0.,1.));
#9072=DIRECTION('center_axis',(0.,-1.,0.));
#9073=DIRECTION('ref_axis',(1.,0.,0.));
#9074=DIRECTION('',(1.,0.,0.));
#9075=DIRECTION('',(1.,0.,0.));
#9076=DIRECTION('',(0.,0.,1.));
#9077=DIRECTION('center_axis',(0.,0.,1.));
#9078=DIRECTION('ref_axis',(0.,1.,0.));
#9079=DIRECTION('center_axis',(0.,0.,-1.));
#9080=DIRECTION('ref_axis',(0.,1.,0.));
#9081=DIRECTION('center_axis',(0.,0.,-1.));
#9082=DIRECTION('ref_axis',(0.,1.,0.));
#9083=DIRECTION('',(0.,0.,1.));
#9084=DIRECTION('center_axis',(1.,0.,0.));
#9085=DIRECTION('ref_axis',(0.,1.,0.));
#9086=DIRECTION('',(0.,1.,0.));
#9087=DIRECTION('',(0.,1.,0.));
#9088=DIRECTION('',(0.,0.,1.));
#9089=DIRECTION('center_axis',(0.,0.,1.));
#9090=DIRECTION('ref_axis',(0.,-1.,0.));
#9091=DIRECTION('center_axis',(0.,0.,1.));
#9092=DIRECTION('ref_axis',(0.,-1.,0.));
#9093=DIRECTION('center_axis',(0.,0.,1.));
#9094=DIRECTION('ref_axis',(0.,-1.,0.));
#9095=DIRECTION('',(0.,0.,1.));
#9096=DIRECTION('center_axis',(0.,-1.,0.));
#9097=DIRECTION('ref_axis',(1.,0.,0.));
#9098=DIRECTION('',(1.,0.,0.));
#9099=DIRECTION('',(1.,0.,0.));
#9100=DIRECTION('',(0.,0.,1.));
#9101=DIRECTION('center_axis',(0.,0.,1.));
#9102=DIRECTION('ref_axis',(0.,1.,0.));
#9103=DIRECTION('center_axis',(0.,0.,-1.));
#9104=DIRECTION('ref_axis',(0.,1.,0.));
#9105=DIRECTION('center_axis',(0.,0.,-1.));
#9106=DIRECTION('ref_axis',(0.,1.,0.));
#9107=DIRECTION('',(0.,0.,1.));
#9108=DIRECTION('center_axis',(1.,0.,0.));
#9109=DIRECTION('ref_axis',(0.,1.,0.));
#9110=DIRECTION('',(0.,1.,0.));
#9111=DIRECTION('',(0.,1.,0.));
#9112=DIRECTION('',(0.,0.,1.));
#9113=DIRECTION('center_axis',(0.,0.,1.));
#9114=DIRECTION('ref_axis',(-1.,0.,0.));
#9115=DIRECTION('center_axis',(0.,0.,-1.));
#9116=DIRECTION('ref_axis',(-1.,0.,0.));
#9117=DIRECTION('center_axis',(0.,0.,-1.));
#9118=DIRECTION('ref_axis',(-1.,0.,0.));
#9119=DIRECTION('',(0.,0.,1.));
#9120=DIRECTION('center_axis',(0.,1.,0.));
#9121=DIRECTION('ref_axis',(-1.,0.,0.));
#9122=DIRECTION('',(-1.,0.,0.));
#9123=DIRECTION('',(-1.,0.,0.));
#9124=DIRECTION('',(0.,0.,1.));
#9125=DIRECTION('center_axis',(0.,0.,1.));
#9126=DIRECTION('ref_axis',(1.,0.,0.));
#9127=DIRECTION('center_axis',(0.,0.,1.));
#9128=DIRECTION('ref_axis',(1.,0.,0.));
#9129=DIRECTION('center_axis',(0.,0.,1.));
#9130=DIRECTION('ref_axis',(1.,0.,0.));
#9131=DIRECTION('',(0.,0.,1.));
#9132=DIRECTION('center_axis',(1.,0.,0.));
#9133=DIRECTION('ref_axis',(0.,1.,0.));
#9134=DIRECTION('',(0.,1.,0.));
#9135=DIRECTION('',(0.,1.,0.));
#9136=DIRECTION('',(0.,0.,1.));
#9137=DIRECTION('center_axis',(0.,1.,0.));
#9138=DIRECTION('ref_axis',(-1.,0.,0.));
#9139=DIRECTION('',(-1.,0.,0.));
#9140=DIRECTION('',(-1.,0.,0.));
#9141=DIRECTION('',(0.,0.,1.));
#9142=DIRECTION('center_axis',(0.,0.,1.));
#9143=DIRECTION('ref_axis',(1.,0.,0.));
#9144=DIRECTION('center_axis',(0.,0.,1.));
#9145=DIRECTION('ref_axis',(1.,0.,0.));
#9146=DIRECTION('center_axis',(0.,0.,1.));
#9147=DIRECTION('ref_axis',(1.,0.,0.));
#9148=DIRECTION('',(0.,0.,1.));
#9149=DIRECTION('center_axis',(1.,0.,0.));
#9150=DIRECTION('ref_axis',(0.,1.,0.));
#9151=DIRECTION('',(0.,1.,0.));
#9152=DIRECTION('',(0.,1.,0.));
#9153=DIRECTION('',(0.,0.,1.));
#9154=DIRECTION('center_axis',(0.,-1.,0.));
#9155=DIRECTION('ref_axis',(1.,0.,0.));
#9156=DIRECTION('',(1.,0.,0.));
#9157=DIRECTION('',(1.,0.,0.));
#9158=DIRECTION('',(0.,0.,1.));
#9159=DIRECTION('center_axis',(0.,0.,1.));
#9160=DIRECTION('ref_axis',(0.,1.,0.));
#9161=DIRECTION('center_axis',(0.,0.,-1.));
#9162=DIRECTION('ref_axis',(0.,1.,0.));
#9163=DIRECTION('center_axis',(0.,0.,-1.));
#9164=DIRECTION('ref_axis',(0.,1.,0.));
#9165=DIRECTION('',(0.,0.,1.));
#9166=DIRECTION('center_axis',(1.,0.,0.));
#9167=DIRECTION('ref_axis',(0.,1.,0.));
#9168=DIRECTION('',(0.,1.,0.));
#9169=DIRECTION('',(0.,1.,0.));
#9170=DIRECTION('',(0.,0.,1.));
#9171=DIRECTION('center_axis',(0.,0.,1.));
#9172=DIRECTION('ref_axis',(-1.,0.,0.));
#9173=DIRECTION('center_axis',(0.,0.,-1.));
#9174=DIRECTION('ref_axis',(-1.,0.,0.));
#9175=DIRECTION('center_axis',(0.,0.,-1.));
#9176=DIRECTION('ref_axis',(-1.,0.,0.));
#9177=DIRECTION('',(0.,0.,1.));
#9178=DIRECTION('center_axis',(0.,1.,0.));
#9179=DIRECTION('ref_axis',(-1.,0.,0.));
#9180=DIRECTION('',(-1.,0.,0.));
#9181=DIRECTION('',(-1.,0.,0.));
#9182=DIRECTION('',(0.,0.,1.));
#9183=DIRECTION('center_axis',(1.,0.,0.));
#9184=DIRECTION('ref_axis',(0.,1.,0.));
#9185=DIRECTION('',(0.,1.,0.));
#9186=DIRECTION('',(0.,1.,0.));
#9187=DIRECTION('',(0.,0.,1.));
#9188=DIRECTION('center_axis',(0.,0.,1.));
#9189=DIRECTION('ref_axis',(0.,-1.,0.));
#9190=DIRECTION('center_axis',(0.,0.,1.));
#9191=DIRECTION('ref_axis',(0.,-1.,0.));
#9192=DIRECTION('center_axis',(0.,0.,1.));
#9193=DIRECTION('ref_axis',(0.,-1.,0.));
#9194=DIRECTION('',(0.,0.,1.));
#9195=DIRECTION('center_axis',(0.,-1.,0.));
#9196=DIRECTION('ref_axis',(1.,0.,0.));
#9197=DIRECTION('',(1.,0.,0.));
#9198=DIRECTION('',(1.,0.,0.));
#9199=DIRECTION('',(0.,0.,1.));
#9200=DIRECTION('center_axis',(1.,0.,0.));
#9201=DIRECTION('ref_axis',(0.,1.,0.));
#9202=DIRECTION('',(0.,1.,0.));
#9203=DIRECTION('',(0.,1.,0.));
#9204=DIRECTION('',(0.,0.,1.));
#9205=DIRECTION('center_axis',(0.,0.,1.));
#9206=DIRECTION('ref_axis',(0.,-1.,0.));
#9207=DIRECTION('center_axis',(0.,0.,1.));
#9208=DIRECTION('ref_axis',(0.,-1.,0.));
#9209=DIRECTION('center_axis',(0.,0.,1.));
#9210=DIRECTION('ref_axis',(0.,-1.,0.));
#9211=DIRECTION('',(0.,0.,1.));
#9212=DIRECTION('center_axis',(0.,-1.,0.));
#9213=DIRECTION('ref_axis',(1.,0.,0.));
#9214=DIRECTION('',(1.,0.,0.));
#9215=DIRECTION('',(1.,0.,0.));
#9216=DIRECTION('',(0.,0.,1.));
#9217=DIRECTION('center_axis',(0.,0.,1.));
#9218=DIRECTION('ref_axis',(0.,1.,0.));
#9219=DIRECTION('center_axis',(0.,0.,-1.));
#9220=DIRECTION('ref_axis',(0.,1.,0.));
#9221=DIRECTION('center_axis',(0.,0.,-1.));
#9222=DIRECTION('ref_axis',(0.,1.,0.));
#9223=DIRECTION('',(0.,0.,1.));
#9224=DIRECTION('center_axis',(1.,0.,0.));
#9225=DIRECTION('ref_axis',(0.,1.,0.));
#9226=DIRECTION('',(0.,1.,0.));
#9227=DIRECTION('',(0.,1.,0.));
#9228=DIRECTION('',(0.,0.,1.));
#9229=DIRECTION('center_axis',(0.,0.,1.));
#9230=DIRECTION('ref_axis',(-1.,0.,0.));
#9231=DIRECTION('center_axis',(0.,0.,-1.));
#9232=DIRECTION('ref_axis',(-1.,0.,0.));
#9233=DIRECTION('center_axis',(0.,0.,-1.));
#9234=DIRECTION('ref_axis',(-1.,0.,0.));
#9235=DIRECTION('',(0.,0.,1.));
#9236=DIRECTION('center_axis',(0.,1.,0.));
#9237=DIRECTION('ref_axis',(-1.,0.,0.));
#9238=DIRECTION('',(-1.,0.,0.));
#9239=DIRECTION('',(-1.,0.,0.));
#9240=DIRECTION('',(0.,0.,1.));
#9241=DIRECTION('center_axis',(0.,0.,1.));
#9242=DIRECTION('ref_axis',(1.,0.,0.));
#9243=DIRECTION('center_axis',(0.,0.,1.));
#9244=DIRECTION('ref_axis',(1.,0.,0.));
#9245=DIRECTION('center_axis',(0.,0.,1.));
#9246=DIRECTION('ref_axis',(1.,0.,0.));
#9247=DIRECTION('',(0.,0.,1.));
#9248=DIRECTION('center_axis',(1.,0.,0.));
#9249=DIRECTION('ref_axis',(0.,1.,0.));
#9250=DIRECTION('',(0.,1.,0.));
#9251=DIRECTION('',(0.,1.,0.));
#9252=DIRECTION('',(0.,0.,1.));
#9253=DIRECTION('center_axis',(0.,0.,1.));
#9254=DIRECTION('ref_axis',(-1.,0.,0.));
#9255=DIRECTION('center_axis',(0.,0.,-1.));
#9256=DIRECTION('ref_axis',(-1.,0.,0.));
#9257=DIRECTION('center_axis',(0.,0.,-1.));
#9258=DIRECTION('ref_axis',(-1.,0.,0.));
#9259=DIRECTION('',(0.,0.,1.));
#9260=DIRECTION('center_axis',(0.,1.,0.));
#9261=DIRECTION('ref_axis',(-1.,0.,0.));
#9262=DIRECTION('',(-1.,0.,0.));
#9263=DIRECTION('',(-1.,0.,0.));
#9264=DIRECTION('',(0.,0.,1.));
#9265=DIRECTION('center_axis',(0.,0.,1.));
#9266=DIRECTION('ref_axis',(1.,0.,0.));
#9267=DIRECTION('center_axis',(0.,0.,1.));
#9268=DIRECTION('ref_axis',(1.,0.,0.));
#9269=DIRECTION('center_axis',(0.,0.,1.));
#9270=DIRECTION('ref_axis',(1.,0.,0.));
#9271=DIRECTION('',(0.,0.,1.));
#9272=DIRECTION('center_axis',(1.,0.,0.));
#9273=DIRECTION('ref_axis',(0.,1.,0.));
#9274=DIRECTION('',(0.,1.,0.));
#9275=DIRECTION('',(0.,1.,0.));
#9276=DIRECTION('center_axis',(1.,0.,0.));
#9277=DIRECTION('ref_axis',(0.,1.,0.));
#9278=DIRECTION('',(0.,1.,0.));
#9279=DIRECTION('',(0.,0.,1.));
#9280=DIRECTION('',(0.,1.,0.));
#9281=DIRECTION('',(0.,0.,1.));
#9282=DIRECTION('center_axis',(0.,0.,1.));
#9283=DIRECTION('ref_axis',(-1.,0.,0.));
#9284=DIRECTION('center_axis',(0.,0.,-1.));
#9285=DIRECTION('ref_axis',(-1.,0.,0.));
#9286=DIRECTION('center_axis',(0.,0.,-1.));
#9287=DIRECTION('ref_axis',(-1.,0.,0.));
#9288=DIRECTION('',(0.,0.,1.));
#9289=DIRECTION('center_axis',(0.,1.,0.));
#9290=DIRECTION('ref_axis',(-1.,0.,0.));
#9291=DIRECTION('',(-1.,0.,0.));
#9292=DIRECTION('',(-1.,0.,0.));
#9293=DIRECTION('',(0.,0.,1.));
#9294=DIRECTION('center_axis',(0.,0.,1.));
#9295=DIRECTION('ref_axis',(0.,-1.,0.));
#9296=DIRECTION('center_axis',(0.,0.,-1.));
#9297=DIRECTION('ref_axis',(0.,-1.,0.));
#9298=DIRECTION('center_axis',(0.,0.,-1.));
#9299=DIRECTION('ref_axis',(0.,-1.,0.));
#9300=DIRECTION('',(0.,0.,1.));
#9301=DIRECTION('center_axis',(-1.,0.,0.));
#9302=DIRECTION('ref_axis',(0.,-1.,0.));
#9303=DIRECTION('',(0.,-1.,0.));
#9304=DIRECTION('',(0.,-1.,0.));
#9305=DIRECTION('',(0.,0.,1.));
#9306=DIRECTION('center_axis',(0.,0.,1.));
#9307=DIRECTION('ref_axis',(1.,0.,0.));
#9308=DIRECTION('center_axis',(0.,0.,-1.));
#9309=DIRECTION('ref_axis',(1.,0.,0.));
#9310=DIRECTION('center_axis',(0.,0.,-1.));
#9311=DIRECTION('ref_axis',(1.,0.,0.));
#9312=DIRECTION('',(0.,0.,1.));
#9313=DIRECTION('center_axis',(0.,-1.,0.));
#9314=DIRECTION('ref_axis',(1.,0.,0.));
#9315=DIRECTION('',(1.,0.,0.));
#9316=DIRECTION('',(1.,0.,0.));
#9317=DIRECTION('',(0.,0.,1.));
#9318=DIRECTION('center_axis',(0.,0.,1.));
#9319=DIRECTION('ref_axis',(0.,1.,0.));
#9320=DIRECTION('center_axis',(0.,0.,-1.));
#9321=DIRECTION('ref_axis',(0.,1.,0.));
#9322=DIRECTION('center_axis',(0.,0.,-1.));
#9323=DIRECTION('ref_axis',(0.,1.,0.));
#9324=DIRECTION('center_axis',(1.,0.,0.));
#9325=DIRECTION('ref_axis',(0.,1.,0.));
#9326=DIRECTION('',(0.,1.,0.));
#9327=DIRECTION('',(0.,0.,1.));
#9328=DIRECTION('',(0.,1.,0.));
#9329=DIRECTION('',(0.,0.,1.));
#9330=DIRECTION('center_axis',(0.,0.,1.));
#9331=DIRECTION('ref_axis',(-1.,0.,0.));
#9332=DIRECTION('center_axis',(0.,0.,-1.));
#9333=DIRECTION('ref_axis',(-1.,0.,0.));
#9334=DIRECTION('center_axis',(0.,0.,-1.));
#9335=DIRECTION('ref_axis',(-1.,0.,0.));
#9336=DIRECTION('',(0.,0.,1.));
#9337=DIRECTION('center_axis',(0.,1.,0.));
#9338=DIRECTION('ref_axis',(-1.,0.,0.));
#9339=DIRECTION('',(-1.,0.,0.));
#9340=DIRECTION('',(-1.,0.,0.));
#9341=DIRECTION('',(0.,0.,1.));
#9342=DIRECTION('center_axis',(0.,0.,1.));
#9343=DIRECTION('ref_axis',(0.,-1.,0.));
#9344=DIRECTION('center_axis',(0.,0.,-1.));
#9345=DIRECTION('ref_axis',(0.,-1.,0.));
#9346=DIRECTION('center_axis',(0.,0.,-1.));
#9347=DIRECTION('ref_axis',(0.,-1.,0.));
#9348=DIRECTION('',(0.,0.,1.));
#9349=DIRECTION('center_axis',(-1.,0.,0.));
#9350=DIRECTION('ref_axis',(0.,-1.,0.));
#9351=DIRECTION('',(0.,-1.,0.));
#9352=DIRECTION('',(0.,-1.,0.));
#9353=DIRECTION('',(0.,0.,1.));
#9354=DIRECTION('center_axis',(0.,0.,1.));
#9355=DIRECTION('ref_axis',(1.,0.,0.));
#9356=DIRECTION('center_axis',(0.,0.,-1.));
#9357=DIRECTION('ref_axis',(1.,0.,0.));
#9358=DIRECTION('center_axis',(0.,0.,-1.));
#9359=DIRECTION('ref_axis',(1.,0.,0.));
#9360=DIRECTION('',(0.,0.,1.));
#9361=DIRECTION('center_axis',(0.,-1.,0.));
#9362=DIRECTION('ref_axis',(1.,0.,0.));
#9363=DIRECTION('',(1.,0.,0.));
#9364=DIRECTION('',(1.,0.,0.));
#9365=DIRECTION('',(0.,0.,1.));
#9366=DIRECTION('center_axis',(0.,0.,1.));
#9367=DIRECTION('ref_axis',(0.,1.,0.));
#9368=DIRECTION('center_axis',(0.,0.,-1.));
#9369=DIRECTION('ref_axis',(0.,1.,0.));
#9370=DIRECTION('center_axis',(0.,0.,-1.));
#9371=DIRECTION('ref_axis',(0.,1.,0.));
#9372=DIRECTION('center_axis',(1.,0.,0.));
#9373=DIRECTION('ref_axis',(0.,1.,0.));
#9374=DIRECTION('',(0.,1.,0.));
#9375=DIRECTION('',(0.,0.,1.));
#9376=DIRECTION('',(0.,1.,0.));
#9377=DIRECTION('',(0.,0.,1.));
#9378=DIRECTION('center_axis',(0.,0.,1.));
#9379=DIRECTION('ref_axis',(-1.,0.,0.));
#9380=DIRECTION('center_axis',(0.,0.,-1.));
#9381=DIRECTION('ref_axis',(-1.,0.,0.));
#9382=DIRECTION('center_axis',(0.,0.,-1.));
#9383=DIRECTION('ref_axis',(-1.,0.,0.));
#9384=DIRECTION('',(0.,0.,1.));
#9385=DIRECTION('center_axis',(0.,1.,0.));
#9386=DIRECTION('ref_axis',(-1.,0.,0.));
#9387=DIRECTION('',(-1.,0.,0.));
#9388=DIRECTION('',(-1.,0.,0.));
#9389=DIRECTION('',(0.,0.,1.));
#9390=DIRECTION('center_axis',(0.,0.,1.));
#9391=DIRECTION('ref_axis',(0.,-1.,0.));
#9392=DIRECTION('center_axis',(0.,0.,-1.));
#9393=DIRECTION('ref_axis',(0.,-1.,0.));
#9394=DIRECTION('center_axis',(0.,0.,-1.));
#9395=DIRECTION('ref_axis',(0.,-1.,0.));
#9396=DIRECTION('',(0.,0.,1.));
#9397=DIRECTION('center_axis',(-1.,0.,0.));
#9398=DIRECTION('ref_axis',(0.,-1.,0.));
#9399=DIRECTION('',(0.,-1.,0.));
#9400=DIRECTION('',(0.,-1.,0.));
#9401=DIRECTION('',(0.,0.,1.));
#9402=DIRECTION('center_axis',(0.,0.,1.));
#9403=DIRECTION('ref_axis',(1.,0.,0.));
#9404=DIRECTION('center_axis',(0.,0.,-1.));
#9405=DIRECTION('ref_axis',(1.,0.,0.));
#9406=DIRECTION('center_axis',(0.,0.,-1.));
#9407=DIRECTION('ref_axis',(1.,0.,0.));
#9408=DIRECTION('',(0.,0.,1.));
#9409=DIRECTION('center_axis',(0.,-1.,0.));
#9410=DIRECTION('ref_axis',(1.,0.,0.));
#9411=DIRECTION('',(1.,0.,0.));
#9412=DIRECTION('',(1.,0.,0.));
#9413=DIRECTION('',(0.,0.,1.));
#9414=DIRECTION('center_axis',(0.,0.,1.));
#9415=DIRECTION('ref_axis',(0.,1.,0.));
#9416=DIRECTION('center_axis',(0.,0.,-1.));
#9417=DIRECTION('ref_axis',(0.,1.,0.));
#9418=DIRECTION('center_axis',(0.,0.,-1.));
#9419=DIRECTION('ref_axis',(0.,1.,0.));
#9420=DIRECTION('center_axis',(0.,1.,0.));
#9421=DIRECTION('ref_axis',(-1.,0.,0.));
#9422=DIRECTION('',(-1.,0.,0.));
#9423=DIRECTION('',(0.,0.,1.));
#9424=DIRECTION('',(-1.,0.,0.));
#9425=DIRECTION('',(0.,0.,1.));
#9426=DIRECTION('center_axis',(0.,0.,1.));
#9427=DIRECTION('ref_axis',(0.,-1.,0.));
#9428=DIRECTION('center_axis',(0.,0.,-1.));
#9429=DIRECTION('ref_axis',(0.,-1.,0.));
#9430=DIRECTION('center_axis',(0.,0.,-1.));
#9431=DIRECTION('ref_axis',(0.,-1.,0.));
#9432=DIRECTION('',(0.,0.,1.));
#9433=DIRECTION('center_axis',(-1.,0.,0.));
#9434=DIRECTION('ref_axis',(0.,-1.,0.));
#9435=DIRECTION('',(0.,-1.,0.));
#9436=DIRECTION('',(0.,-1.,0.));
#9437=DIRECTION('',(0.,0.,1.));
#9438=DIRECTION('center_axis',(0.,1.,0.));
#9439=DIRECTION('ref_axis',(-1.,0.,0.));
#9440=DIRECTION('',(-1.,0.,0.));
#9441=DIRECTION('',(-1.,0.,0.));
#9442=DIRECTION('',(0.,0.,1.));
#9443=DIRECTION('center_axis',(0.,0.,1.));
#9444=DIRECTION('ref_axis',(0.,-1.,0.));
#9445=DIRECTION('center_axis',(0.,0.,-1.));
#9446=DIRECTION('ref_axis',(0.,-1.,0.));
#9447=DIRECTION('center_axis',(0.,0.,-1.));
#9448=DIRECTION('ref_axis',(0.,-1.,0.));
#9449=DIRECTION('',(0.,0.,1.));
#9450=DIRECTION('center_axis',(-1.,0.,0.));
#9451=DIRECTION('ref_axis',(0.,-1.,0.));
#9452=DIRECTION('',(0.,-1.,0.));
#9453=DIRECTION('',(0.,-1.,0.));
#9454=DIRECTION('',(0.,0.,1.));
#9455=DIRECTION('center_axis',(0.,0.,1.));
#9456=DIRECTION('ref_axis',(1.,0.,0.));
#9457=DIRECTION('center_axis',(0.,0.,-1.));
#9458=DIRECTION('ref_axis',(1.,0.,0.));
#9459=DIRECTION('center_axis',(0.,0.,-1.));
#9460=DIRECTION('ref_axis',(1.,0.,0.));
#9461=DIRECTION('',(0.,0.,1.));
#9462=DIRECTION('center_axis',(0.,-1.,0.));
#9463=DIRECTION('ref_axis',(1.,0.,0.));
#9464=DIRECTION('',(1.,0.,0.));
#9465=DIRECTION('',(1.,0.,0.));
#9466=DIRECTION('',(0.,0.,1.));
#9467=DIRECTION('center_axis',(-1.,0.,0.));
#9468=DIRECTION('ref_axis',(0.,-1.,0.));
#9469=DIRECTION('',(0.,-1.,0.));
#9470=DIRECTION('',(0.,-1.,0.));
#9471=DIRECTION('',(0.,0.,1.));
#9472=DIRECTION('center_axis',(0.,1.,0.));
#9473=DIRECTION('ref_axis',(-1.,0.,0.));
#9474=DIRECTION('',(-1.,0.,0.));
#9475=DIRECTION('',(-1.,0.,0.));
#9476=DIRECTION('',(0.,0.,1.));
#9477=DIRECTION('center_axis',(0.,0.,1.));
#9478=DIRECTION('ref_axis',(0.,-1.,0.));
#9479=DIRECTION('center_axis',(0.,0.,-1.));
#9480=DIRECTION('ref_axis',(0.,-1.,0.));
#9481=DIRECTION('center_axis',(0.,0.,-1.));
#9482=DIRECTION('ref_axis',(0.,-1.,0.));
#9483=DIRECTION('',(0.,0.,1.));
#9484=DIRECTION('center_axis',(-1.,0.,0.));
#9485=DIRECTION('ref_axis',(0.,-1.,0.));
#9486=DIRECTION('',(0.,-1.,0.));
#9487=DIRECTION('',(0.,-1.,0.));
#9488=DIRECTION('',(0.,0.,1.));
#9489=DIRECTION('center_axis',(0.,0.,1.));
#9490=DIRECTION('ref_axis',(1.,0.,0.));
#9491=DIRECTION('center_axis',(0.,0.,-1.));
#9492=DIRECTION('ref_axis',(1.,0.,0.));
#9493=DIRECTION('center_axis',(0.,0.,-1.));
#9494=DIRECTION('ref_axis',(1.,0.,0.));
#9495=DIRECTION('',(0.,0.,1.));
#9496=DIRECTION('center_axis',(0.,-1.,0.));
#9497=DIRECTION('ref_axis',(1.,0.,0.));
#9498=DIRECTION('',(1.,0.,0.));
#9499=DIRECTION('',(1.,0.,0.));
#9500=DIRECTION('',(0.,0.,1.));
#9501=DIRECTION('center_axis',(-1.,0.,0.));
#9502=DIRECTION('ref_axis',(0.,-1.,0.));
#9503=DIRECTION('',(0.,-1.,0.));
#9504=DIRECTION('',(0.,-1.,0.));
#9505=DIRECTION('',(0.,0.,1.));
#9506=DIRECTION('center_axis',(0.,1.,0.));
#9507=DIRECTION('ref_axis',(-1.,0.,0.));
#9508=DIRECTION('',(-1.,0.,0.));
#9509=DIRECTION('',(-1.,0.,0.));
#9510=DIRECTION('',(0.,0.,1.));
#9511=DIRECTION('center_axis',(0.,0.,1.));
#9512=DIRECTION('ref_axis',(0.,-1.,0.));
#9513=DIRECTION('center_axis',(0.,0.,-1.));
#9514=DIRECTION('ref_axis',(0.,-1.,0.));
#9515=DIRECTION('center_axis',(0.,0.,-1.));
#9516=DIRECTION('ref_axis',(0.,-1.,0.));
#9517=DIRECTION('',(0.,0.,1.));
#9518=DIRECTION('center_axis',(-1.,0.,0.));
#9519=DIRECTION('ref_axis',(0.,-1.,0.));
#9520=DIRECTION('',(0.,-1.,0.));
#9521=DIRECTION('',(0.,-1.,0.));
#9522=DIRECTION('',(0.,0.,1.));
#9523=DIRECTION('center_axis',(0.,0.,1.));
#9524=DIRECTION('ref_axis',(1.,0.,0.));
#9525=DIRECTION('center_axis',(0.,0.,-1.));
#9526=DIRECTION('ref_axis',(1.,0.,0.));
#9527=DIRECTION('center_axis',(0.,0.,-1.));
#9528=DIRECTION('ref_axis',(1.,0.,0.));
#9529=DIRECTION('',(0.,0.,1.));
#9530=DIRECTION('center_axis',(0.,-1.,0.));
#9531=DIRECTION('ref_axis',(1.,0.,0.));
#9532=DIRECTION('',(1.,0.,0.));
#9533=DIRECTION('',(1.,0.,0.));
#9534=DIRECTION('',(0.,0.,1.));
#9535=DIRECTION('center_axis',(-1.,0.,0.));
#9536=DIRECTION('ref_axis',(0.,-1.,0.));
#9537=DIRECTION('',(0.,-1.,0.));
#9538=DIRECTION('',(0.,-1.,0.));
#9539=DIRECTION('',(0.,0.,1.));
#9540=DIRECTION('center_axis',(0.,0.,1.));
#9541=DIRECTION('ref_axis',(1.,0.,0.));
#9542=DIRECTION('center_axis',(0.,0.,-1.));
#9543=DIRECTION('ref_axis',(1.,0.,0.));
#9544=DIRECTION('center_axis',(0.,0.,-1.));
#9545=DIRECTION('ref_axis',(1.,0.,0.));
#9546=DIRECTION('',(0.,0.,1.));
#9547=DIRECTION('center_axis',(0.,-1.,0.));
#9548=DIRECTION('ref_axis',(1.,0.,0.));
#9549=DIRECTION('',(1.,0.,0.));
#9550=DIRECTION('',(1.,0.,0.));
#9551=DIRECTION('',(0.,0.,1.));
#9552=DIRECTION('center_axis',(1.,0.,0.));
#9553=DIRECTION('ref_axis',(0.,1.,0.));
#9554=DIRECTION('',(0.,1.,0.));
#9555=DIRECTION('',(0.,1.,0.));
#9556=DIRECTION('',(0.,0.,1.));
#9557=DIRECTION('center_axis',(0.,0.,1.));
#9558=DIRECTION('ref_axis',(0.,-1.,0.));
#9559=DIRECTION('center_axis',(0.,0.,1.));
#9560=DIRECTION('ref_axis',(0.,-1.,0.));
#9561=DIRECTION('center_axis',(0.,0.,1.));
#9562=DIRECTION('ref_axis',(0.,-1.,0.));
#9563=DIRECTION('',(0.,0.,1.));
#9564=DIRECTION('center_axis',(0.,-1.,0.));
#9565=DIRECTION('ref_axis',(1.,0.,0.));
#9566=DIRECTION('',(1.,0.,0.));
#9567=DIRECTION('',(1.,0.,0.));
#9568=DIRECTION('',(0.,0.,1.));
#9569=DIRECTION('center_axis',(0.,0.,1.));
#9570=DIRECTION('ref_axis',(0.,1.,0.));
#9571=DIRECTION('center_axis',(0.,0.,-1.));
#9572=DIRECTION('ref_axis',(0.,1.,0.));
#9573=DIRECTION('center_axis',(0.,0.,-1.));
#9574=DIRECTION('ref_axis',(0.,1.,0.));
#9575=DIRECTION('',(0.,0.,1.));
#9576=DIRECTION('center_axis',(1.,0.,0.));
#9577=DIRECTION('ref_axis',(0.,1.,0.));
#9578=DIRECTION('',(0.,1.,0.));
#9579=DIRECTION('',(0.,1.,0.));
#9580=DIRECTION('',(0.,0.,1.));
#9581=DIRECTION('center_axis',(0.,0.,1.));
#9582=DIRECTION('ref_axis',(0.,-1.,0.));
#9583=DIRECTION('center_axis',(0.,0.,1.));
#9584=DIRECTION('ref_axis',(0.,-1.,0.));
#9585=DIRECTION('center_axis',(0.,0.,1.));
#9586=DIRECTION('ref_axis',(0.,-1.,0.));
#9587=DIRECTION('',(0.,0.,1.));
#9588=DIRECTION('center_axis',(0.,-1.,0.));
#9589=DIRECTION('ref_axis',(1.,0.,0.));
#9590=DIRECTION('',(1.,0.,0.));
#9591=DIRECTION('',(1.,0.,0.));
#9592=DIRECTION('',(0.,0.,1.));
#9593=DIRECTION('center_axis',(0.,0.,1.));
#9594=DIRECTION('ref_axis',(0.,1.,0.));
#9595=DIRECTION('center_axis',(0.,0.,-1.));
#9596=DIRECTION('ref_axis',(0.,1.,0.));
#9597=DIRECTION('center_axis',(0.,0.,-1.));
#9598=DIRECTION('ref_axis',(0.,1.,0.));
#9599=DIRECTION('',(0.,0.,1.));
#9600=DIRECTION('center_axis',(1.,0.,0.));
#9601=DIRECTION('ref_axis',(0.,1.,0.));
#9602=DIRECTION('',(0.,1.,0.));
#9603=DIRECTION('',(0.,1.,0.));
#9604=DIRECTION('',(0.,0.,1.));
#9605=DIRECTION('center_axis',(0.,0.,1.));
#9606=DIRECTION('ref_axis',(-1.,0.,0.));
#9607=DIRECTION('center_axis',(0.,0.,-1.));
#9608=DIRECTION('ref_axis',(-1.,0.,0.));
#9609=DIRECTION('center_axis',(0.,0.,-1.));
#9610=DIRECTION('ref_axis',(-1.,0.,0.));
#9611=DIRECTION('',(0.,0.,1.));
#9612=DIRECTION('center_axis',(0.,1.,0.));
#9613=DIRECTION('ref_axis',(-1.,0.,0.));
#9614=DIRECTION('',(-1.,0.,0.));
#9615=DIRECTION('',(-1.,0.,0.));
#9616=DIRECTION('',(0.,0.,1.));
#9617=DIRECTION('center_axis',(0.,0.,1.));
#9618=DIRECTION('ref_axis',(1.,0.,0.));
#9619=DIRECTION('center_axis',(0.,0.,1.));
#9620=DIRECTION('ref_axis',(1.,0.,0.));
#9621=DIRECTION('center_axis',(0.,0.,1.));
#9622=DIRECTION('ref_axis',(1.,0.,0.));
#9623=DIRECTION('',(0.,0.,1.));
#9624=DIRECTION('center_axis',(1.,0.,0.));
#9625=DIRECTION('ref_axis',(0.,1.,0.));
#9626=DIRECTION('',(0.,1.,0.));
#9627=DIRECTION('',(0.,1.,0.));
#9628=DIRECTION('',(0.,0.,1.));
#9629=DIRECTION('center_axis',(0.,1.,0.));
#9630=DIRECTION('ref_axis',(-1.,0.,0.));
#9631=DIRECTION('',(-1.,0.,0.));
#9632=DIRECTION('',(-1.,0.,0.));
#9633=DIRECTION('',(0.,0.,1.));
#9634=DIRECTION('center_axis',(0.,0.,1.));
#9635=DIRECTION('ref_axis',(1.,0.,0.));
#9636=DIRECTION('center_axis',(0.,0.,1.));
#9637=DIRECTION('ref_axis',(1.,0.,0.));
#9638=DIRECTION('center_axis',(0.,0.,1.));
#9639=DIRECTION('ref_axis',(1.,0.,0.));
#9640=DIRECTION('',(0.,0.,1.));
#9641=DIRECTION('center_axis',(1.,0.,0.));
#9642=DIRECTION('ref_axis',(0.,1.,0.));
#9643=DIRECTION('',(0.,1.,0.));
#9644=DIRECTION('',(0.,1.,0.));
#9645=DIRECTION('',(0.,0.,1.));
#9646=DIRECTION('center_axis',(0.,-1.,0.));
#9647=DIRECTION('ref_axis',(1.,0.,0.));
#9648=DIRECTION('',(1.,0.,0.));
#9649=DIRECTION('',(1.,0.,0.));
#9650=DIRECTION('',(0.,0.,1.));
#9651=DIRECTION('center_axis',(0.,0.,1.));
#9652=DIRECTION('ref_axis',(0.,1.,0.));
#9653=DIRECTION('center_axis',(0.,0.,-1.));
#9654=DIRECTION('ref_axis',(0.,1.,0.));
#9655=DIRECTION('center_axis',(0.,0.,-1.));
#9656=DIRECTION('ref_axis',(0.,1.,0.));
#9657=DIRECTION('',(0.,0.,1.));
#9658=DIRECTION('center_axis',(1.,0.,0.));
#9659=DIRECTION('ref_axis',(0.,1.,0.));
#9660=DIRECTION('',(0.,1.,0.));
#9661=DIRECTION('',(0.,1.,0.));
#9662=DIRECTION('',(0.,0.,1.));
#9663=DIRECTION('center_axis',(0.,0.,1.));
#9664=DIRECTION('ref_axis',(-1.,0.,0.));
#9665=DIRECTION('center_axis',(0.,0.,-1.));
#9666=DIRECTION('ref_axis',(-1.,0.,0.));
#9667=DIRECTION('center_axis',(0.,0.,-1.));
#9668=DIRECTION('ref_axis',(-1.,0.,0.));
#9669=DIRECTION('',(0.,0.,1.));
#9670=DIRECTION('center_axis',(0.,1.,0.));
#9671=DIRECTION('ref_axis',(-1.,0.,0.));
#9672=DIRECTION('',(-1.,0.,0.));
#9673=DIRECTION('',(-1.,0.,0.));
#9674=DIRECTION('',(0.,0.,1.));
#9675=DIRECTION('center_axis',(1.,0.,0.));
#9676=DIRECTION('ref_axis',(0.,1.,0.));
#9677=DIRECTION('',(0.,1.,0.));
#9678=DIRECTION('',(0.,1.,0.));
#9679=DIRECTION('',(0.,0.,1.));
#9680=DIRECTION('center_axis',(0.,0.,1.));
#9681=DIRECTION('ref_axis',(0.,-1.,0.));
#9682=DIRECTION('center_axis',(0.,0.,1.));
#9683=DIRECTION('ref_axis',(0.,-1.,0.));
#9684=DIRECTION('center_axis',(0.,0.,1.));
#9685=DIRECTION('ref_axis',(0.,-1.,0.));
#9686=DIRECTION('',(0.,0.,1.));
#9687=DIRECTION('center_axis',(0.,-1.,0.));
#9688=DIRECTION('ref_axis',(1.,0.,0.));
#9689=DIRECTION('',(1.,0.,0.));
#9690=DIRECTION('',(1.,0.,0.));
#9691=DIRECTION('',(0.,0.,1.));
#9692=DIRECTION('center_axis',(1.,0.,0.));
#9693=DIRECTION('ref_axis',(0.,1.,0.));
#9694=DIRECTION('',(0.,1.,0.));
#9695=DIRECTION('',(0.,1.,0.));
#9696=DIRECTION('',(0.,0.,1.));
#9697=DIRECTION('center_axis',(0.,0.,1.));
#9698=DIRECTION('ref_axis',(0.,-1.,0.));
#9699=DIRECTION('center_axis',(0.,0.,1.));
#9700=DIRECTION('ref_axis',(0.,-1.,0.));
#9701=DIRECTION('center_axis',(0.,0.,1.));
#9702=DIRECTION('ref_axis',(0.,-1.,0.));
#9703=DIRECTION('',(0.,0.,1.));
#9704=DIRECTION('center_axis',(0.,-1.,0.));
#9705=DIRECTION('ref_axis',(1.,0.,0.));
#9706=DIRECTION('',(1.,0.,0.));
#9707=DIRECTION('',(1.,0.,0.));
#9708=DIRECTION('',(0.,0.,1.));
#9709=DIRECTION('center_axis',(0.,0.,1.));
#9710=DIRECTION('ref_axis',(0.,1.,0.));
#9711=DIRECTION('center_axis',(0.,0.,-1.));
#9712=DIRECTION('ref_axis',(0.,1.,0.));
#9713=DIRECTION('center_axis',(0.,0.,-1.));
#9714=DIRECTION('ref_axis',(0.,1.,0.));
#9715=DIRECTION('',(0.,0.,1.));
#9716=DIRECTION('center_axis',(1.,0.,0.));
#9717=DIRECTION('ref_axis',(0.,1.,0.));
#9718=DIRECTION('',(0.,1.,0.));
#9719=DIRECTION('',(0.,1.,0.));
#9720=DIRECTION('',(0.,0.,1.));
#9721=DIRECTION('center_axis',(0.,0.,1.));
#9722=DIRECTION('ref_axis',(-1.,0.,0.));
#9723=DIRECTION('center_axis',(0.,0.,-1.));
#9724=DIRECTION('ref_axis',(-1.,0.,0.));
#9725=DIRECTION('center_axis',(0.,0.,-1.));
#9726=DIRECTION('ref_axis',(-1.,0.,0.));
#9727=DIRECTION('',(0.,0.,1.));
#9728=DIRECTION('center_axis',(0.,1.,0.));
#9729=DIRECTION('ref_axis',(-1.,0.,0.));
#9730=DIRECTION('',(-1.,0.,0.));
#9731=DIRECTION('',(-1.,0.,0.));
#9732=DIRECTION('',(0.,0.,1.));
#9733=DIRECTION('center_axis',(0.,0.,1.));
#9734=DIRECTION('ref_axis',(1.,0.,0.));
#9735=DIRECTION('center_axis',(0.,0.,1.));
#9736=DIRECTION('ref_axis',(1.,0.,0.));
#9737=DIRECTION('center_axis',(0.,0.,1.));
#9738=DIRECTION('ref_axis',(1.,0.,0.));
#9739=DIRECTION('',(0.,0.,1.));
#9740=DIRECTION('center_axis',(1.,0.,0.));
#9741=DIRECTION('ref_axis',(0.,1.,0.));
#9742=DIRECTION('',(0.,1.,0.));
#9743=DIRECTION('',(0.,1.,0.));
#9744=DIRECTION('',(0.,0.,1.));
#9745=DIRECTION('center_axis',(0.,0.,1.));
#9746=DIRECTION('ref_axis',(-1.,0.,0.));
#9747=DIRECTION('center_axis',(0.,0.,-1.));
#9748=DIRECTION('ref_axis',(-1.,0.,0.));
#9749=DIRECTION('center_axis',(0.,0.,-1.));
#9750=DIRECTION('ref_axis',(-1.,0.,0.));
#9751=DIRECTION('',(0.,0.,1.));
#9752=DIRECTION('center_axis',(0.,1.,0.));
#9753=DIRECTION('ref_axis',(-1.,0.,0.));
#9754=DIRECTION('',(-1.,0.,0.));
#9755=DIRECTION('',(-1.,0.,0.));
#9756=DIRECTION('',(0.,0.,1.));
#9757=DIRECTION('center_axis',(0.,0.,1.));
#9758=DIRECTION('ref_axis',(1.,0.,0.));
#9759=DIRECTION('center_axis',(0.,0.,1.));
#9760=DIRECTION('ref_axis',(1.,0.,0.));
#9761=DIRECTION('center_axis',(0.,0.,1.));
#9762=DIRECTION('ref_axis',(1.,0.,0.));
#9763=DIRECTION('',(0.,0.,1.));
#9764=DIRECTION('center_axis',(1.,0.,0.));
#9765=DIRECTION('ref_axis',(0.,1.,0.));
#9766=DIRECTION('',(0.,1.,0.));
#9767=DIRECTION('',(0.,1.,0.));
#9768=DIRECTION('center_axis',(-1.,0.,0.));
#9769=DIRECTION('ref_axis',(0.,-1.,0.));
#9770=DIRECTION('',(0.,1.,0.));
#9771=DIRECTION('',(0.,0.,1.));
#9772=DIRECTION('',(0.,-1.,0.));
#9773=DIRECTION('',(0.,0.,1.));
#9774=DIRECTION('center_axis',(0.,1.,0.));
#9775=DIRECTION('ref_axis',(-1.,0.,0.));
#9776=DIRECTION('',(1.,0.,0.));
#9777=DIRECTION('',(-1.,0.,0.));
#9778=DIRECTION('',(0.,0.,1.));
#9779=DIRECTION('center_axis',(1.,0.,0.));
#9780=DIRECTION('ref_axis',(0.,1.,0.));
#9781=DIRECTION('',(0.,1.,0.));
#9782=DIRECTION('',(0.,1.,0.));
#9783=DIRECTION('',(0.,0.,1.));
#9784=DIRECTION('center_axis',(0.,-1.,0.));
#9785=DIRECTION('ref_axis',(1.,0.,0.));
#9786=DIRECTION('',(1.,0.,0.));
#9787=DIRECTION('',(1.,0.,0.));
#9788=DIRECTION('center_axis',(0.,0.,1.));
#9789=DIRECTION('ref_axis',(1.,0.,0.));
#9790=DIRECTION('center_axis',(0.,0.,1.));
#9791=DIRECTION('ref_axis',(1.,0.,0.));
#9792=DIRECTION('center_axis',(0.,0.,1.));
#9793=DIRECTION('ref_axis',(-1.,0.,0.));
#9794=DIRECTION('',(1.,0.,0.));
#9795=DIRECTION('',(0.,-1.,0.));
#9796=DIRECTION('',(-1.,0.,0.));
#9797=DIRECTION('',(0.,-1.,0.));
#9798=DIRECTION('center_axis',(1.,0.,0.));
#9799=DIRECTION('ref_axis',(0.,0.,1.));
#9800=DIRECTION('',(0.,0.,-1.));
#9801=DIRECTION('',(0.,0.,1.));
#9802=DIRECTION('',(0.,1.,0.));
#9803=DIRECTION('center_axis',(-1.,0.,0.));
#9804=DIRECTION('ref_axis',(0.,0.,-1.));
#9805=DIRECTION('',(0.,0.,1.));
#9806=DIRECTION('',(0.,-1.,0.));
#9807=DIRECTION('',(0.,0.,-1.));
#9808=DIRECTION('center_axis',(0.,-1.,0.));
#9809=DIRECTION('ref_axis',(-1.,0.,0.));
#9810=DIRECTION('',(-1.,0.,0.));
#9811=DIRECTION('',(0.,0.,-1.));
#9812=DIRECTION('',(-1.,0.,0.));
#9813=DIRECTION('',(0.,0.,-1.));
#9814=DIRECTION('',(1.,0.,0.));
#9815=DIRECTION('',(0.,0.,-1.));
#9816=DIRECTION('',(-1.,0.,0.));
#9817=DIRECTION('',(0.,0.,-1.));
#9818=DIRECTION('',(-1.,0.,0.));
#9819=DIRECTION('center_axis',(0.,0.,-1.));
#9820=DIRECTION('ref_axis',(-1.,0.,0.));
#9821=DIRECTION('',(1.,0.,0.));
#9822=DIRECTION('',(0.,-1.,0.));
#9823=DIRECTION('',(-1.,0.,0.));
#9824=DIRECTION('',(0.,1.,0.));
#9825=DIRECTION('center_axis',(0.,-1.,0.));
#9826=DIRECTION('ref_axis',(0.,0.,1.));
#9827=DIRECTION('',(0.,0.,1.));
#9828=DIRECTION('',(1.,0.,0.));
#9829=DIRECTION('',(0.,0.,-1.));
#9830=DIRECTION('',(-1.,0.,0.));
#9831=DIRECTION('center_axis',(0.,-1.,0.));
#9832=DIRECTION('ref_axis',(0.,0.,1.));
#9833=DIRECTION('',(0.,0.,-1.));
#9834=DIRECTION('',(-1.,0.,0.));
#9835=DIRECTION('',(0.,0.,1.));
#9836=DIRECTION('',(1.,0.,0.));
#9837=DIRECTION('center_axis',(0.,0.,1.));
#9838=DIRECTION('ref_axis',(0.,1.,0.));
#9839=DIRECTION('',(0.,1.,0.));
#9840=DIRECTION('',(0.,-1.,0.));
#9841=DIRECTION('',(-1.,0.,0.));
#9842=DIRECTION('center_axis',(0.,1.,0.));
#9843=DIRECTION('ref_axis',(0.,0.,-1.));
#9844=DIRECTION('',(0.,0.,-1.));
#9845=DIRECTION('',(0.,0.,1.));
#9846=DIRECTION('',(-1.,0.,0.));
#9847=DIRECTION('center_axis',(0.,1.,0.));
#9848=DIRECTION('ref_axis',(0.,0.,-1.));
#9849=DIRECTION('',(0.,0.,1.));
#9850=DIRECTION('',(-1.,0.,0.));
#9851=DIRECTION('',(0.,0.,-1.));
#9852=DIRECTION('',(-1.,0.,0.));
#9853=DIRECTION('center_axis',(0.,0.,1.));
#9854=DIRECTION('ref_axis',(0.,1.,0.));
#9855=DIRECTION('',(0.,-1.,0.));
#9856=DIRECTION('',(0.,1.,0.));
#9857=DIRECTION('center_axis',(0.,-1.,0.));
#9858=DIRECTION('ref_axis',(0.,0.,1.));
#9859=DIRECTION('',(0.,0.,1.));
#9860=DIRECTION('',(1.,0.,0.));
#9861=DIRECTION('',(0.,0.,-1.));
#9862=DIRECTION('',(-1.,0.,0.));
#9863=DIRECTION('center_axis',(0.,-1.,0.));
#9864=DIRECTION('ref_axis',(0.,0.,1.));
#9865=DIRECTION('',(0.,0.,-1.));
#9866=DIRECTION('',(-1.,0.,0.));
#9867=DIRECTION('',(0.,0.,1.));
#9868=DIRECTION('',(1.,0.,0.));
#9869=DIRECTION('center_axis',(0.,3.1720657846433E-17,1.));
#9870=DIRECTION('ref_axis',(0.,1.,-3.1720657846433E-17));
#9871=DIRECTION('',(0.,1.,-3.1720657846433E-17));
#9872=DIRECTION('',(0.,-1.,3.1720657846433E-17));
#9873=DIRECTION('',(-1.,0.,0.));
#9874=DIRECTION('center_axis',(0.,1.,0.));
#9875=DIRECTION('ref_axis',(0.,0.,-1.));
#9876=DIRECTION('',(0.,0.,-1.));
#9877=DIRECTION('',(0.,0.,1.));
#9878=DIRECTION('',(-1.,0.,0.));
#9879=DIRECTION('center_axis',(0.,1.,0.));
#9880=DIRECTION('ref_axis',(0.,0.,-1.));
#9881=DIRECTION('',(0.,0.,1.));
#9882=DIRECTION('',(0.,0.,-1.));
#9883=DIRECTION('',(-1.,0.,0.));
#9884=DIRECTION('center_axis',(0.,3.1720657846433E-17,1.));
#9885=DIRECTION('ref_axis',(0.,1.,-3.1720657846433E-17));
#9886=DIRECTION('',(0.,-1.,3.1720657846433E-17));
#9887=DIRECTION('',(0.,1.,-3.1720657846433E-17));
#9888=DIRECTION('center_axis',(1.,0.,0.));
#9889=DIRECTION('ref_axis',(0.,-1.,0.));
#9890=DIRECTION('',(0.,-1.,0.));
#9891=DIRECTION('',(0.,0.,1.));
#9892=DIRECTION('',(0.,1.,0.));
#9893=DIRECTION('',(0.,0.,1.));
#9894=DIRECTION('',(0.,-1.,0.));
#9895=DIRECTION('center_axis',(1.,0.,0.));
#9896=DIRECTION('ref_axis',(0.,-1.,0.));
#9897=DIRECTION('',(0.,-1.,0.));
#9898=DIRECTION('',(0.,-1.,0.));
#9899=DIRECTION('',(0.,1.,0.));
#9900=DIRECTION('',(0.,0.,-1.));
#9901=DIRECTION('',(0.,-1.,0.));
#9902=DIRECTION('center_axis',(0.,0.,-1.));
#9903=DIRECTION('ref_axis',(-1.,0.,0.));
#9904=DIRECTION('',(0.,1.,0.));
#9905=DIRECTION('',(1.,0.,0.));
#9906=DIRECTION('center_axis',(0.,0.,-1.));
#9907=DIRECTION('ref_axis',(-1.,0.,0.));
#9908=DIRECTION('',(0.,1.,0.));
#9909=DIRECTION('center_axis',(0.,0.,-1.));
#9910=DIRECTION('ref_axis',(-1.,0.,0.));
#9911=DIRECTION('',(0.,1.,0.));
#9912=DIRECTION('center_axis',(0.,0.,-1.));
#9913=DIRECTION('ref_axis',(-1.,0.,0.));
#9914=DIRECTION('',(-1.,0.,0.));
#9915=DIRECTION('',(0.,1.,0.));
#9916=DIRECTION('',(1.,0.,0.));
#9917=DIRECTION('',(0.,1.,0.));
#9918=DIRECTION('center_axis',(1.,0.,0.));
#9919=DIRECTION('ref_axis',(0.,-1.,0.));
#9920=DIRECTION('',(0.,1.,0.));
#9921=DIRECTION('',(0.,0.,-1.));
#9922=DIRECTION('',(0.,-1.,0.));
#9923=DIRECTION('center_axis',(-1.,0.,0.));
#9924=DIRECTION('ref_axis',(0.,1.,0.));
#9925=DIRECTION('',(0.,-1.,0.));
#9926=DIRECTION('',(0.,1.,0.));
#9927=DIRECTION('',(0.,0.,1.));
#9928=DIRECTION('center_axis',(0.,0.,1.));
#9929=DIRECTION('ref_axis',(1.,0.,0.));
#9930=DIRECTION('',(1.,0.,0.));
#9931=DIRECTION('',(-1.,0.,0.));
#9932=DIRECTION('',(0.,-1.,0.));
#9933=DIRECTION('',(-1.,0.,0.));
#9934=DIRECTION('',(0.,1.,0.));
#9935=DIRECTION('',(1.,0.,0.));
#9936=DIRECTION('',(0.,-1.,0.));
#9937=DIRECTION('',(-1.,0.,0.));
#9938=DIRECTION('center_axis',(0.,1.,0.));
#9939=DIRECTION('ref_axis',(-1.,0.,0.));
#9940=DIRECTION('',(1.,0.,0.));
#9941=DIRECTION('',(0.,0.,1.));
#9942=DIRECTION('center_axis',(-1.,0.,0.));
#9943=DIRECTION('ref_axis',(0.,1.,0.));
#9944=DIRECTION('',(0.,0.,-1.));
#9945=DIRECTION('',(0.,-1.,0.));
#9946=DIRECTION('center_axis',(0.,1.,0.));
#9947=DIRECTION('ref_axis',(1.,0.,0.));
#9948=DIRECTION('',(-1.,0.,0.));
#9949=DIRECTION('center_axis',(0.,1.,0.));
#9950=DIRECTION('ref_axis',(1.,0.,0.));
#9951=DIRECTION('',(0.,0.,1.));
#9952=DIRECTION('center_axis',(-1.,0.,0.));
#9953=DIRECTION('ref_axis',(0.,1.,0.));
#9954=DIRECTION('',(0.,0.,-1.));
#9955=DIRECTION('center_axis',(0.,-1.,0.));
#9956=DIRECTION('ref_axis',(-1.,0.,0.));
#9957=DIRECTION('center_axis',(0.,0.,-1.));
#9958=DIRECTION('ref_axis',(-1.,0.,0.));
#9959=DIRECTION('',(1.,0.,0.));
#9960=DIRECTION('',(0.,1.,0.));
#9961=DIRECTION('',(1.,0.,0.));
#9962=DIRECTION('',(0.,1.,0.));
#9963=DIRECTION('center_axis',(0.,-1.,0.));
#9964=DIRECTION('ref_axis',(1.,0.,0.));
#9965=DIRECTION('',(0.,0.,1.));
#9966=DIRECTION('',(0.,0.,1.));
#9967=DIRECTION('center_axis',(-1.,0.,0.));
#9968=DIRECTION('ref_axis',(0.,-1.,0.));
#9969=DIRECTION('',(0.,0.,-1.));
#9970=DIRECTION('center_axis',(1.,0.,0.));
#9971=DIRECTION('ref_axis',(0.,1.,0.));
#9972=DIRECTION('center_axis',(0.,1.,0.));
#9973=DIRECTION('ref_axis',(-1.,0.,0.));
#9974=DIRECTION('center_axis',(-1.,0.,0.));
#9975=DIRECTION('ref_axis',(0.,0.,-1.));
#9976=DIRECTION('',(0.,0.,1.));
#9977=DIRECTION('',(0.,-1.,0.));
#9978=DIRECTION('',(0.,0.,-1.));
#9979=DIRECTION('',(0.,1.,0.));
#9980=DIRECTION('center_axis',(1.,0.,0.));
#9981=DIRECTION('ref_axis',(0.,0.,1.));
#9982=DIRECTION('',(0.,0.,-1.));
#9983=DIRECTION('',(0.,-1.,0.));
#9984=DIRECTION('',(0.,0.,1.));
#9985=DIRECTION('',(0.,-1.,0.));
#9986=DIRECTION('center_axis',(0.,0.,-1.));
#9987=DIRECTION('ref_axis',(1.,0.,0.));
#9988=DIRECTION('',(-1.,0.,0.));
#9989=DIRECTION('',(1.,0.,0.));
#9990=DIRECTION('center_axis',(0.,1.,0.));
#9991=DIRECTION('ref_axis',(-1.,0.,0.));
#9992=DIRECTION('',(-1.,0.,0.));
#9993=DIRECTION('',(0.,0.,1.));
#9994=DIRECTION('',(1.,0.,0.));
#9995=DIRECTION('',(0.,0.,1.));
#9996=DIRECTION('',(-1.,0.,0.));
#9997=DIRECTION('center_axis',(0.,0.,1.));
#9998=DIRECTION('ref_axis',(1.,0.,0.));
#9999=DIRECTION('',(1.,0.,0.));
#10000=DIRECTION('',(0.,-1.,0.));
#10001=DIRECTION('',(1.,0.,0.));
#10002=DIRECTION('',(0.,1.,0.));
#10003=DIRECTION('center_axis',(0.,0.,1.));
#10004=DIRECTION('ref_axis',(1.,0.,0.));
#10005=DIRECTION('',(0.,-1.,0.));
#10006=DIRECTION('',(1.,0.,0.));
#10007=DIRECTION('',(0.,1.,0.));
#10008=DIRECTION('',(1.,0.,0.));
#10009=DIRECTION('center_axis',(0.,1.,0.));
#10010=DIRECTION('ref_axis',(0.,0.,-1.));
#10011=DIRECTION('',(0.,0.,-1.));
#10012=DIRECTION('',(1.,0.,0.));
#10013=DIRECTION('',(0.,0.,1.));
#10014=DIRECTION('',(-1.,0.,0.));
#10015=DIRECTION('center_axis',(0.,1.,0.));
#10016=DIRECTION('ref_axis',(0.,0.,-1.));
#10017=DIRECTION('',(0.,0.,1.));
#10018=DIRECTION('',(-1.,0.,0.));
#10019=DIRECTION('',(0.,0.,-1.));
#10020=DIRECTION('',(1.,0.,0.));
#10021=DIRECTION('center_axis',(0.,0.,-1.));
#10022=DIRECTION('ref_axis',(0.,-1.,0.));
#10023=DIRECTION('',(0.,-1.,0.));
#10024=DIRECTION('',(0.,1.,0.));
#10025=DIRECTION('',(-1.,0.,0.));
#10026=DIRECTION('center_axis',(0.,-1.,0.));
#10027=DIRECTION('ref_axis',(0.,0.,1.));
#10028=DIRECTION('',(0.,0.,1.));
#10029=DIRECTION('',(0.,0.,-1.));
#10030=DIRECTION('',(-1.,0.,0.));
#10031=DIRECTION('center_axis',(0.,-1.,0.));
#10032=DIRECTION('ref_axis',(0.,0.,1.));
#10033=DIRECTION('',(0.,0.,-1.));
#10034=DIRECTION('',(-1.,0.,0.));
#10035=DIRECTION('',(0.,0.,1.));
#10036=DIRECTION('',(-1.,0.,0.));
#10037=DIRECTION('center_axis',(0.,0.,-1.));
#10038=DIRECTION('ref_axis',(0.,-1.,0.));
#10039=DIRECTION('',(0.,1.,0.));
#10040=DIRECTION('',(0.,-1.,0.));
#10041=DIRECTION('center_axis',(0.,1.,0.));
#10042=DIRECTION('ref_axis',(0.,0.,-1.));
#10043=DIRECTION('',(0.,0.,-1.));
#10044=DIRECTION('',(0.,0.,1.));
#10045=DIRECTION('',(-1.,0.,0.));
#10046=DIRECTION('center_axis',(0.,1.,0.));
#10047=DIRECTION('ref_axis',(0.,0.,-1.));
#10048=DIRECTION('',(0.,0.,1.));
#10049=DIRECTION('',(-1.,0.,0.));
#10050=DIRECTION('',(0.,0.,-1.));
#10051=DIRECTION('center_axis',(0.,0.,-1.));
#10052=DIRECTION('ref_axis',(0.,-1.,0.));
#10053=DIRECTION('',(0.,-1.,0.));
#10054=DIRECTION('',(0.,1.,0.));
#10055=DIRECTION('',(-1.,0.,0.));
#10056=DIRECTION('center_axis',(0.,-1.,0.));
#10057=DIRECTION('ref_axis',(0.,0.,1.));
#10058=DIRECTION('',(0.,0.,1.));
#10059=DIRECTION('',(0.,0.,-1.));
#10060=DIRECTION('',(-1.,0.,0.));
#10061=DIRECTION('center_axis',(0.,-1.,0.));
#10062=DIRECTION('ref_axis',(0.,0.,1.));
#10063=DIRECTION('',(0.,0.,-1.));
#10064=DIRECTION('',(-1.,0.,0.));
#10065=DIRECTION('',(0.,0.,1.));
#10066=DIRECTION('',(-1.,0.,0.));
#10067=DIRECTION('center_axis',(0.,0.,-1.));
#10068=DIRECTION('ref_axis',(0.,-1.,0.));
#10069=DIRECTION('',(0.,1.,0.));
#10070=DIRECTION('',(0.,-1.,0.));
#10071=DIRECTION('center_axis',(1.,0.,0.));
#10072=DIRECTION('ref_axis',(0.,1.,0.));
#10073=DIRECTION('',(0.,1.,0.));
#10074=DIRECTION('',(0.,0.,1.));
#10075=DIRECTION('',(0.,-1.,0.));
#10076=DIRECTION('',(0.,1.,0.));
#10077=DIRECTION('center_axis',(1.,0.,0.));
#10078=DIRECTION('ref_axis',(0.,1.,0.));
#10079=DIRECTION('',(0.,1.,0.));
#10080=DIRECTION('',(0.,0.,1.));
#10081=DIRECTION('',(0.,-1.,0.));
#10082=DIRECTION('',(0.,0.,1.));
#10083=DIRECTION('',(0.,1.,0.));
#10084=DIRECTION('center_axis',(0.,0.,1.));
#10085=DIRECTION('ref_axis',(1.,0.,0.));
#10086=DIRECTION('',(0.,-1.,0.));
#10087=DIRECTION('center_axis',(0.,0.,1.));
#10088=DIRECTION('ref_axis',(1.,0.,0.));
#10089=DIRECTION('',(0.,-1.,0.));
#10090=DIRECTION('',(-1.,0.,0.));
#10091=DIRECTION('',(0.,-1.,0.));
#10092=DIRECTION('',(1.,0.,0.));
#10093=DIRECTION('center_axis',(0.,0.,1.));
#10094=DIRECTION('ref_axis',(1.,0.,0.));
#10095=DIRECTION('',(0.,-1.,0.));
#10096=DIRECTION('center_axis',(0.,1.,0.));
#10097=DIRECTION('ref_axis',(-1.,0.,0.));
#10098=DIRECTION('',(0.,0.,1.));
#10099=DIRECTION('',(1.,0.,0.));
#10100=DIRECTION('center_axis',(-1.,0.,0.));
#10101=DIRECTION('ref_axis',(0.,-1.,0.));
#10102=DIRECTION('',(0.,1.,0.));
#10103=DIRECTION('',(0.,0.,1.));
#10104=DIRECTION('center_axis',(0.,-1.,0.));
#10105=DIRECTION('ref_axis',(1.,0.,0.));
#10106=DIRECTION('',(-1.,0.,0.));
#10107=DIRECTION('',(0.,0.,1.));
#10108=DIRECTION('center_axis',(-1.,0.,0.));
#10109=DIRECTION('ref_axis',(0.,-1.,0.));
#10110=DIRECTION('',(0.,1.,0.));
#10111=DIRECTION('center_axis',(0.,-1.,0.));
#10112=DIRECTION('ref_axis',(1.,0.,0.));
#10113=DIRECTION('',(-1.,0.,0.));
#10114=DIRECTION('center_axis',(0.,0.,1.));
#10115=DIRECTION('ref_axis',(1.,0.,0.));
#10116=DIRECTION('center_axis',(0.,0.,1.));
#10117=DIRECTION('ref_axis',(1.,0.,0.));
#10118=CARTESIAN_POINT('',(0.,0.,0.));
#10119=CARTESIAN_POINT('Origin',(26.575,-44.025,0.));
#10120=CARTESIAN_POINT('',(26.575,-44.025,0.));
#10121=CARTESIAN_POINT('',(26.575,-31.025,0.));
#10122=CARTESIAN_POINT('',(26.575,-31.025,0.));
#10123=CARTESIAN_POINT('',(26.575,-31.025,1.5));
#10124=CARTESIAN_POINT('',(26.575,-31.025,0.));
#10125=CARTESIAN_POINT('',(26.575,-44.025,1.5));
#10126=CARTESIAN_POINT('',(26.575,-31.025,1.5));
#10127=CARTESIAN_POINT('',(26.575,-44.025,0.));
#10128=CARTESIAN_POINT('Origin',(27.075,-44.025,0.));
#10129=CARTESIAN_POINT('',(27.075,-44.525,0.));
#10130=CARTESIAN_POINT('Origin',(27.075,-44.025,0.));
#10131=CARTESIAN_POINT('',(27.075,-44.525,1.5));
#10132=CARTESIAN_POINT('Origin',(27.075,-44.025,1.5));
#10133=CARTESIAN_POINT('',(27.075,-44.525,0.));
#10134=CARTESIAN_POINT('Origin',(40.075,-44.525,0.));
#10135=CARTESIAN_POINT('',(40.075,-44.525,0.));
#10136=CARTESIAN_POINT('',(27.075,-44.525,0.));
#10137=CARTESIAN_POINT('',(40.075,-44.525,1.5));
#10138=CARTESIAN_POINT('',(27.075,-44.525,1.5));
#10139=CARTESIAN_POINT('',(40.075,-44.525,0.));
#10140=CARTESIAN_POINT('Origin',(40.075,-44.025,0.));
#10141=CARTESIAN_POINT('',(40.575,-44.025,0.));
#10142=CARTESIAN_POINT('Origin',(40.075,-44.025,0.));
#10143=CARTESIAN_POINT('',(40.575,-44.025,1.5));
#10144=CARTESIAN_POINT('Origin',(40.075,-44.025,1.5));
#10145=CARTESIAN_POINT('',(40.575,-44.025,0.));
#10146=CARTESIAN_POINT('Origin',(40.575,-31.025,0.));
#10147=CARTESIAN_POINT('',(40.575,-31.025,0.));
#10148=CARTESIAN_POINT('',(40.575,-31.025,0.));
#10149=CARTESIAN_POINT('',(40.575,-31.025,1.5));
#10150=CARTESIAN_POINT('',(40.575,-31.025,1.5));
#10151=CARTESIAN_POINT('',(40.575,-31.025,0.));
#10152=CARTESIAN_POINT('Origin',(40.075,-31.025,0.));
#10153=CARTESIAN_POINT('',(40.075,-30.525,0.));
#10154=CARTESIAN_POINT('Origin',(40.075,-31.025,0.));
#10155=CARTESIAN_POINT('',(40.075,-30.525,1.5));
#10156=CARTESIAN_POINT('Origin',(40.075,-31.025,1.5));
#10157=CARTESIAN_POINT('',(40.075,-30.525,0.));
#10158=CARTESIAN_POINT('Origin',(27.075,-30.525,0.));
#10159=CARTESIAN_POINT('',(27.075,-30.525,0.));
#10160=CARTESIAN_POINT('',(27.075,-30.525,0.));
#10161=CARTESIAN_POINT('',(27.075,-30.525,1.5));
#10162=CARTESIAN_POINT('',(27.075,-30.525,1.5));
#10163=CARTESIAN_POINT('',(27.075,-30.525,0.));
#10164=CARTESIAN_POINT('Origin',(27.075,-31.025,0.));
#10165=CARTESIAN_POINT('Origin',(27.075,-31.025,0.));
#10166=CARTESIAN_POINT('Origin',(27.075,-31.025,1.5));
#10167=CARTESIAN_POINT('Origin',(26.575,-101.175,0.));
#10168=CARTESIAN_POINT('',(26.575,-101.175,0.));
#10169=CARTESIAN_POINT('',(26.575,-88.175,0.));
#10170=CARTESIAN_POINT('',(26.575,-88.175,0.));
#10171=CARTESIAN_POINT('',(26.575,-88.175,1.5));
#10172=CARTESIAN_POINT('',(26.575,-88.175,0.));
#10173=CARTESIAN_POINT('',(26.575,-101.175,1.5));
#10174=CARTESIAN_POINT('',(26.575,-88.175,1.5));
#10175=CARTESIAN_POINT('',(26.575,-101.175,0.));
#10176=CARTESIAN_POINT('Origin',(27.075,-101.175,0.));
#10177=CARTESIAN_POINT('',(27.075,-101.675,0.));
#10178=CARTESIAN_POINT('Origin',(27.075,-101.175,0.));
#10179=CARTESIAN_POINT('',(27.075,-101.675,1.5));
#10180=CARTESIAN_POINT('Origin',(27.075,-101.175,1.5));
#10181=CARTESIAN_POINT('',(27.075,-101.675,0.));
#10182=CARTESIAN_POINT('Origin',(40.075,-101.675,0.));
#10183=CARTESIAN_POINT('',(40.075,-101.675,0.));
#10184=CARTESIAN_POINT('',(27.075,-101.675,0.));
#10185=CARTESIAN_POINT('',(40.075,-101.675,1.5));
#10186=CARTESIAN_POINT('',(27.075,-101.675,1.5));
#10187=CARTESIAN_POINT('',(40.075,-101.675,0.));
#10188=CARTESIAN_POINT('Origin',(40.075,-101.175,0.));
#10189=CARTESIAN_POINT('',(40.575,-101.175,0.));
#10190=CARTESIAN_POINT('Origin',(40.075,-101.175,0.));
#10191=CARTESIAN_POINT('',(40.575,-101.175,1.5));
#10192=CARTESIAN_POINT('Origin',(40.075,-101.175,1.5));
#10193=CARTESIAN_POINT('',(40.575,-101.175,0.));
#10194=CARTESIAN_POINT('Origin',(40.575,-88.175,0.));
#10195=CARTESIAN_POINT('',(40.575,-88.175,0.));
#10196=CARTESIAN_POINT('',(40.575,-88.175,0.));
#10197=CARTESIAN_POINT('',(40.575,-88.175,1.5));
#10198=CARTESIAN_POINT('',(40.575,-88.175,1.5));
#10199=CARTESIAN_POINT('',(40.575,-88.175,0.));
#10200=CARTESIAN_POINT('Origin',(40.075,-88.175,0.));
#10201=CARTESIAN_POINT('',(40.075,-87.675,0.));
#10202=CARTESIAN_POINT('Origin',(40.075,-88.175,0.));
#10203=CARTESIAN_POINT('',(40.075,-87.675,1.5));
#10204=CARTESIAN_POINT('Origin',(40.075,-88.175,1.5));
#10205=CARTESIAN_POINT('',(40.075,-87.675,0.));
#10206=CARTESIAN_POINT('Origin',(27.075,-87.675,0.));
#10207=CARTESIAN_POINT('',(27.075,-87.675,0.));
#10208=CARTESIAN_POINT('',(27.075,-87.675,0.));
#10209=CARTESIAN_POINT('',(27.075,-87.675,1.5));
#10210=CARTESIAN_POINT('',(27.075,-87.675,1.5));
#10211=CARTESIAN_POINT('',(27.075,-87.675,0.));
#10212=CARTESIAN_POINT('Origin',(27.075,-88.175,0.));
#10213=CARTESIAN_POINT('Origin',(27.075,-88.175,0.));
#10214=CARTESIAN_POINT('Origin',(27.075,-88.175,1.5));
#10215=CARTESIAN_POINT('Origin',(64.675,-44.025,0.));
#10216=CARTESIAN_POINT('',(64.675,-44.025,0.));
#10217=CARTESIAN_POINT('',(64.675,-31.025,0.));
#10218=CARTESIAN_POINT('',(64.675,-31.025,0.));
#10219=CARTESIAN_POINT('',(64.675,-31.025,1.5));
#10220=CARTESIAN_POINT('',(64.675,-31.025,0.));
#10221=CARTESIAN_POINT('',(64.675,-44.025,1.5));
#10222=CARTESIAN_POINT('',(64.675,-31.025,1.5));
#10223=CARTESIAN_POINT('',(64.675,-44.025,0.));
#10224=CARTESIAN_POINT('Origin',(65.175,-44.025,0.));
#10225=CARTESIAN_POINT('',(65.175,-44.525,0.));
#10226=CARTESIAN_POINT('Origin',(65.175,-44.025,0.));
#10227=CARTESIAN_POINT('',(65.175,-44.525,1.5));
#10228=CARTESIAN_POINT('Origin',(65.175,-44.025,1.5));
#10229=CARTESIAN_POINT('',(65.175,-44.525,0.));
#10230=CARTESIAN_POINT('Origin',(78.175,-44.525,0.));
#10231=CARTESIAN_POINT('',(78.175,-44.525,0.));
#10232=CARTESIAN_POINT('',(65.175,-44.525,0.));
#10233=CARTESIAN_POINT('',(78.175,-44.525,1.5));
#10234=CARTESIAN_POINT('',(65.175,-44.525,1.5));
#10235=CARTESIAN_POINT('',(78.175,-44.525,0.));
#10236=CARTESIAN_POINT('Origin',(78.175,-44.025,0.));
#10237=CARTESIAN_POINT('',(78.675,-44.025,0.));
#10238=CARTESIAN_POINT('Origin',(78.175,-44.025,0.));
#10239=CARTESIAN_POINT('',(78.675,-44.025,1.5));
#10240=CARTESIAN_POINT('Origin',(78.175,-44.025,1.5));
#10241=CARTESIAN_POINT('',(78.675,-44.025,0.));
#10242=CARTESIAN_POINT('Origin',(78.675,-31.025,0.));
#10243=CARTESIAN_POINT('',(78.675,-31.025,0.));
#10244=CARTESIAN_POINT('',(78.675,-31.025,0.));
#10245=CARTESIAN_POINT('',(78.675,-31.025,1.5));
#10246=CARTESIAN_POINT('',(78.675,-31.025,1.5));
#10247=CARTESIAN_POINT('',(78.675,-31.025,0.));
#10248=CARTESIAN_POINT('Origin',(78.175,-31.025,0.));
#10249=CARTESIAN_POINT('',(78.175,-30.525,0.));
#10250=CARTESIAN_POINT('Origin',(78.175,-31.025,0.));
#10251=CARTESIAN_POINT('',(78.175,-30.525,1.5));
#10252=CARTESIAN_POINT('Origin',(78.175,-31.025,1.5));
#10253=CARTESIAN_POINT('',(78.175,-30.525,0.));
#10254=CARTESIAN_POINT('Origin',(65.175,-30.525,0.));
#10255=CARTESIAN_POINT('',(65.175,-30.525,0.));
#10256=CARTESIAN_POINT('',(65.175,-30.525,0.));
#10257=CARTESIAN_POINT('',(65.175,-30.525,1.5));
#10258=CARTESIAN_POINT('',(65.175,-30.525,1.5));
#10259=CARTESIAN_POINT('',(65.175,-30.525,0.));
#10260=CARTESIAN_POINT('Origin',(65.175,-31.025,0.));
#10261=CARTESIAN_POINT('Origin',(65.175,-31.025,0.));
#10262=CARTESIAN_POINT('Origin',(65.175,-31.025,1.5));
#10263=CARTESIAN_POINT('Origin',(45.625,-82.125,0.));
#10264=CARTESIAN_POINT('',(45.625,-82.125,0.));
#10265=CARTESIAN_POINT('',(45.625,-69.125,0.));
#10266=CARTESIAN_POINT('',(45.625,-69.125,0.));
#10267=CARTESIAN_POINT('',(45.625,-69.125,1.5));
#10268=CARTESIAN_POINT('',(45.625,-69.125,0.));
#10269=CARTESIAN_POINT('',(45.625,-82.125,1.5));
#10270=CARTESIAN_POINT('',(45.625,-69.125,1.5));
#10271=CARTESIAN_POINT('',(45.625,-82.125,0.));
#10272=CARTESIAN_POINT('Origin',(46.125,-82.125,0.));
#10273=CARTESIAN_POINT('',(46.125,-82.625,0.));
#10274=CARTESIAN_POINT('Origin',(46.125,-82.125,0.));
#10275=CARTESIAN_POINT('',(46.125,-82.625,1.5));
#10276=CARTESIAN_POINT('Origin',(46.125,-82.125,1.5));
#10277=CARTESIAN_POINT('',(46.125,-82.625,0.));
#10278=CARTESIAN_POINT('Origin',(59.125,-82.625,0.));
#10279=CARTESIAN_POINT('',(59.125,-82.625,0.));
#10280=CARTESIAN_POINT('',(46.125,-82.625,0.));
#10281=CARTESIAN_POINT('',(59.125,-82.625,1.5));
#10282=CARTESIAN_POINT('',(46.125,-82.625,1.5));
#10283=CARTESIAN_POINT('',(59.125,-82.625,0.));
#10284=CARTESIAN_POINT('Origin',(59.125,-82.125,0.));
#10285=CARTESIAN_POINT('',(59.625,-82.125,0.));
#10286=CARTESIAN_POINT('Origin',(59.125,-82.125,0.));
#10287=CARTESIAN_POINT('',(59.625,-82.125,1.5));
#10288=CARTESIAN_POINT('Origin',(59.125,-82.125,1.5));
#10289=CARTESIAN_POINT('',(59.625,-82.125,0.));
#10290=CARTESIAN_POINT('Origin',(59.625,-69.125,0.));
#10291=CARTESIAN_POINT('',(59.625,-69.125,0.));
#10292=CARTESIAN_POINT('',(59.625,-69.125,0.));
#10293=CARTESIAN_POINT('',(59.625,-69.125,1.5));
#10294=CARTESIAN_POINT('',(59.625,-69.125,1.5));
#10295=CARTESIAN_POINT('',(59.625,-69.125,0.));
#10296=CARTESIAN_POINT('Origin',(59.125,-69.125,0.));
#10297=CARTESIAN_POINT('',(59.125,-68.625,0.));
#10298=CARTESIAN_POINT('Origin',(59.125,-69.125,0.));
#10299=CARTESIAN_POINT('',(59.125,-68.625,1.5));
#10300=CARTESIAN_POINT('Origin',(59.125,-69.125,1.5));
#10301=CARTESIAN_POINT('',(59.125,-68.625,0.));
#10302=CARTESIAN_POINT('Origin',(46.125,-68.625,0.));
#10303=CARTESIAN_POINT('',(46.125,-68.625,0.));
#10304=CARTESIAN_POINT('',(46.125,-68.625,0.));
#10305=CARTESIAN_POINT('',(46.125,-68.625,1.5));
#10306=CARTESIAN_POINT('',(46.125,-68.625,1.5));
#10307=CARTESIAN_POINT('',(46.125,-68.625,0.));
#10308=CARTESIAN_POINT('Origin',(46.125,-69.125,0.));
#10309=CARTESIAN_POINT('Origin',(46.125,-69.125,0.));
#10310=CARTESIAN_POINT('Origin',(46.125,-69.125,1.5));
#10311=CARTESIAN_POINT('Origin',(26.575,-82.125,0.));
#10312=CARTESIAN_POINT('',(26.575,-82.125,0.));
#10313=CARTESIAN_POINT('',(26.575,-69.125,0.));
#10314=CARTESIAN_POINT('',(26.575,-69.125,0.));
#10315=CARTESIAN_POINT('',(26.575,-69.125,1.5));
#10316=CARTESIAN_POINT('',(26.575,-69.125,0.));
#10317=CARTESIAN_POINT('',(26.575,-82.125,1.5));
#10318=CARTESIAN_POINT('',(26.575,-69.125,1.5));
#10319=CARTESIAN_POINT('',(26.575,-82.125,0.));
#10320=CARTESIAN_POINT('Origin',(27.075,-82.125,0.));
#10321=CARTESIAN_POINT('',(27.075,-82.625,0.));
#10322=CARTESIAN_POINT('Origin',(27.075,-82.125,0.));
#10323=CARTESIAN_POINT('',(27.075,-82.625,1.5));
#10324=CARTESIAN_POINT('Origin',(27.075,-82.125,1.5));
#10325=CARTESIAN_POINT('',(27.075,-82.625,0.));
#10326=CARTESIAN_POINT('Origin',(40.075,-82.625,0.));
#10327=CARTESIAN_POINT('',(40.075,-82.625,0.));
#10328=CARTESIAN_POINT('',(27.075,-82.625,0.));
#10329=CARTESIAN_POINT('',(40.075,-82.625,1.5));
#10330=CARTESIAN_POINT('',(27.075,-82.625,1.5));
#10331=CARTESIAN_POINT('',(40.075,-82.625,0.));
#10332=CARTESIAN_POINT('Origin',(40.075,-82.125,0.));
#10333=CARTESIAN_POINT('',(40.575,-82.125,0.));
#10334=CARTESIAN_POINT('Origin',(40.075,-82.125,0.));
#10335=CARTESIAN_POINT('',(40.575,-82.125,1.5));
#10336=CARTESIAN_POINT('Origin',(40.075,-82.125,1.5));
#10337=CARTESIAN_POINT('',(40.575,-82.125,0.));
#10338=CARTESIAN_POINT('Origin',(40.575,-69.125,0.));
#10339=CARTESIAN_POINT('',(40.575,-69.125,0.));
#10340=CARTESIAN_POINT('',(40.575,-69.125,0.));
#10341=CARTESIAN_POINT('',(40.575,-69.125,1.5));
#10342=CARTESIAN_POINT('',(40.575,-69.125,1.5));
#10343=CARTESIAN_POINT('',(40.575,-69.125,0.));
#10344=CARTESIAN_POINT('Origin',(40.075,-69.125,0.));
#10345=CARTESIAN_POINT('',(40.075,-68.625,0.));
#10346=CARTESIAN_POINT('Origin',(40.075,-69.125,0.));
#10347=CARTESIAN_POINT('',(40.075,-68.625,1.5));
#10348=CARTESIAN_POINT('Origin',(40.075,-69.125,1.5));
#10349=CARTESIAN_POINT('',(40.075,-68.625,0.));
#10350=CARTESIAN_POINT('Origin',(27.075,-68.625,0.));
#10351=CARTESIAN_POINT('',(27.075,-68.625,0.));
#10352=CARTESIAN_POINT('',(27.075,-68.625,0.));
#10353=CARTESIAN_POINT('',(27.075,-68.625,1.5));
#10354=CARTESIAN_POINT('',(27.075,-68.625,1.5));
#10355=CARTESIAN_POINT('',(27.075,-68.625,0.));
#10356=CARTESIAN_POINT('Origin',(27.075,-69.125,0.));
#10357=CARTESIAN_POINT('Origin',(27.075,-69.125,0.));
#10358=CARTESIAN_POINT('Origin',(27.075,-69.125,1.5));
#10359=CARTESIAN_POINT('Origin',(45.625,-63.075,0.));
#10360=CARTESIAN_POINT('',(45.625,-63.075,0.));
#10361=CARTESIAN_POINT('',(45.625,-50.075,0.));
#10362=CARTESIAN_POINT('',(45.625,-50.075,0.));
#10363=CARTESIAN_POINT('',(45.625,-50.075,1.5));
#10364=CARTESIAN_POINT('',(45.625,-50.075,0.));
#10365=CARTESIAN_POINT('',(45.625,-63.075,1.5));
#10366=CARTESIAN_POINT('',(45.625,-50.075,1.5));
#10367=CARTESIAN_POINT('',(45.625,-63.075,0.));
#10368=CARTESIAN_POINT('Origin',(46.125,-63.075,0.));
#10369=CARTESIAN_POINT('',(46.125,-63.575,0.));
#10370=CARTESIAN_POINT('Origin',(46.125,-63.075,0.));
#10371=CARTESIAN_POINT('',(46.125,-63.575,1.5));
#10372=CARTESIAN_POINT('Origin',(46.125,-63.075,1.5));
#10373=CARTESIAN_POINT('',(46.125,-63.575,0.));
#10374=CARTESIAN_POINT('Origin',(59.125,-63.575,0.));
#10375=CARTESIAN_POINT('',(59.125,-63.575,0.));
#10376=CARTESIAN_POINT('',(46.125,-63.575,0.));
#10377=CARTESIAN_POINT('',(59.125,-63.575,1.5));
#10378=CARTESIAN_POINT('',(46.125,-63.575,1.5));
#10379=CARTESIAN_POINT('',(59.125,-63.575,0.));
#10380=CARTESIAN_POINT('Origin',(59.125,-63.075,0.));
#10381=CARTESIAN_POINT('',(59.625,-63.075,0.));
#10382=CARTESIAN_POINT('Origin',(59.125,-63.075,0.));
#10383=CARTESIAN_POINT('',(59.625,-63.075,1.5));
#10384=CARTESIAN_POINT('Origin',(59.125,-63.075,1.5));
#10385=CARTESIAN_POINT('',(59.625,-63.075,0.));
#10386=CARTESIAN_POINT('Origin',(59.625,-50.075,0.));
#10387=CARTESIAN_POINT('',(59.625,-50.075,0.));
#10388=CARTESIAN_POINT('',(59.625,-50.075,0.));
#10389=CARTESIAN_POINT('',(59.625,-50.075,1.5));
#10390=CARTESIAN_POINT('',(59.625,-50.075,1.5));
#10391=CARTESIAN_POINT('',(59.625,-50.075,0.));
#10392=CARTESIAN_POINT('Origin',(59.125,-50.075,0.));
#10393=CARTESIAN_POINT('',(59.125,-49.575,0.));
#10394=CARTESIAN_POINT('Origin',(59.125,-50.075,0.));
#10395=CARTESIAN_POINT('',(59.125,-49.575,1.5));
#10396=CARTESIAN_POINT('Origin',(59.125,-50.075,1.5));
#10397=CARTESIAN_POINT('',(59.125,-49.575,0.));
#10398=CARTESIAN_POINT('Origin',(46.125,-49.575,0.));
#10399=CARTESIAN_POINT('',(46.125,-49.575,0.));
#10400=CARTESIAN_POINT('',(46.125,-49.575,0.));
#10401=CARTESIAN_POINT('',(46.125,-49.575,1.5));
#10402=CARTESIAN_POINT('',(46.125,-49.575,1.5));
#10403=CARTESIAN_POINT('',(46.125,-49.575,0.));
#10404=CARTESIAN_POINT('Origin',(46.125,-50.075,0.));
#10405=CARTESIAN_POINT('Origin',(46.125,-50.075,0.));
#10406=CARTESIAN_POINT('Origin',(46.125,-50.075,1.5));
#10407=CARTESIAN_POINT('Origin',(7.525,-44.025,0.));
#10408=CARTESIAN_POINT('',(7.525,-44.025,0.));
#10409=CARTESIAN_POINT('',(7.525,-31.025,0.));
#10410=CARTESIAN_POINT('',(7.525,-31.025,0.));
#10411=CARTESIAN_POINT('',(7.525,-31.025,1.5));
#10412=CARTESIAN_POINT('',(7.525,-31.025,0.));
#10413=CARTESIAN_POINT('',(7.525,-44.025,1.5));
#10414=CARTESIAN_POINT('',(7.525,-31.025,1.5));
#10415=CARTESIAN_POINT('',(7.525,-44.025,0.));
#10416=CARTESIAN_POINT('Origin',(8.025,-44.025,0.));
#10417=CARTESIAN_POINT('',(8.025,-44.525,0.));
#10418=CARTESIAN_POINT('Origin',(8.025,-44.025,0.));
#10419=CARTESIAN_POINT('',(8.025,-44.525,1.5));
#10420=CARTESIAN_POINT('Origin',(8.025,-44.025,1.5));
#10421=CARTESIAN_POINT('',(8.025,-44.525,0.));
#10422=CARTESIAN_POINT('Origin',(21.025,-44.525,0.));
#10423=CARTESIAN_POINT('',(21.025,-44.525,0.));
#10424=CARTESIAN_POINT('',(8.025,-44.525,0.));
#10425=CARTESIAN_POINT('',(21.025,-44.525,1.5));
#10426=CARTESIAN_POINT('',(8.025,-44.525,1.5));
#10427=CARTESIAN_POINT('',(21.025,-44.525,0.));
#10428=CARTESIAN_POINT('Origin',(21.025,-44.025,0.));
#10429=CARTESIAN_POINT('',(21.525,-44.025,0.));
#10430=CARTESIAN_POINT('Origin',(21.025,-44.025,0.));
#10431=CARTESIAN_POINT('',(21.525,-44.025,1.5));
#10432=CARTESIAN_POINT('Origin',(21.025,-44.025,1.5));
#10433=CARTESIAN_POINT('',(21.525,-44.025,0.));
#10434=CARTESIAN_POINT('Origin',(21.525,-31.025,0.));
#10435=CARTESIAN_POINT('',(21.525,-31.025,0.));
#10436=CARTESIAN_POINT('',(21.525,-31.025,0.));
#10437=CARTESIAN_POINT('',(21.525,-31.025,1.5));
#10438=CARTESIAN_POINT('',(21.525,-31.025,1.5));
#10439=CARTESIAN_POINT('',(21.525,-31.025,0.));
#10440=CARTESIAN_POINT('Origin',(21.025,-31.025,0.));
#10441=CARTESIAN_POINT('',(21.025,-30.525,0.));
#10442=CARTESIAN_POINT('Origin',(21.025,-31.025,0.));
#10443=CARTESIAN_POINT('',(21.025,-30.525,1.5));
#10444=CARTESIAN_POINT('Origin',(21.025,-31.025,1.5));
#10445=CARTESIAN_POINT('',(21.025,-30.525,0.));
#10446=CARTESIAN_POINT('Origin',(8.025,-30.525,0.));
#10447=CARTESIAN_POINT('',(8.025,-30.525,0.));
#10448=CARTESIAN_POINT('',(8.025,-30.525,0.));
#10449=CARTESIAN_POINT('',(8.025,-30.525,1.5));
#10450=CARTESIAN_POINT('',(8.025,-30.525,1.5));
#10451=CARTESIAN_POINT('',(8.025,-30.525,0.));
#10452=CARTESIAN_POINT('Origin',(8.025,-31.025,0.));
#10453=CARTESIAN_POINT('Origin',(8.025,-31.025,0.));
#10454=CARTESIAN_POINT('Origin',(8.025,-31.025,1.5));
#10455=CARTESIAN_POINT('Origin',(45.625,-101.175,0.));
#10456=CARTESIAN_POINT('',(45.625,-101.175,0.));
#10457=CARTESIAN_POINT('',(45.625,-88.175,0.));
#10458=CARTESIAN_POINT('',(45.625,-88.175,0.));
#10459=CARTESIAN_POINT('',(45.625,-88.175,1.5));
#10460=CARTESIAN_POINT('',(45.625,-88.175,0.));
#10461=CARTESIAN_POINT('',(45.625,-101.175,1.5));
#10462=CARTESIAN_POINT('',(45.625,-88.175,1.5));
#10463=CARTESIAN_POINT('',(45.625,-101.175,0.));
#10464=CARTESIAN_POINT('Origin',(46.125,-101.175,0.));
#10465=CARTESIAN_POINT('',(46.125,-101.675,0.));
#10466=CARTESIAN_POINT('Origin',(46.125,-101.175,0.));
#10467=CARTESIAN_POINT('',(46.125,-101.675,1.5));
#10468=CARTESIAN_POINT('Origin',(46.125,-101.175,1.5));
#10469=CARTESIAN_POINT('',(46.125,-101.675,0.));
#10470=CARTESIAN_POINT('Origin',(59.125,-101.675,0.));
#10471=CARTESIAN_POINT('',(59.125,-101.675,0.));
#10472=CARTESIAN_POINT('',(46.125,-101.675,0.));
#10473=CARTESIAN_POINT('',(59.125,-101.675,1.5));
#10474=CARTESIAN_POINT('',(46.125,-101.675,1.5));
#10475=CARTESIAN_POINT('',(59.125,-101.675,0.));
#10476=CARTESIAN_POINT('Origin',(59.125,-101.175,0.));
#10477=CARTESIAN_POINT('',(59.625,-101.175,0.));
#10478=CARTESIAN_POINT('Origin',(59.125,-101.175,0.));
#10479=CARTESIAN_POINT('',(59.625,-101.175,1.5));
#10480=CARTESIAN_POINT('Origin',(59.125,-101.175,1.5));
#10481=CARTESIAN_POINT('',(59.625,-101.175,0.));
#10482=CARTESIAN_POINT('Origin',(59.625,-88.175,0.));
#10483=CARTESIAN_POINT('',(59.625,-88.175,0.));
#10484=CARTESIAN_POINT('',(59.625,-88.175,0.));
#10485=CARTESIAN_POINT('',(59.625,-88.175,1.5));
#10486=CARTESIAN_POINT('',(59.625,-88.175,1.5));
#10487=CARTESIAN_POINT('',(59.625,-88.175,0.));
#10488=CARTESIAN_POINT('Origin',(59.125,-88.175,0.));
#10489=CARTESIAN_POINT('',(59.125,-87.675,0.));
#10490=CARTESIAN_POINT('Origin',(59.125,-88.175,0.));
#10491=CARTESIAN_POINT('',(59.125,-87.675,1.5));
#10492=CARTESIAN_POINT('Origin',(59.125,-88.175,1.5));
#10493=CARTESIAN_POINT('',(59.125,-87.675,0.));
#10494=CARTESIAN_POINT('Origin',(46.125,-87.675,0.));
#10495=CARTESIAN_POINT('',(46.125,-87.675,0.));
#10496=CARTESIAN_POINT('',(46.125,-87.675,0.));
#10497=CARTESIAN_POINT('',(46.125,-87.675,1.5));
#10498=CARTESIAN_POINT('',(46.125,-87.675,1.5));
#10499=CARTESIAN_POINT('',(46.125,-87.675,0.));
#10500=CARTESIAN_POINT('Origin',(46.125,-88.175,0.));
#10501=CARTESIAN_POINT('Origin',(46.125,-88.175,0.));
#10502=CARTESIAN_POINT('Origin',(46.125,-88.175,1.5));
#10503=CARTESIAN_POINT('Origin',(45.625,-44.025,0.));
#10504=CARTESIAN_POINT('',(45.625,-44.025,0.));
#10505=CARTESIAN_POINT('',(45.625,-31.025,0.));
#10506=CARTESIAN_POINT('',(45.625,-31.025,0.));
#10507=CARTESIAN_POINT('',(45.625,-31.025,1.5));
#10508=CARTESIAN_POINT('',(45.625,-31.025,0.));
#10509=CARTESIAN_POINT('',(45.625,-44.025,1.5));
#10510=CARTESIAN_POINT('',(45.625,-31.025,1.5));
#10511=CARTESIAN_POINT('',(45.625,-44.025,0.));
#10512=CARTESIAN_POINT('Origin',(46.125,-44.025,0.));
#10513=CARTESIAN_POINT('',(46.125,-44.525,0.));
#10514=CARTESIAN_POINT('Origin',(46.125,-44.025,0.));
#10515=CARTESIAN_POINT('',(46.125,-44.525,1.5));
#10516=CARTESIAN_POINT('Origin',(46.125,-44.025,1.5));
#10517=CARTESIAN_POINT('',(46.125,-44.525,0.));
#10518=CARTESIAN_POINT('Origin',(59.125,-44.525,0.));
#10519=CARTESIAN_POINT('',(59.125,-44.525,0.));
#10520=CARTESIAN_POINT('',(46.125,-44.525,0.));
#10521=CARTESIAN_POINT('',(59.125,-44.525,1.5));
#10522=CARTESIAN_POINT('',(46.125,-44.525,1.5));
#10523=CARTESIAN_POINT('',(59.125,-44.525,0.));
#10524=CARTESIAN_POINT('Origin',(59.125,-44.025,0.));
#10525=CARTESIAN_POINT('',(59.625,-44.025,0.));
#10526=CARTESIAN_POINT('Origin',(59.125,-44.025,0.));
#10527=CARTESIAN_POINT('',(59.625,-44.025,1.5));
#10528=CARTESIAN_POINT('Origin',(59.125,-44.025,1.5));
#10529=CARTESIAN_POINT('',(59.625,-44.025,0.));
#10530=CARTESIAN_POINT('Origin',(59.625,-31.025,0.));
#10531=CARTESIAN_POINT('',(59.625,-31.025,0.));
#10532=CARTESIAN_POINT('',(59.625,-31.025,0.));
#10533=CARTESIAN_POINT('',(59.625,-31.025,1.5));
#10534=CARTESIAN_POINT('',(59.625,-31.025,1.5));
#10535=CARTESIAN_POINT('',(59.625,-31.025,0.));
#10536=CARTESIAN_POINT('Origin',(59.125,-31.025,0.));
#10537=CARTESIAN_POINT('',(59.125,-30.525,0.));
#10538=CARTESIAN_POINT('Origin',(59.125,-31.025,0.));
#10539=CARTESIAN_POINT('',(59.125,-30.525,1.5));
#10540=CARTESIAN_POINT('Origin',(59.125,-31.025,1.5));
#10541=CARTESIAN_POINT('',(59.125,-30.525,0.));
#10542=CARTESIAN_POINT('Origin',(46.125,-30.525,0.));
#10543=CARTESIAN_POINT('',(46.125,-30.525,0.));
#10544=CARTESIAN_POINT('',(46.125,-30.525,0.));
#10545=CARTESIAN_POINT('',(46.125,-30.525,1.5));
#10546=CARTESIAN_POINT('',(46.125,-30.525,1.5));
#10547=CARTESIAN_POINT('',(46.125,-30.525,0.));
#10548=CARTESIAN_POINT('Origin',(46.125,-31.025,0.));
#10549=CARTESIAN_POINT('Origin',(46.125,-31.025,0.));
#10550=CARTESIAN_POINT('Origin',(46.125,-31.025,1.5));
#10551=CARTESIAN_POINT('Origin',(40.179,-111.939,0.));
#10552=CARTESIAN_POINT('',(40.179,-111.939,0.));
#10553=CARTESIAN_POINT('',(40.179,-114.233,0.));
#10554=CARTESIAN_POINT('',(40.179,-114.233,0.));
#10555=CARTESIAN_POINT('',(40.179,-114.233,1.5));
#10556=CARTESIAN_POINT('',(40.179,-114.233,0.));
#10557=CARTESIAN_POINT('',(40.179,-111.939,1.5));
#10558=CARTESIAN_POINT('',(40.179,-114.233,1.5));
#10559=CARTESIAN_POINT('',(40.179,-111.939,0.));
#10560=CARTESIAN_POINT('Origin',(39.679,-111.939,0.));
#10561=CARTESIAN_POINT('',(39.679,-111.439,0.));
#10562=CARTESIAN_POINT('Origin',(39.679,-111.939,0.));
#10563=CARTESIAN_POINT('',(39.679,-111.439,1.5));
#10564=CARTESIAN_POINT('Origin',(39.679,-111.939,1.5));
#10565=CARTESIAN_POINT('',(39.679,-111.439,0.));
#10566=CARTESIAN_POINT('Origin',(39.3154,-111.439,0.));
#10567=CARTESIAN_POINT('',(39.3154,-111.439,0.));
#10568=CARTESIAN_POINT('',(39.679,-111.439,0.));
#10569=CARTESIAN_POINT('',(39.3154,-111.439,1.5));
#10570=CARTESIAN_POINT('',(39.679,-111.439,1.5));
#10571=CARTESIAN_POINT('',(39.3154,-111.439,0.));
#10572=CARTESIAN_POINT('Origin',(39.3154,-108.5354,0.));
#10573=CARTESIAN_POINT('',(39.3154,-108.5354,0.));
#10574=CARTESIAN_POINT('',(39.3154,-111.439,0.));
#10575=CARTESIAN_POINT('',(39.3154,-108.5354,1.5));
#10576=CARTESIAN_POINT('',(39.3154,-111.439,1.5));
#10577=CARTESIAN_POINT('',(39.3154,-108.5354,0.));
#10578=CARTESIAN_POINT('Origin',(38.8154,-108.5354,0.));
#10579=CARTESIAN_POINT('',(38.8154,-108.0354,0.));
#10580=CARTESIAN_POINT('Origin',(38.8154,-108.5354,0.));
#10581=CARTESIAN_POINT('',(38.8154,-108.0354,1.5));
#10582=CARTESIAN_POINT('Origin',(38.8154,-108.5354,1.5));
#10583=CARTESIAN_POINT('',(38.8154,-108.0354,0.));
#10584=CARTESIAN_POINT('Origin',(33.1606,-108.0354,0.));
#10585=CARTESIAN_POINT('',(33.1606,-108.0354,0.));
#10586=CARTESIAN_POINT('',(38.8154,-108.0354,0.));
#10587=CARTESIAN_POINT('',(33.1606,-108.0354,1.5));
#10588=CARTESIAN_POINT('',(38.8154,-108.0354,1.5));
#10589=CARTESIAN_POINT('',(33.1606,-108.0354,0.));
#10590=CARTESIAN_POINT('Origin',(33.1606,-108.5354,0.));
#10591=CARTESIAN_POINT('',(32.6606,-108.5354,0.));
#10592=CARTESIAN_POINT('Origin',(33.1606,-108.5354,0.));
#10593=CARTESIAN_POINT('',(32.6606,-108.5354,1.5));
#10594=CARTESIAN_POINT('Origin',(33.1606,-108.5354,1.5));
#10595=CARTESIAN_POINT('',(32.6606,-108.5354,0.));
#10596=CARTESIAN_POINT('Origin',(32.6606,-108.8482,0.));
#10597=CARTESIAN_POINT('',(32.6606,-108.8482,0.));
#10598=CARTESIAN_POINT('',(32.6606,-108.5354,0.));
#10599=CARTESIAN_POINT('',(32.6606,-108.8482,1.5));
#10600=CARTESIAN_POINT('',(32.6606,-108.5354,1.5));
#10601=CARTESIAN_POINT('',(32.6606,-108.8482,0.));
#10602=CARTESIAN_POINT('Origin',(31.05,-108.8482,0.));
#10603=CARTESIAN_POINT('',(31.05,-108.8482,0.));
#10604=CARTESIAN_POINT('',(32.6606,-108.8482,0.));
#10605=CARTESIAN_POINT('',(31.05,-108.8482,1.5));
#10606=CARTESIAN_POINT('',(32.6606,-108.8482,1.5));
#10607=CARTESIAN_POINT('',(31.05,-108.8482,0.));
#10608=CARTESIAN_POINT('Origin',(31.05,-107.225,0.));
#10609=CARTESIAN_POINT('',(31.05,-107.225,0.));
#10610=CARTESIAN_POINT('',(31.05,-107.225,0.));
#10611=CARTESIAN_POINT('',(31.05,-107.225,1.5));
#10612=CARTESIAN_POINT('',(31.05,-107.225,1.5));
#10613=CARTESIAN_POINT('',(31.05,-107.225,0.));
#10614=CARTESIAN_POINT('Origin',(30.55,-107.225,0.));
#10615=CARTESIAN_POINT('',(30.55,-106.725,0.));
#10616=CARTESIAN_POINT('Origin',(30.55,-107.225,0.));
#10617=CARTESIAN_POINT('',(30.55,-106.725,1.5));
#10618=CARTESIAN_POINT('Origin',(30.55,-107.225,1.5));
#10619=CARTESIAN_POINT('',(30.55,-106.725,0.));
#10620=CARTESIAN_POINT('Origin',(17.55,-106.725,0.));
#10621=CARTESIAN_POINT('',(17.55,-106.725,0.));
#10622=CARTESIAN_POINT('',(17.55,-106.725,0.));
#10623=CARTESIAN_POINT('',(17.55,-106.725,1.5));
#10624=CARTESIAN_POINT('',(17.55,-106.725,1.5));
#10625=CARTESIAN_POINT('',(17.55,-106.725,0.));
#10626=CARTESIAN_POINT('Origin',(17.55,-107.225,0.));
#10627=CARTESIAN_POINT('',(17.05,-107.225,0.));
#10628=CARTESIAN_POINT('Origin',(17.55,-107.225,0.));
#10629=CARTESIAN_POINT('',(17.05,-107.225,1.5));
#10630=CARTESIAN_POINT('Origin',(17.55,-107.225,1.5));
#10631=CARTESIAN_POINT('',(17.05,-107.225,0.));
#10632=CARTESIAN_POINT('Origin',(17.05,-108.8482,0.));
#10633=CARTESIAN_POINT('',(17.05,-108.8482,0.));
#10634=CARTESIAN_POINT('',(17.05,-107.225,0.));
#10635=CARTESIAN_POINT('',(17.05,-108.8482,1.5));
#10636=CARTESIAN_POINT('',(17.05,-107.225,1.5));
#10637=CARTESIAN_POINT('',(17.05,-108.8482,0.));
#10638=CARTESIAN_POINT('Origin',(15.4394,-108.8482,0.));
#10639=CARTESIAN_POINT('',(15.4394,-108.8482,0.));
#10640=CARTESIAN_POINT('',(15.4394,-108.8482,0.));
#10641=CARTESIAN_POINT('',(15.4394,-108.8482,1.5));
#10642=CARTESIAN_POINT('',(15.4394,-108.8482,1.5));
#10643=CARTESIAN_POINT('',(15.4394,-108.8482,0.));
#10644=CARTESIAN_POINT('Origin',(15.4394,-108.5354,0.));
#10645=CARTESIAN_POINT('',(15.4394,-108.5354,0.));
#10646=CARTESIAN_POINT('',(15.4394,-108.5354,0.));
#10647=CARTESIAN_POINT('',(15.4394,-108.5354,1.5));
#10648=CARTESIAN_POINT('',(15.4394,-108.5354,1.5));
#10649=CARTESIAN_POINT('',(15.4394,-108.5354,0.));
#10650=CARTESIAN_POINT('Origin',(14.9394,-108.5354,0.));
#10651=CARTESIAN_POINT('',(14.9394,-108.0354,0.));
#10652=CARTESIAN_POINT('Origin',(14.9394,-108.5354,0.));
#10653=CARTESIAN_POINT('',(14.9394,-108.0354,1.5));
#10654=CARTESIAN_POINT('Origin',(14.9394,-108.5354,1.5));
#10655=CARTESIAN_POINT('',(14.9394,-108.0354,0.));
#10656=CARTESIAN_POINT('Origin',(9.2846,-108.0354,0.));
#10657=CARTESIAN_POINT('',(9.2846,-108.0354,0.));
#10658=CARTESIAN_POINT('',(9.2846,-108.0354,0.));
#10659=CARTESIAN_POINT('',(9.2846,-108.0354,1.5));
#10660=CARTESIAN_POINT('',(9.2846,-108.0354,1.5));
#10661=CARTESIAN_POINT('',(9.2846,-108.0354,0.));
#10662=CARTESIAN_POINT('Origin',(9.2846,-108.5354,0.));
#10663=CARTESIAN_POINT('',(8.78460000000001,-108.5354,0.));
#10664=CARTESIAN_POINT('Origin',(9.2846,-108.5354,0.));
#10665=CARTESIAN_POINT('',(8.78460000000001,-108.5354,1.5));
#10666=CARTESIAN_POINT('Origin',(9.2846,-108.5354,1.5));
#10667=CARTESIAN_POINT('',(8.78460000000001,-108.5354,0.));
#10668=CARTESIAN_POINT('Origin',(8.7846,-111.439,0.));
#10669=CARTESIAN_POINT('',(8.7846,-111.439,0.));
#10670=CARTESIAN_POINT('',(8.7846,-111.439,0.));
#10671=CARTESIAN_POINT('',(8.7846,-111.439,1.5));
#10672=CARTESIAN_POINT('',(8.7846,-111.439,1.5));
#10673=CARTESIAN_POINT('',(8.7846,-111.439,0.));
#10674=CARTESIAN_POINT('Origin',(8.421,-111.439,0.));
#10675=CARTESIAN_POINT('',(8.421,-111.439,0.));
#10676=CARTESIAN_POINT('',(8.421,-111.439,0.));
#10677=CARTESIAN_POINT('',(8.421,-111.439,1.5));
#10678=CARTESIAN_POINT('',(8.421,-111.439,1.5));
#10679=CARTESIAN_POINT('',(8.421,-111.439,0.));
#10680=CARTESIAN_POINT('Origin',(8.421,-111.939,0.));
#10681=CARTESIAN_POINT('',(7.92099999999999,-111.939,0.));
#10682=CARTESIAN_POINT('Origin',(8.421,-111.939,0.));
#10683=CARTESIAN_POINT('',(7.921,-111.939,1.5));
#10684=CARTESIAN_POINT('Origin',(8.421,-111.939,1.5));
#10685=CARTESIAN_POINT('',(7.92099999999999,-111.939,0.));
#10686=CARTESIAN_POINT('Origin',(7.921,-114.233,0.));
#10687=CARTESIAN_POINT('',(7.921,-114.233,0.));
#10688=CARTESIAN_POINT('',(7.921,-114.233,0.));
#10689=CARTESIAN_POINT('',(7.921,-114.233,1.5));
#10690=CARTESIAN_POINT('',(7.921,-114.233,1.5));
#10691=CARTESIAN_POINT('',(7.921,-114.233,0.));
#10692=CARTESIAN_POINT('Origin',(8.2846,-114.233,0.));
#10693=CARTESIAN_POINT('',(8.2846,-114.233,0.));
#10694=CARTESIAN_POINT('',(8.2846,-114.233,0.));
#10695=CARTESIAN_POINT('',(8.2846,-114.233,1.5));
#10696=CARTESIAN_POINT('',(8.2846,-114.233,1.5));
#10697=CARTESIAN_POINT('',(8.2846,-114.233,0.));
#10698=CARTESIAN_POINT('Origin',(8.2846,-114.733,0.));
#10699=CARTESIAN_POINT('',(8.7846,-114.733,0.));
#10700=CARTESIAN_POINT('Origin',(8.2846,-114.733,0.));
#10701=CARTESIAN_POINT('',(8.7846,-114.733,1.5));
#10702=CARTESIAN_POINT('Origin',(8.2846,-114.733,1.5));
#10703=CARTESIAN_POINT('',(8.7846,-114.733,0.));
#10704=CARTESIAN_POINT('Origin',(8.7846,-119.829,0.));
#10705=CARTESIAN_POINT('',(8.7846,-119.829,0.));
#10706=CARTESIAN_POINT('',(8.7846,-119.829,0.));
#10707=CARTESIAN_POINT('',(8.7846,-119.829,1.5));
#10708=CARTESIAN_POINT('',(8.7846,-119.829,1.5));
#10709=CARTESIAN_POINT('',(8.7846,-119.829,0.));
#10710=CARTESIAN_POINT('Origin',(9.2846,-119.829,0.));
#10711=CARTESIAN_POINT('',(9.2846,-120.329,0.));
#10712=CARTESIAN_POINT('Origin',(9.2846,-119.829,0.));
#10713=CARTESIAN_POINT('',(9.2846,-120.329,1.5));
#10714=CARTESIAN_POINT('Origin',(9.2846,-119.829,1.5));
#10715=CARTESIAN_POINT('',(9.2846,-120.329,0.));
#10716=CARTESIAN_POINT('Origin',(10.088,-120.329,0.));
#10717=CARTESIAN_POINT('',(10.088,-120.329,0.));
#10718=CARTESIAN_POINT('',(10.088,-120.329,0.));
#10719=CARTESIAN_POINT('',(10.088,-120.329,1.5));
#10720=CARTESIAN_POINT('',(10.088,-120.329,1.5));
#10721=CARTESIAN_POINT('',(10.088,-120.329,0.));
#10722=CARTESIAN_POINT('Origin',(10.088,-120.829,0.));
#10723=CARTESIAN_POINT('',(10.588,-120.829,0.));
#10724=CARTESIAN_POINT('Origin',(10.088,-120.829,0.));
#10725=CARTESIAN_POINT('',(10.588,-120.829,1.5));
#10726=CARTESIAN_POINT('Origin',(10.088,-120.829,1.5));
#10727=CARTESIAN_POINT('',(10.588,-120.829,0.));
#10728=CARTESIAN_POINT('Origin',(10.588,-120.9974,0.));
#10729=CARTESIAN_POINT('',(10.588,-120.9974,0.));
#10730=CARTESIAN_POINT('',(10.588,-120.9974,0.));
#10731=CARTESIAN_POINT('',(10.588,-120.9974,1.5));
#10732=CARTESIAN_POINT('',(10.588,-120.9974,1.5));
#10733=CARTESIAN_POINT('',(10.588,-120.9974,0.));
#10734=CARTESIAN_POINT('Origin',(11.088,-120.9974,0.));
#10735=CARTESIAN_POINT('',(11.088,-121.4974,0.));
#10736=CARTESIAN_POINT('Origin',(11.088,-120.9974,0.));
#10737=CARTESIAN_POINT('',(11.088,-121.4974,1.5));
#10738=CARTESIAN_POINT('Origin',(11.088,-120.9974,1.5));
#10739=CARTESIAN_POINT('',(11.088,-121.4974,0.));
#10740=CARTESIAN_POINT('Origin',(13.136,-121.4974,0.));
#10741=CARTESIAN_POINT('',(13.136,-121.4974,0.));
#10742=CARTESIAN_POINT('',(13.136,-121.4974,0.));
#10743=CARTESIAN_POINT('',(13.136,-121.4974,1.5));
#10744=CARTESIAN_POINT('',(13.136,-121.4974,1.5));
#10745=CARTESIAN_POINT('',(13.136,-121.4974,0.));
#10746=CARTESIAN_POINT('Origin',(13.136,-120.9974,0.));
#10747=CARTESIAN_POINT('',(13.636,-120.9974,0.));
#10748=CARTESIAN_POINT('Origin',(13.136,-120.9974,0.));
#10749=CARTESIAN_POINT('',(13.636,-120.9974,1.5));
#10750=CARTESIAN_POINT('Origin',(13.136,-120.9974,1.5));
#10751=CARTESIAN_POINT('',(13.636,-120.9974,0.));
#10752=CARTESIAN_POINT('Origin',(13.636,-120.829,0.));
#10753=CARTESIAN_POINT('',(13.636,-120.829,0.));
#10754=CARTESIAN_POINT('',(13.636,-120.829,0.));
#10755=CARTESIAN_POINT('',(13.636,-120.829,1.5));
#10756=CARTESIAN_POINT('',(13.636,-120.829,1.5));
#10757=CARTESIAN_POINT('',(13.636,-120.829,0.));
#10758=CARTESIAN_POINT('Origin',(14.136,-120.829,0.));
#10759=CARTESIAN_POINT('',(14.136,-120.329,0.));
#10760=CARTESIAN_POINT('Origin',(14.136,-120.829,0.));
#10761=CARTESIAN_POINT('',(14.136,-120.329,1.5));
#10762=CARTESIAN_POINT('Origin',(14.136,-120.829,1.5));
#10763=CARTESIAN_POINT('',(14.136,-120.329,0.));
#10764=CARTESIAN_POINT('Origin',(15.4394,-120.329,0.));
#10765=CARTESIAN_POINT('',(15.4394,-120.329,0.));
#10766=CARTESIAN_POINT('',(15.4394,-120.329,0.));
#10767=CARTESIAN_POINT('',(15.4394,-120.329,1.5));
#10768=CARTESIAN_POINT('',(15.4394,-120.329,1.5));
#10769=CARTESIAN_POINT('',(15.4394,-120.329,0.));
#10770=CARTESIAN_POINT('Origin',(15.4394,-120.0416,0.));
#10771=CARTESIAN_POINT('',(15.4394,-120.0416,0.));
#10772=CARTESIAN_POINT('',(15.4394,-120.0416,0.));
#10773=CARTESIAN_POINT('',(15.4394,-120.0416,1.5));
#10774=CARTESIAN_POINT('',(15.4394,-120.0416,1.5));
#10775=CARTESIAN_POINT('',(15.4394,-120.0416,0.));
#10776=CARTESIAN_POINT('Origin',(15.9394,-120.0416,0.));
#10777=CARTESIAN_POINT('',(15.9394,-119.5416,0.));
#10778=CARTESIAN_POINT('Origin',(15.9394,-120.0416,0.));
#10779=CARTESIAN_POINT('',(15.9394,-119.5416,1.5));
#10780=CARTESIAN_POINT('Origin',(15.9394,-120.0416,1.5));
#10781=CARTESIAN_POINT('',(15.9394,-119.5416,0.));
#10782=CARTESIAN_POINT('Origin',(17.05,-119.5416,0.));
#10783=CARTESIAN_POINT('',(17.05,-119.5416,0.));
#10784=CARTESIAN_POINT('',(24.05,-119.5416,0.));
#10785=CARTESIAN_POINT('',(17.05,-119.5416,1.5));
#10786=CARTESIAN_POINT('',(24.05,-119.5416,1.5));
#10787=CARTESIAN_POINT('',(17.05,-119.5416,0.));
#10788=CARTESIAN_POINT('Origin',(17.05,-120.225,0.));
#10789=CARTESIAN_POINT('',(17.05,-120.225,0.));
#10790=CARTESIAN_POINT('',(17.05,-107.225,0.));
#10791=CARTESIAN_POINT('',(17.05,-120.225,1.5));
#10792=CARTESIAN_POINT('',(17.05,-107.225,1.5));
#10793=CARTESIAN_POINT('',(17.05,-120.225,0.));
#10794=CARTESIAN_POINT('Origin',(17.55,-120.225,0.));
#10795=CARTESIAN_POINT('',(17.55,-120.725,0.));
#10796=CARTESIAN_POINT('Origin',(17.55,-120.225,0.));
#10797=CARTESIAN_POINT('',(17.55,-120.725,1.5));
#10798=CARTESIAN_POINT('Origin',(17.55,-120.225,1.5));
#10799=CARTESIAN_POINT('',(17.55,-120.725,0.));
#10800=CARTESIAN_POINT('Origin',(30.55,-120.725,0.));
#10801=CARTESIAN_POINT('',(30.55,-120.725,0.));
#10802=CARTESIAN_POINT('',(17.55,-120.725,0.));
#10803=CARTESIAN_POINT('',(30.55,-120.725,1.5));
#10804=CARTESIAN_POINT('',(17.55,-120.725,1.5));
#10805=CARTESIAN_POINT('',(30.55,-120.725,0.));
#10806=CARTESIAN_POINT('Origin',(30.55,-120.225,0.));
#10807=CARTESIAN_POINT('',(31.05,-120.225,0.));
#10808=CARTESIAN_POINT('Origin',(30.55,-120.225,0.));
#10809=CARTESIAN_POINT('',(31.05,-120.225,1.5));
#10810=CARTESIAN_POINT('Origin',(30.55,-120.225,1.5));
#10811=CARTESIAN_POINT('',(31.05,-120.225,0.));
#10812=CARTESIAN_POINT('Origin',(31.05,-119.5416,0.));
#10813=CARTESIAN_POINT('',(31.05,-119.5416,0.));
#10814=CARTESIAN_POINT('',(31.05,-107.225,0.));
#10815=CARTESIAN_POINT('',(31.05,-119.5416,1.5));
#10816=CARTESIAN_POINT('',(31.05,-107.225,1.5));
#10817=CARTESIAN_POINT('',(31.05,-119.5416,0.));
#10818=CARTESIAN_POINT('Origin',(32.1606,-119.5416,0.));
#10819=CARTESIAN_POINT('',(32.1606,-119.5416,0.));
#10820=CARTESIAN_POINT('',(24.05,-119.5416,0.));
#10821=CARTESIAN_POINT('',(32.1606,-119.5416,1.5));
#10822=CARTESIAN_POINT('',(24.05,-119.5416,1.5));
#10823=CARTESIAN_POINT('',(32.1606,-119.5416,0.));
#10824=CARTESIAN_POINT('Origin',(32.1606,-120.0416,0.));
#10825=CARTESIAN_POINT('',(32.6606,-120.0416,0.));
#10826=CARTESIAN_POINT('Origin',(32.1606,-120.0416,0.));
#10827=CARTESIAN_POINT('',(32.6606,-120.0416,1.5));
#10828=CARTESIAN_POINT('Origin',(32.1606,-120.0416,1.5));
#10829=CARTESIAN_POINT('',(32.6606,-120.0416,0.));
#10830=CARTESIAN_POINT('Origin',(32.6606,-120.329,0.));
#10831=CARTESIAN_POINT('',(32.6606,-120.329,0.));
#10832=CARTESIAN_POINT('',(32.6606,-120.0416,0.));
#10833=CARTESIAN_POINT('',(32.6606,-120.329,1.5));
#10834=CARTESIAN_POINT('',(32.6606,-120.0416,1.5));
#10835=CARTESIAN_POINT('',(32.6606,-120.329,0.));
#10836=CARTESIAN_POINT('Origin',(33.964,-120.329,0.));
#10837=CARTESIAN_POINT('',(33.964,-120.329,0.));
#10838=CARTESIAN_POINT('',(32.6606,-120.329,0.));
#10839=CARTESIAN_POINT('',(33.964,-120.329,1.5));
#10840=CARTESIAN_POINT('',(32.6606,-120.329,1.5));
#10841=CARTESIAN_POINT('',(33.964,-120.329,0.));
#10842=CARTESIAN_POINT('Origin',(33.964,-120.829,0.));
#10843=CARTESIAN_POINT('',(34.464,-120.829,0.));
#10844=CARTESIAN_POINT('Origin',(33.964,-120.829,0.));
#10845=CARTESIAN_POINT('',(34.464,-120.829,1.5));
#10846=CARTESIAN_POINT('Origin',(33.964,-120.829,1.5));
#10847=CARTESIAN_POINT('',(34.464,-120.829,0.));
#10848=CARTESIAN_POINT('Origin',(34.464,-120.9974,0.));
#10849=CARTESIAN_POINT('',(34.464,-120.9974,0.));
#10850=CARTESIAN_POINT('',(34.464,-120.829,0.));
#10851=CARTESIAN_POINT('',(34.464,-120.9974,1.5));
#10852=CARTESIAN_POINT('',(34.464,-120.829,1.5));
#10853=CARTESIAN_POINT('',(34.464,-120.9974,0.));
#10854=CARTESIAN_POINT('Origin',(34.964,-120.9974,0.));
#10855=CARTESIAN_POINT('',(34.964,-121.4974,0.));
#10856=CARTESIAN_POINT('Origin',(34.964,-120.9974,0.));
#10857=CARTESIAN_POINT('',(34.964,-121.4974,1.5));
#10858=CARTESIAN_POINT('Origin',(34.964,-120.9974,1.5));
#10859=CARTESIAN_POINT('',(34.964,-121.4974,0.));
#10860=CARTESIAN_POINT('Origin',(37.012,-121.4974,0.));
#10861=CARTESIAN_POINT('',(37.012,-121.4974,0.));
#10862=CARTESIAN_POINT('',(34.964,-121.4974,0.));
#10863=CARTESIAN_POINT('',(37.012,-121.4974,1.5));
#10864=CARTESIAN_POINT('',(34.964,-121.4974,1.5));
#10865=CARTESIAN_POINT('',(37.012,-121.4974,0.));
#10866=CARTESIAN_POINT('Origin',(37.012,-120.9974,0.));
#10867=CARTESIAN_POINT('',(37.512,-120.9974,0.));
#10868=CARTESIAN_POINT('Origin',(37.012,-120.9974,0.));
#10869=CARTESIAN_POINT('',(37.512,-120.9974,1.5));
#10870=CARTESIAN_POINT('Origin',(37.012,-120.9974,1.5));
#10871=CARTESIAN_POINT('',(37.512,-120.9974,0.));
#10872=CARTESIAN_POINT('Origin',(37.512,-120.829,0.));
#10873=CARTESIAN_POINT('',(37.512,-120.829,0.));
#10874=CARTESIAN_POINT('',(37.512,-120.9974,0.));
#10875=CARTESIAN_POINT('',(37.512,-120.829,1.5));
#10876=CARTESIAN_POINT('',(37.512,-120.9974,1.5));
#10877=CARTESIAN_POINT('',(37.512,-120.829,0.));
#10878=CARTESIAN_POINT('Origin',(38.012,-120.829,0.));
#10879=CARTESIAN_POINT('',(38.012,-120.329,0.));
#10880=CARTESIAN_POINT('Origin',(38.012,-120.829,0.));
#10881=CARTESIAN_POINT('',(38.012,-120.329,1.5));
#10882=CARTESIAN_POINT('Origin',(38.012,-120.829,1.5));
#10883=CARTESIAN_POINT('',(38.012,-120.329,0.));
#10884=CARTESIAN_POINT('Origin',(38.8154,-120.329,0.));
#10885=CARTESIAN_POINT('',(38.8154,-120.329,0.));
#10886=CARTESIAN_POINT('',(38.012,-120.329,0.));
#10887=CARTESIAN_POINT('',(38.8154,-120.329,1.5));
#10888=CARTESIAN_POINT('',(38.012,-120.329,1.5));
#10889=CARTESIAN_POINT('',(38.8154,-120.329,0.));
#10890=CARTESIAN_POINT('Origin',(38.8154,-119.829,0.));
#10891=CARTESIAN_POINT('',(39.3154,-119.829,0.));
#10892=CARTESIAN_POINT('Origin',(38.8154,-119.829,0.));
#10893=CARTESIAN_POINT('',(39.3154,-119.829,1.5));
#10894=CARTESIAN_POINT('Origin',(38.8154,-119.829,1.5));
#10895=CARTESIAN_POINT('',(39.3154,-119.829,0.));
#10896=CARTESIAN_POINT('Origin',(39.3154,-114.733,0.));
#10897=CARTESIAN_POINT('',(39.3154,-114.733,0.));
#10898=CARTESIAN_POINT('',(39.3154,-119.829,0.));
#10899=CARTESIAN_POINT('',(39.3154,-114.733,1.5));
#10900=CARTESIAN_POINT('',(39.3154,-119.829,1.5));
#10901=CARTESIAN_POINT('',(39.3154,-114.733,0.));
#10902=CARTESIAN_POINT('Origin',(39.8154,-114.733,0.));
#10903=CARTESIAN_POINT('',(39.8154,-114.233,0.));
#10904=CARTESIAN_POINT('Origin',(39.8154,-114.733,0.));
#10905=CARTESIAN_POINT('',(39.8154,-114.233,1.5));
#10906=CARTESIAN_POINT('Origin',(39.8154,-114.733,1.5));
#10907=CARTESIAN_POINT('',(39.8154,-114.233,0.));
#10908=CARTESIAN_POINT('Origin',(40.179,-114.233,0.));
#10909=CARTESIAN_POINT('',(39.8154,-114.233,0.));
#10910=CARTESIAN_POINT('',(39.8154,-114.233,1.5));
#10911=CARTESIAN_POINT('Origin',(26.575,-63.075,0.));
#10912=CARTESIAN_POINT('',(26.575,-63.075,0.));
#10913=CARTESIAN_POINT('',(26.575,-50.075,0.));
#10914=CARTESIAN_POINT('',(26.575,-50.075,0.));
#10915=CARTESIAN_POINT('',(26.575,-50.075,1.5));
#10916=CARTESIAN_POINT('',(26.575,-50.075,0.));
#10917=CARTESIAN_POINT('',(26.575,-63.075,1.5));
#10918=CARTESIAN_POINT('',(26.575,-50.075,1.5));
#10919=CARTESIAN_POINT('',(26.575,-63.075,0.));
#10920=CARTESIAN_POINT('Origin',(27.075,-63.075,0.));
#10921=CARTESIAN_POINT('',(27.075,-63.575,0.));
#10922=CARTESIAN_POINT('Origin',(27.075,-63.075,0.));
#10923=CARTESIAN_POINT('',(27.075,-63.575,1.5));
#10924=CARTESIAN_POINT('Origin',(27.075,-63.075,1.5));
#10925=CARTESIAN_POINT('',(27.075,-63.575,0.));
#10926=CARTESIAN_POINT('Origin',(40.075,-63.575,0.));
#10927=CARTESIAN_POINT('',(40.075,-63.575,0.));
#10928=CARTESIAN_POINT('',(27.075,-63.575,0.));
#10929=CARTESIAN_POINT('',(40.075,-63.575,1.5));
#10930=CARTESIAN_POINT('',(27.075,-63.575,1.5));
#10931=CARTESIAN_POINT('',(40.075,-63.575,0.));
#10932=CARTESIAN_POINT('Origin',(40.075,-63.075,0.));
#10933=CARTESIAN_POINT('',(40.575,-63.075,0.));
#10934=CARTESIAN_POINT('Origin',(40.075,-63.075,0.));
#10935=CARTESIAN_POINT('',(40.575,-63.075,1.5));
#10936=CARTESIAN_POINT('Origin',(40.075,-63.075,1.5));
#10937=CARTESIAN_POINT('',(40.575,-63.075,0.));
#10938=CARTESIAN_POINT('Origin',(40.575,-50.075,0.));
#10939=CARTESIAN_POINT('',(40.575,-50.075,0.));
#10940=CARTESIAN_POINT('',(40.575,-50.075,0.));
#10941=CARTESIAN_POINT('',(40.575,-50.075,1.5));
#10942=CARTESIAN_POINT('',(40.575,-50.075,1.5));
#10943=CARTESIAN_POINT('',(40.575,-50.075,0.));
#10944=CARTESIAN_POINT('Origin',(40.075,-50.075,0.));
#10945=CARTESIAN_POINT('',(40.075,-49.575,0.));
#10946=CARTESIAN_POINT('Origin',(40.075,-50.075,0.));
#10947=CARTESIAN_POINT('',(40.075,-49.575,1.5));
#10948=CARTESIAN_POINT('Origin',(40.075,-50.075,1.5));
#10949=CARTESIAN_POINT('',(40.075,-49.575,0.));
#10950=CARTESIAN_POINT('Origin',(27.075,-49.575,0.));
#10951=CARTESIAN_POINT('',(27.075,-49.575,0.));
#10952=CARTESIAN_POINT('',(27.075,-49.575,0.));
#10953=CARTESIAN_POINT('',(27.075,-49.575,1.5));
#10954=CARTESIAN_POINT('',(27.075,-49.575,1.5));
#10955=CARTESIAN_POINT('',(27.075,-49.575,0.));
#10956=CARTESIAN_POINT('Origin',(27.075,-50.075,0.));
#10957=CARTESIAN_POINT('Origin',(27.075,-50.075,0.));
#10958=CARTESIAN_POINT('Origin',(27.075,-50.075,1.5));
#10959=CARTESIAN_POINT('Origin',(7.525,-63.075,0.));
#10960=CARTESIAN_POINT('',(7.525,-63.075,0.));
#10961=CARTESIAN_POINT('',(7.525,-50.075,0.));
#10962=CARTESIAN_POINT('',(7.525,-50.075,0.));
#10963=CARTESIAN_POINT('',(7.525,-50.075,1.5));
#10964=CARTESIAN_POINT('',(7.525,-50.075,0.));
#10965=CARTESIAN_POINT('',(7.525,-63.075,1.5));
#10966=CARTESIAN_POINT('',(7.525,-50.075,1.5));
#10967=CARTESIAN_POINT('',(7.525,-63.075,0.));
#10968=CARTESIAN_POINT('Origin',(8.025,-63.075,0.));
#10969=CARTESIAN_POINT('',(8.025,-63.575,0.));
#10970=CARTESIAN_POINT('Origin',(8.025,-63.075,0.));
#10971=CARTESIAN_POINT('',(8.025,-63.575,1.5));
#10972=CARTESIAN_POINT('Origin',(8.025,-63.075,1.5));
#10973=CARTESIAN_POINT('',(8.025,-63.575,0.));
#10974=CARTESIAN_POINT('Origin',(21.025,-63.575,0.));
#10975=CARTESIAN_POINT('',(21.025,-63.575,0.));
#10976=CARTESIAN_POINT('',(8.025,-63.575,0.));
#10977=CARTESIAN_POINT('',(21.025,-63.575,1.5));
#10978=CARTESIAN_POINT('',(8.025,-63.575,1.5));
#10979=CARTESIAN_POINT('',(21.025,-63.575,0.));
#10980=CARTESIAN_POINT('Origin',(21.025,-63.075,0.));
#10981=CARTESIAN_POINT('',(21.525,-63.075,0.));
#10982=CARTESIAN_POINT('Origin',(21.025,-63.075,0.));
#10983=CARTESIAN_POINT('',(21.525,-63.075,1.5));
#10984=CARTESIAN_POINT('Origin',(21.025,-63.075,1.5));
#10985=CARTESIAN_POINT('',(21.525,-63.075,0.));
#10986=CARTESIAN_POINT('Origin',(21.525,-50.075,0.));
#10987=CARTESIAN_POINT('',(21.525,-50.075,0.));
#10988=CARTESIAN_POINT('',(21.525,-50.075,0.));
#10989=CARTESIAN_POINT('',(21.525,-50.075,1.5));
#10990=CARTESIAN_POINT('',(21.525,-50.075,1.5));
#10991=CARTESIAN_POINT('',(21.525,-50.075,0.));
#10992=CARTESIAN_POINT('Origin',(21.025,-50.075,0.));
#10993=CARTESIAN_POINT('',(21.025,-49.575,0.));
#10994=CARTESIAN_POINT('Origin',(21.025,-50.075,0.));
#10995=CARTESIAN_POINT('',(21.025,-49.575,1.5));
#10996=CARTESIAN_POINT('Origin',(21.025,-50.075,1.5));
#10997=CARTESIAN_POINT('',(21.025,-49.575,0.));
#10998=CARTESIAN_POINT('Origin',(8.025,-49.575,0.));
#10999=CARTESIAN_POINT('',(8.025,-49.575,0.));
#11000=CARTESIAN_POINT('',(8.025,-49.575,0.));
#11001=CARTESIAN_POINT('',(8.025,-49.575,1.5));
#11002=CARTESIAN_POINT('',(8.025,-49.575,1.5));
#11003=CARTESIAN_POINT('',(8.025,-49.575,0.));
#11004=CARTESIAN_POINT('Origin',(8.025,-50.075,0.));
#11005=CARTESIAN_POINT('Origin',(8.025,-50.075,0.));
#11006=CARTESIAN_POINT('Origin',(8.025,-50.075,1.5));
#11007=CARTESIAN_POINT('Origin',(73.461,-82.229,0.));
#11008=CARTESIAN_POINT('',(73.461,-82.229,0.));
#11009=CARTESIAN_POINT('',(71.167,-82.229,0.));
#11010=CARTESIAN_POINT('',(71.167,-82.229,0.));
#11011=CARTESIAN_POINT('',(71.167,-82.229,1.5));
#11012=CARTESIAN_POINT('',(71.167,-82.229,0.));
#11013=CARTESIAN_POINT('',(73.461,-82.229,1.5));
#11014=CARTESIAN_POINT('',(71.167,-82.229,1.5));
#11015=CARTESIAN_POINT('',(73.461,-82.229,0.));
#11016=CARTESIAN_POINT('Origin',(73.461,-81.729,0.));
#11017=CARTESIAN_POINT('',(73.961,-81.729,0.));
#11018=CARTESIAN_POINT('Origin',(73.461,-81.729,0.));
#11019=CARTESIAN_POINT('',(73.961,-81.729,1.5));
#11020=CARTESIAN_POINT('Origin',(73.461,-81.729,1.5));
#11021=CARTESIAN_POINT('',(73.961,-81.729,0.));
#11022=CARTESIAN_POINT('Origin',(73.961,-81.3654,0.));
#11023=CARTESIAN_POINT('',(73.961,-81.3654,0.));
#11024=CARTESIAN_POINT('',(73.961,-81.729,0.));
#11025=CARTESIAN_POINT('',(73.961,-81.3654,1.5));
#11026=CARTESIAN_POINT('',(73.961,-81.729,1.5));
#11027=CARTESIAN_POINT('',(73.961,-81.3654,0.));
#11028=CARTESIAN_POINT('Origin',(76.8646,-81.3654,0.));
#11029=CARTESIAN_POINT('',(76.8646,-81.3654,0.));
#11030=CARTESIAN_POINT('',(73.961,-81.3654,0.));
#11031=CARTESIAN_POINT('',(76.8646,-81.3654,1.5));
#11032=CARTESIAN_POINT('',(73.961,-81.3654,1.5));
#11033=CARTESIAN_POINT('',(76.8646,-81.3654,0.));
#11034=CARTESIAN_POINT('Origin',(76.8646,-80.8654,0.));
#11035=CARTESIAN_POINT('',(77.3646,-80.8654,0.));
#11036=CARTESIAN_POINT('Origin',(76.8646,-80.8654,0.));
#11037=CARTESIAN_POINT('',(77.3646,-80.8654,1.5));
#11038=CARTESIAN_POINT('Origin',(76.8646,-80.8654,1.5));
#11039=CARTESIAN_POINT('',(77.3646,-80.8654,0.));
#11040=CARTESIAN_POINT('Origin',(77.3646,-75.2106,0.));
#11041=CARTESIAN_POINT('',(77.3646,-75.2106,0.));
#11042=CARTESIAN_POINT('',(77.3646,-80.8654,0.));
#11043=CARTESIAN_POINT('',(77.3646,-75.2106,1.5));
#11044=CARTESIAN_POINT('',(77.3646,-80.8654,1.5));
#11045=CARTESIAN_POINT('',(77.3646,-75.2106,0.));
#11046=CARTESIAN_POINT('Origin',(76.8646,-75.2106,0.));
#11047=CARTESIAN_POINT('',(76.8646,-74.7106,0.));
#11048=CARTESIAN_POINT('Origin',(76.8646,-75.2106,0.));
#11049=CARTESIAN_POINT('',(76.8646,-74.7106,1.5));
#11050=CARTESIAN_POINT('Origin',(76.8646,-75.2106,1.5));
#11051=CARTESIAN_POINT('',(76.8646,-74.7106,0.));
#11052=CARTESIAN_POINT('Origin',(76.5518,-74.7106,0.));
#11053=CARTESIAN_POINT('',(76.5518,-74.7106,0.));
#11054=CARTESIAN_POINT('',(76.8646,-74.7106,0.));
#11055=CARTESIAN_POINT('',(76.5518,-74.7106,1.5));
#11056=CARTESIAN_POINT('',(76.8646,-74.7106,1.5));
#11057=CARTESIAN_POINT('',(76.5518,-74.7106,0.));
#11058=CARTESIAN_POINT('Origin',(76.5518,-73.1,0.));
#11059=CARTESIAN_POINT('',(76.5518,-73.1,0.));
#11060=CARTESIAN_POINT('',(76.5518,-74.7106,0.));
#11061=CARTESIAN_POINT('',(76.5518,-73.1,1.5));
#11062=CARTESIAN_POINT('',(76.5518,-74.7106,1.5));
#11063=CARTESIAN_POINT('',(76.5518,-73.1,0.));
#11064=CARTESIAN_POINT('Origin',(78.175,-73.1,0.));
#11065=CARTESIAN_POINT('',(78.175,-73.1,0.));
#11066=CARTESIAN_POINT('',(78.175,-73.1,0.));
#11067=CARTESIAN_POINT('',(78.175,-73.1,1.5));
#11068=CARTESIAN_POINT('',(78.175,-73.1,1.5));
#11069=CARTESIAN_POINT('',(78.175,-73.1,0.));
#11070=CARTESIAN_POINT('Origin',(78.175,-72.6,0.));
#11071=CARTESIAN_POINT('',(78.675,-72.6,0.));
#11072=CARTESIAN_POINT('Origin',(78.175,-72.6,0.));
#11073=CARTESIAN_POINT('',(78.675,-72.6,1.5));
#11074=CARTESIAN_POINT('Origin',(78.175,-72.6,1.5));
#11075=CARTESIAN_POINT('',(78.675,-72.6,0.));
#11076=CARTESIAN_POINT('Origin',(78.675,-59.6,0.));
#11077=CARTESIAN_POINT('',(78.675,-59.6,0.));
#11078=CARTESIAN_POINT('',(78.675,-59.6,0.));
#11079=CARTESIAN_POINT('',(78.675,-59.6,1.5));
#11080=CARTESIAN_POINT('',(78.675,-59.6,1.5));
#11081=CARTESIAN_POINT('',(78.675,-59.6,0.));
#11082=CARTESIAN_POINT('Origin',(78.175,-59.6,0.));
#11083=CARTESIAN_POINT('',(78.175,-59.1,0.));
#11084=CARTESIAN_POINT('Origin',(78.175,-59.6,0.));
#11085=CARTESIAN_POINT('',(78.175,-59.1,1.5));
#11086=CARTESIAN_POINT('Origin',(78.175,-59.6,1.5));
#11087=CARTESIAN_POINT('',(78.175,-59.1,0.));
#11088=CARTESIAN_POINT('Origin',(76.5518,-59.1,0.));
#11089=CARTESIAN_POINT('',(76.5518,-59.1,0.));
#11090=CARTESIAN_POINT('',(78.175,-59.1,0.));
#11091=CARTESIAN_POINT('',(76.5518,-59.1,1.5));
#11092=CARTESIAN_POINT('',(78.175,-59.1,1.5));
#11093=CARTESIAN_POINT('',(76.5518,-59.1,0.));
#11094=CARTESIAN_POINT('Origin',(76.5518,-57.4894,0.));
#11095=CARTESIAN_POINT('',(76.5518,-57.4894,0.));
#11096=CARTESIAN_POINT('',(76.5518,-57.4894,0.));
#11097=CARTESIAN_POINT('',(76.5518,-57.4894,1.5));
#11098=CARTESIAN_POINT('',(76.5518,-57.4894,1.5));
#11099=CARTESIAN_POINT('',(76.5518,-57.4894,0.));
#11100=CARTESIAN_POINT('Origin',(76.8646,-57.4894,0.));
#11101=CARTESIAN_POINT('',(76.8646,-57.4894,0.));
#11102=CARTESIAN_POINT('',(76.8646,-57.4894,0.));
#11103=CARTESIAN_POINT('',(76.8646,-57.4894,1.5));
#11104=CARTESIAN_POINT('',(76.8646,-57.4894,1.5));
#11105=CARTESIAN_POINT('',(76.8646,-57.4894,0.));
#11106=CARTESIAN_POINT('Origin',(76.8646,-56.9894,0.));
#11107=CARTESIAN_POINT('',(77.3646,-56.9894,0.));
#11108=CARTESIAN_POINT('Origin',(76.8646,-56.9894,0.));
#11109=CARTESIAN_POINT('',(77.3646,-56.9894,1.5));
#11110=CARTESIAN_POINT('Origin',(76.8646,-56.9894,1.5));
#11111=CARTESIAN_POINT('',(77.3646,-56.9894,0.));
#11112=CARTESIAN_POINT('Origin',(77.3646,-51.3346,0.));
#11113=CARTESIAN_POINT('',(77.3646,-51.3346,0.));
#11114=CARTESIAN_POINT('',(77.3646,-51.3346,0.));
#11115=CARTESIAN_POINT('',(77.3646,-51.3346,1.5));
#11116=CARTESIAN_POINT('',(77.3646,-51.3346,1.5));
#11117=CARTESIAN_POINT('',(77.3646,-51.3346,0.));
#11118=CARTESIAN_POINT('Origin',(76.8646,-51.3346,0.));
#11119=CARTESIAN_POINT('',(76.8646,-50.8346,0.));
#11120=CARTESIAN_POINT('Origin',(76.8646,-51.3346,0.));
#11121=CARTESIAN_POINT('',(76.8646,-50.8346,1.5));
#11122=CARTESIAN_POINT('Origin',(76.8646,-51.3346,1.5));
#11123=CARTESIAN_POINT('',(76.8646,-50.8346,0.));
#11124=CARTESIAN_POINT('Origin',(73.961,-50.8346,0.));
#11125=CARTESIAN_POINT('',(73.961,-50.8346,0.));
#11126=CARTESIAN_POINT('',(73.961,-50.8346,0.));
#11127=CARTESIAN_POINT('',(73.961,-50.8346,1.5));
#11128=CARTESIAN_POINT('',(73.961,-50.8346,1.5));
#11129=CARTESIAN_POINT('',(73.961,-50.8346,0.));
#11130=CARTESIAN_POINT('Origin',(73.961,-50.471,0.));
#11131=CARTESIAN_POINT('',(73.961,-50.471,0.));
#11132=CARTESIAN_POINT('',(73.961,-50.471,0.));
#11133=CARTESIAN_POINT('',(73.961,-50.471,1.5));
#11134=CARTESIAN_POINT('',(73.961,-50.471,1.5));
#11135=CARTESIAN_POINT('',(73.961,-50.471,0.));
#11136=CARTESIAN_POINT('Origin',(73.461,-50.471,0.));
#11137=CARTESIAN_POINT('',(73.461,-49.971,0.));
#11138=CARTESIAN_POINT('Origin',(73.461,-50.471,0.));
#11139=CARTESIAN_POINT('',(73.461,-49.971,1.5));
#11140=CARTESIAN_POINT('Origin',(73.461,-50.471,1.5));
#11141=CARTESIAN_POINT('',(73.461,-49.971,0.));
#11142=CARTESIAN_POINT('Origin',(71.167,-49.971,0.));
#11143=CARTESIAN_POINT('',(71.167,-49.971,0.));
#11144=CARTESIAN_POINT('',(71.167,-49.971,0.));
#11145=CARTESIAN_POINT('',(71.167,-49.971,1.5));
#11146=CARTESIAN_POINT('',(71.167,-49.971,1.5));
#11147=CARTESIAN_POINT('',(71.167,-49.971,0.));
#11148=CARTESIAN_POINT('Origin',(71.167,-50.3346,0.));
#11149=CARTESIAN_POINT('',(71.167,-50.3346,0.));
#11150=CARTESIAN_POINT('',(71.167,-50.3346,0.));
#11151=CARTESIAN_POINT('',(71.167,-50.3346,1.5));
#11152=CARTESIAN_POINT('',(71.167,-50.3346,1.5));
#11153=CARTESIAN_POINT('',(71.167,-50.3346,0.));
#11154=CARTESIAN_POINT('Origin',(70.667,-50.3346,0.));
#11155=CARTESIAN_POINT('',(70.667,-50.8346,0.));
#11156=CARTESIAN_POINT('Origin',(70.667,-50.3346,0.));
#11157=CARTESIAN_POINT('',(70.667,-50.8346,1.5));
#11158=CARTESIAN_POINT('Origin',(70.667,-50.3346,1.5));
#11159=CARTESIAN_POINT('',(70.667,-50.8346,0.));
#11160=CARTESIAN_POINT('Origin',(65.571,-50.8346,0.));
#11161=CARTESIAN_POINT('',(65.571,-50.8346,0.));
#11162=CARTESIAN_POINT('',(65.571,-50.8346,0.));
#11163=CARTESIAN_POINT('',(65.571,-50.8346,1.5));
#11164=CARTESIAN_POINT('',(65.571,-50.8346,1.5));
#11165=CARTESIAN_POINT('',(65.571,-50.8346,0.));
#11166=CARTESIAN_POINT('Origin',(65.571,-51.3346,0.));
#11167=CARTESIAN_POINT('',(65.071,-51.3346,0.));
#11168=CARTESIAN_POINT('Origin',(65.571,-51.3346,0.));
#11169=CARTESIAN_POINT('',(65.071,-51.3346,1.5));
#11170=CARTESIAN_POINT('Origin',(65.571,-51.3346,1.5));
#11171=CARTESIAN_POINT('',(65.071,-51.3346,0.));
#11172=CARTESIAN_POINT('Origin',(65.071,-52.138,0.));
#11173=CARTESIAN_POINT('',(65.071,-52.138,0.));
#11174=CARTESIAN_POINT('',(65.071,-52.138,0.));
#11175=CARTESIAN_POINT('',(65.071,-52.138,1.5));
#11176=CARTESIAN_POINT('',(65.071,-52.138,1.5));
#11177=CARTESIAN_POINT('',(65.071,-52.138,0.));
#11178=CARTESIAN_POINT('Origin',(64.571,-52.138,0.));
#11179=CARTESIAN_POINT('',(64.571,-52.638,0.));
#11180=CARTESIAN_POINT('Origin',(64.571,-52.138,0.));
#11181=CARTESIAN_POINT('',(64.571,-52.638,1.5));
#11182=CARTESIAN_POINT('Origin',(64.571,-52.138,1.5));
#11183=CARTESIAN_POINT('',(64.571,-52.638,0.));
#11184=CARTESIAN_POINT('Origin',(64.4026,-52.638,0.));
#11185=CARTESIAN_POINT('',(64.4026,-52.638,0.));
#11186=CARTESIAN_POINT('',(64.4026,-52.638,0.));
#11187=CARTESIAN_POINT('',(64.4026,-52.638,1.5));
#11188=CARTESIAN_POINT('',(64.4026,-52.638,1.5));
#11189=CARTESIAN_POINT('',(64.4026,-52.638,0.));
#11190=CARTESIAN_POINT('Origin',(64.4026,-53.138,0.));
#11191=CARTESIAN_POINT('',(63.9026,-53.138,0.));
#11192=CARTESIAN_POINT('Origin',(64.4026,-53.138,0.));
#11193=CARTESIAN_POINT('',(63.9026,-53.138,1.5));
#11194=CARTESIAN_POINT('Origin',(64.4026,-53.138,1.5));
#11195=CARTESIAN_POINT('',(63.9026,-53.138,0.));
#11196=CARTESIAN_POINT('Origin',(63.9026,-55.186,0.));
#11197=CARTESIAN_POINT('',(63.9026,-55.186,0.));
#11198=CARTESIAN_POINT('',(63.9026,-55.186,0.));
#11199=CARTESIAN_POINT('',(63.9026,-55.186,1.5));
#11200=CARTESIAN_POINT('',(63.9026,-55.186,1.5));
#11201=CARTESIAN_POINT('',(63.9026,-55.186,0.));
#11202=CARTESIAN_POINT('Origin',(64.4026,-55.186,0.));
#11203=CARTESIAN_POINT('',(64.4026,-55.686,0.));
#11204=CARTESIAN_POINT('Origin',(64.4026,-55.186,0.));
#11205=CARTESIAN_POINT('',(64.4026,-55.686,1.5));
#11206=CARTESIAN_POINT('Origin',(64.4026,-55.186,1.5));
#11207=CARTESIAN_POINT('',(64.4026,-55.686,0.));
#11208=CARTESIAN_POINT('Origin',(64.571,-55.686,0.));
#11209=CARTESIAN_POINT('',(64.571,-55.686,0.));
#11210=CARTESIAN_POINT('',(64.571,-55.686,0.));
#11211=CARTESIAN_POINT('',(64.571,-55.686,1.5));
#11212=CARTESIAN_POINT('',(64.571,-55.686,1.5));
#11213=CARTESIAN_POINT('',(64.571,-55.686,0.));
#11214=CARTESIAN_POINT('Origin',(64.571,-56.186,0.));
#11215=CARTESIAN_POINT('',(65.071,-56.186,0.));
#11216=CARTESIAN_POINT('Origin',(64.571,-56.186,0.));
#11217=CARTESIAN_POINT('',(65.071,-56.186,1.5));
#11218=CARTESIAN_POINT('Origin',(64.571,-56.186,1.5));
#11219=CARTESIAN_POINT('',(65.071,-56.186,0.));
#11220=CARTESIAN_POINT('Origin',(65.071,-57.4894,0.));
#11221=CARTESIAN_POINT('',(65.071,-57.4894,0.));
#11222=CARTESIAN_POINT('',(65.071,-57.4894,0.));
#11223=CARTESIAN_POINT('',(65.071,-57.4894,1.5));
#11224=CARTESIAN_POINT('',(65.071,-57.4894,1.5));
#11225=CARTESIAN_POINT('',(65.071,-57.4894,0.));
#11226=CARTESIAN_POINT('Origin',(65.3584,-57.4894,0.));
#11227=CARTESIAN_POINT('',(65.3584,-57.4894,0.));
#11228=CARTESIAN_POINT('',(65.3584,-57.4894,0.));
#11229=CARTESIAN_POINT('',(65.3584,-57.4894,1.5));
#11230=CARTESIAN_POINT('',(65.3584,-57.4894,1.5));
#11231=CARTESIAN_POINT('',(65.3584,-57.4894,0.));
#11232=CARTESIAN_POINT('Origin',(65.3584,-57.9894,0.));
#11233=CARTESIAN_POINT('',(65.8584,-57.9894,0.));
#11234=CARTESIAN_POINT('Origin',(65.3584,-57.9894,0.));
#11235=CARTESIAN_POINT('',(65.8584,-57.9894,1.5));
#11236=CARTESIAN_POINT('Origin',(65.3584,-57.9894,1.5));
#11237=CARTESIAN_POINT('',(65.8584,-57.9894,0.));
#11238=CARTESIAN_POINT('Origin',(65.8584,-59.1,0.));
#11239=CARTESIAN_POINT('',(65.8584,-59.1,0.));
#11240=CARTESIAN_POINT('',(65.8584,-66.1,0.));
#11241=CARTESIAN_POINT('',(65.8584,-59.1,1.5));
#11242=CARTESIAN_POINT('',(65.8584,-66.1,1.5));
#11243=CARTESIAN_POINT('',(65.8584,-59.1,0.));
#11244=CARTESIAN_POINT('Origin',(65.175,-59.1,0.));
#11245=CARTESIAN_POINT('',(65.175,-59.1,0.));
#11246=CARTESIAN_POINT('',(78.175,-59.1,0.));
#11247=CARTESIAN_POINT('',(65.175,-59.1,1.5));
#11248=CARTESIAN_POINT('',(78.175,-59.1,1.5));
#11249=CARTESIAN_POINT('',(65.175,-59.1,0.));
#11250=CARTESIAN_POINT('Origin',(65.175,-59.6,0.));
#11251=CARTESIAN_POINT('',(64.675,-59.6,0.));
#11252=CARTESIAN_POINT('Origin',(65.175,-59.6,0.));
#11253=CARTESIAN_POINT('',(64.675,-59.6,1.5));
#11254=CARTESIAN_POINT('Origin',(65.175,-59.6,1.5));
#11255=CARTESIAN_POINT('',(64.675,-59.6,0.));
#11256=CARTESIAN_POINT('Origin',(64.675,-72.6,0.));
#11257=CARTESIAN_POINT('',(64.675,-72.6,0.));
#11258=CARTESIAN_POINT('',(64.675,-59.6,0.));
#11259=CARTESIAN_POINT('',(64.675,-72.6,1.5));
#11260=CARTESIAN_POINT('',(64.675,-59.6,1.5));
#11261=CARTESIAN_POINT('',(64.675,-72.6,0.));
#11262=CARTESIAN_POINT('Origin',(65.175,-72.6,0.));
#11263=CARTESIAN_POINT('',(65.175,-73.1,0.));
#11264=CARTESIAN_POINT('Origin',(65.175,-72.6,0.));
#11265=CARTESIAN_POINT('',(65.175,-73.1,1.5));
#11266=CARTESIAN_POINT('Origin',(65.175,-72.6,1.5));
#11267=CARTESIAN_POINT('',(65.175,-73.1,0.));
#11268=CARTESIAN_POINT('Origin',(65.8584,-73.1,0.));
#11269=CARTESIAN_POINT('',(65.8584,-73.1,0.));
#11270=CARTESIAN_POINT('',(78.175,-73.1,0.));
#11271=CARTESIAN_POINT('',(65.8584,-73.1,1.5));
#11272=CARTESIAN_POINT('',(78.175,-73.1,1.5));
#11273=CARTESIAN_POINT('',(65.8584,-73.1,0.));
#11274=CARTESIAN_POINT('Origin',(65.8584,-74.2106,0.));
#11275=CARTESIAN_POINT('',(65.8584,-74.2106,0.));
#11276=CARTESIAN_POINT('',(65.8584,-66.1,0.));
#11277=CARTESIAN_POINT('',(65.8584,-74.2106,1.5));
#11278=CARTESIAN_POINT('',(65.8584,-66.1,1.5));
#11279=CARTESIAN_POINT('',(65.8584,-74.2106,0.));
#11280=CARTESIAN_POINT('Origin',(65.3584,-74.2106,0.));
#11281=CARTESIAN_POINT('',(65.3584,-74.7106,0.));
#11282=CARTESIAN_POINT('Origin',(65.3584,-74.2106,0.));
#11283=CARTESIAN_POINT('',(65.3584,-74.7106,1.5));
#11284=CARTESIAN_POINT('Origin',(65.3584,-74.2106,1.5));
#11285=CARTESIAN_POINT('',(65.3584,-74.7106,0.));
#11286=CARTESIAN_POINT('Origin',(65.071,-74.7106,0.));
#11287=CARTESIAN_POINT('',(65.071,-74.7106,0.));
#11288=CARTESIAN_POINT('',(65.3584,-74.7106,0.));
#11289=CARTESIAN_POINT('',(65.071,-74.7106,1.5));
#11290=CARTESIAN_POINT('',(65.3584,-74.7106,1.5));
#11291=CARTESIAN_POINT('',(65.071,-74.7106,0.));
#11292=CARTESIAN_POINT('Origin',(65.071,-76.014,0.));
#11293=CARTESIAN_POINT('',(65.071,-76.014,0.));
#11294=CARTESIAN_POINT('',(65.071,-74.7106,0.));
#11295=CARTESIAN_POINT('',(65.071,-76.014,1.5));
#11296=CARTESIAN_POINT('',(65.071,-74.7106,1.5));
#11297=CARTESIAN_POINT('',(65.071,-76.014,0.));
#11298=CARTESIAN_POINT('Origin',(64.571,-76.014,0.));
#11299=CARTESIAN_POINT('',(64.571,-76.514,0.));
#11300=CARTESIAN_POINT('Origin',(64.571,-76.014,0.));
#11301=CARTESIAN_POINT('',(64.571,-76.514,1.5));
#11302=CARTESIAN_POINT('Origin',(64.571,-76.014,1.5));
#11303=CARTESIAN_POINT('',(64.571,-76.514,0.));
#11304=CARTESIAN_POINT('Origin',(64.4026,-76.514,0.));
#11305=CARTESIAN_POINT('',(64.4026,-76.514,0.));
#11306=CARTESIAN_POINT('',(64.571,-76.514,0.));
#11307=CARTESIAN_POINT('',(64.4026,-76.514,1.5));
#11308=CARTESIAN_POINT('',(64.571,-76.514,1.5));
#11309=CARTESIAN_POINT('',(64.4026,-76.514,0.));
#11310=CARTESIAN_POINT('Origin',(64.4026,-77.014,0.));
#11311=CARTESIAN_POINT('',(63.9026,-77.014,0.));
#11312=CARTESIAN_POINT('Origin',(64.4026,-77.014,0.));
#11313=CARTESIAN_POINT('',(63.9026,-77.014,1.5));
#11314=CARTESIAN_POINT('Origin',(64.4026,-77.014,1.5));
#11315=CARTESIAN_POINT('',(63.9026,-77.014,0.));
#11316=CARTESIAN_POINT('Origin',(63.9026,-79.062,0.));
#11317=CARTESIAN_POINT('',(63.9026,-79.062,0.));
#11318=CARTESIAN_POINT('',(63.9026,-77.014,0.));
#11319=CARTESIAN_POINT('',(63.9026,-79.062,1.5));
#11320=CARTESIAN_POINT('',(63.9026,-77.014,1.5));
#11321=CARTESIAN_POINT('',(63.9026,-79.062,0.));
#11322=CARTESIAN_POINT('Origin',(64.4026,-79.062,0.));
#11323=CARTESIAN_POINT('',(64.4026,-79.562,0.));
#11324=CARTESIAN_POINT('Origin',(64.4026,-79.062,0.));
#11325=CARTESIAN_POINT('',(64.4026,-79.562,1.5));
#11326=CARTESIAN_POINT('Origin',(64.4026,-79.062,1.5));
#11327=CARTESIAN_POINT('',(64.4026,-79.562,0.));
#11328=CARTESIAN_POINT('Origin',(64.571,-79.562,0.));
#11329=CARTESIAN_POINT('',(64.571,-79.562,0.));
#11330=CARTESIAN_POINT('',(64.4026,-79.562,0.));
#11331=CARTESIAN_POINT('',(64.571,-79.562,1.5));
#11332=CARTESIAN_POINT('',(64.4026,-79.562,1.5));
#11333=CARTESIAN_POINT('',(64.571,-79.562,0.));
#11334=CARTESIAN_POINT('Origin',(64.571,-80.062,0.));
#11335=CARTESIAN_POINT('',(65.071,-80.062,0.));
#11336=CARTESIAN_POINT('Origin',(64.571,-80.062,0.));
#11337=CARTESIAN_POINT('',(65.071,-80.062,1.5));
#11338=CARTESIAN_POINT('Origin',(64.571,-80.062,1.5));
#11339=CARTESIAN_POINT('',(65.071,-80.062,0.));
#11340=CARTESIAN_POINT('Origin',(65.071,-80.8654,0.));
#11341=CARTESIAN_POINT('',(65.071,-80.8654,0.));
#11342=CARTESIAN_POINT('',(65.071,-80.062,0.));
#11343=CARTESIAN_POINT('',(65.071,-80.8654,1.5));
#11344=CARTESIAN_POINT('',(65.071,-80.062,1.5));
#11345=CARTESIAN_POINT('',(65.071,-80.8654,0.));
#11346=CARTESIAN_POINT('Origin',(65.571,-80.8654,0.));
#11347=CARTESIAN_POINT('',(65.571,-81.3654,0.));
#11348=CARTESIAN_POINT('Origin',(65.571,-80.8654,0.));
#11349=CARTESIAN_POINT('',(65.571,-81.3654,1.5));
#11350=CARTESIAN_POINT('Origin',(65.571,-80.8654,1.5));
#11351=CARTESIAN_POINT('',(65.571,-81.3654,0.));
#11352=CARTESIAN_POINT('Origin',(70.667,-81.3654,0.));
#11353=CARTESIAN_POINT('',(70.667,-81.3654,0.));
#11354=CARTESIAN_POINT('',(65.571,-81.3654,0.));
#11355=CARTESIAN_POINT('',(70.667,-81.3654,1.5));
#11356=CARTESIAN_POINT('',(65.571,-81.3654,1.5));
#11357=CARTESIAN_POINT('',(70.667,-81.3654,0.));
#11358=CARTESIAN_POINT('Origin',(70.667,-81.8654,0.));
#11359=CARTESIAN_POINT('',(71.167,-81.8654,0.));
#11360=CARTESIAN_POINT('Origin',(70.667,-81.8654,0.));
#11361=CARTESIAN_POINT('',(71.167,-81.8654,1.5));
#11362=CARTESIAN_POINT('Origin',(70.667,-81.8654,1.5));
#11363=CARTESIAN_POINT('',(71.167,-81.8654,0.));
#11364=CARTESIAN_POINT('Origin',(71.167,-82.229,0.));
#11365=CARTESIAN_POINT('',(71.167,-81.8654,0.));
#11366=CARTESIAN_POINT('',(71.167,-81.8654,1.5));
#11367=CARTESIAN_POINT('Origin',(7.525,-101.175,0.));
#11368=CARTESIAN_POINT('',(7.525,-101.175,0.));
#11369=CARTESIAN_POINT('',(7.52500000000001,-88.175,0.));
#11370=CARTESIAN_POINT('',(7.525,-88.175,0.));
#11371=CARTESIAN_POINT('',(7.52500000000001,-88.175,1.5));
#11372=CARTESIAN_POINT('',(7.52500000000001,-88.175,0.));
#11373=CARTESIAN_POINT('',(7.525,-101.175,1.5));
#11374=CARTESIAN_POINT('',(7.525,-88.175,1.5));
#11375=CARTESIAN_POINT('',(7.525,-101.175,0.));
#11376=CARTESIAN_POINT('Origin',(8.025,-101.175,0.));
#11377=CARTESIAN_POINT('',(8.025,-101.675,0.));
#11378=CARTESIAN_POINT('Origin',(8.025,-101.175,0.));
#11379=CARTESIAN_POINT('',(8.025,-101.675,1.5));
#11380=CARTESIAN_POINT('Origin',(8.025,-101.175,1.5));
#11381=CARTESIAN_POINT('',(8.025,-101.675,0.));
#11382=CARTESIAN_POINT('Origin',(21.025,-101.675,0.));
#11383=CARTESIAN_POINT('',(21.025,-101.675,0.));
#11384=CARTESIAN_POINT('',(8.025,-101.675,0.));
#11385=CARTESIAN_POINT('',(21.025,-101.675,1.5));
#11386=CARTESIAN_POINT('',(8.025,-101.675,1.5));
#11387=CARTESIAN_POINT('',(21.025,-101.675,0.));
#11388=CARTESIAN_POINT('Origin',(21.025,-101.175,0.));
#11389=CARTESIAN_POINT('',(21.525,-101.175,0.));
#11390=CARTESIAN_POINT('Origin',(21.025,-101.175,0.));
#11391=CARTESIAN_POINT('',(21.525,-101.175,1.5));
#11392=CARTESIAN_POINT('Origin',(21.025,-101.175,1.5));
#11393=CARTESIAN_POINT('',(21.525,-101.175,0.));
#11394=CARTESIAN_POINT('Origin',(21.525,-88.175,0.));
#11395=CARTESIAN_POINT('',(21.525,-88.175,0.));
#11396=CARTESIAN_POINT('',(21.525,-88.175,0.));
#11397=CARTESIAN_POINT('',(21.525,-88.175,1.5));
#11398=CARTESIAN_POINT('',(21.525,-88.175,1.5));
#11399=CARTESIAN_POINT('',(21.525,-88.175,0.));
#11400=CARTESIAN_POINT('Origin',(21.025,-88.175,0.));
#11401=CARTESIAN_POINT('',(21.025,-87.675,0.));
#11402=CARTESIAN_POINT('Origin',(21.025,-88.175,0.));
#11403=CARTESIAN_POINT('',(21.025,-87.675,1.5));
#11404=CARTESIAN_POINT('Origin',(21.025,-88.175,1.5));
#11405=CARTESIAN_POINT('',(21.025,-87.675,0.));
#11406=CARTESIAN_POINT('Origin',(8.025,-87.675,0.));
#11407=CARTESIAN_POINT('',(8.025,-87.675,0.));
#11408=CARTESIAN_POINT('',(8.025,-87.675,0.));
#11409=CARTESIAN_POINT('',(8.025,-87.675,1.5));
#11410=CARTESIAN_POINT('',(8.025,-87.675,1.5));
#11411=CARTESIAN_POINT('',(8.025,-87.675,0.));
#11412=CARTESIAN_POINT('Origin',(8.025,-88.175,0.));
#11413=CARTESIAN_POINT('Origin',(8.025,-88.175,0.));
#11414=CARTESIAN_POINT('Origin',(8.025,-88.175,1.5));
#11415=CARTESIAN_POINT('Origin',(45.625,-120.225,0.));
#11416=CARTESIAN_POINT('',(45.625,-120.225,0.));
#11417=CARTESIAN_POINT('',(45.625,-107.225,0.));
#11418=CARTESIAN_POINT('',(45.625,-107.225,0.));
#11419=CARTESIAN_POINT('',(45.625,-107.225,1.5));
#11420=CARTESIAN_POINT('',(45.625,-107.225,0.));
#11421=CARTESIAN_POINT('',(45.625,-120.225,1.5));
#11422=CARTESIAN_POINT('',(45.625,-107.225,1.5));
#11423=CARTESIAN_POINT('',(45.625,-120.225,0.));
#11424=CARTESIAN_POINT('Origin',(46.125,-120.225,0.));
#11425=CARTESIAN_POINT('',(46.125,-120.725,0.));
#11426=CARTESIAN_POINT('Origin',(46.125,-120.225,0.));
#11427=CARTESIAN_POINT('',(46.125,-120.725,1.5));
#11428=CARTESIAN_POINT('Origin',(46.125,-120.225,1.5));
#11429=CARTESIAN_POINT('',(46.125,-120.725,0.));
#11430=CARTESIAN_POINT('Origin',(59.125,-120.725,0.));
#11431=CARTESIAN_POINT('',(59.125,-120.725,0.));
#11432=CARTESIAN_POINT('',(46.125,-120.725,0.));
#11433=CARTESIAN_POINT('',(59.125,-120.725,1.5));
#11434=CARTESIAN_POINT('',(46.125,-120.725,1.5));
#11435=CARTESIAN_POINT('',(59.125,-120.725,0.));
#11436=CARTESIAN_POINT('Origin',(59.125,-120.225,0.));
#11437=CARTESIAN_POINT('',(59.625,-120.225,0.));
#11438=CARTESIAN_POINT('Origin',(59.125,-120.225,0.));
#11439=CARTESIAN_POINT('',(59.625,-120.225,1.5));
#11440=CARTESIAN_POINT('Origin',(59.125,-120.225,1.5));
#11441=CARTESIAN_POINT('',(59.625,-120.225,0.));
#11442=CARTESIAN_POINT('Origin',(59.625,-107.225,0.));
#11443=CARTESIAN_POINT('',(59.625,-107.225,0.));
#11444=CARTESIAN_POINT('',(59.625,-107.225,0.));
#11445=CARTESIAN_POINT('',(59.625,-107.225,1.5));
#11446=CARTESIAN_POINT('',(59.625,-107.225,1.5));
#11447=CARTESIAN_POINT('',(59.625,-107.225,0.));
#11448=CARTESIAN_POINT('Origin',(59.125,-107.225,0.));
#11449=CARTESIAN_POINT('',(59.125,-106.725,0.));
#11450=CARTESIAN_POINT('Origin',(59.125,-107.225,0.));
#11451=CARTESIAN_POINT('',(59.125,-106.725,1.5));
#11452=CARTESIAN_POINT('Origin',(59.125,-107.225,1.5));
#11453=CARTESIAN_POINT('',(59.125,-106.725,0.));
#11454=CARTESIAN_POINT('Origin',(46.125,-106.725,0.));
#11455=CARTESIAN_POINT('',(46.125,-106.725,0.));
#11456=CARTESIAN_POINT('',(46.125,-106.725,0.));
#11457=CARTESIAN_POINT('',(46.125,-106.725,1.5));
#11458=CARTESIAN_POINT('',(46.125,-106.725,1.5));
#11459=CARTESIAN_POINT('',(46.125,-106.725,0.));
#11460=CARTESIAN_POINT('Origin',(46.125,-107.225,0.));
#11461=CARTESIAN_POINT('Origin',(46.125,-107.225,0.));
#11462=CARTESIAN_POINT('Origin',(46.125,-107.225,1.5));
#11463=CARTESIAN_POINT('Origin',(7.525,-82.125,0.));
#11464=CARTESIAN_POINT('',(7.525,-82.125,0.));
#11465=CARTESIAN_POINT('',(7.525,-69.125,0.));
#11466=CARTESIAN_POINT('',(7.525,-69.125,0.));
#11467=CARTESIAN_POINT('',(7.525,-69.125,1.5));
#11468=CARTESIAN_POINT('',(7.525,-69.125,0.));
#11469=CARTESIAN_POINT('',(7.525,-82.125,1.5));
#11470=CARTESIAN_POINT('',(7.525,-69.125,1.5));
#11471=CARTESIAN_POINT('',(7.525,-82.125,0.));
#11472=CARTESIAN_POINT('Origin',(8.025,-82.125,0.));
#11473=CARTESIAN_POINT('',(8.025,-82.625,0.));
#11474=CARTESIAN_POINT('Origin',(8.025,-82.125,0.));
#11475=CARTESIAN_POINT('',(8.025,-82.625,1.5));
#11476=CARTESIAN_POINT('Origin',(8.025,-82.125,1.5));
#11477=CARTESIAN_POINT('',(8.025,-82.625,0.));
#11478=CARTESIAN_POINT('Origin',(21.025,-82.625,0.));
#11479=CARTESIAN_POINT('',(21.025,-82.625,0.));
#11480=CARTESIAN_POINT('',(8.025,-82.625,0.));
#11481=CARTESIAN_POINT('',(21.025,-82.625,1.5));
#11482=CARTESIAN_POINT('',(8.025,-82.625,1.5));
#11483=CARTESIAN_POINT('',(21.025,-82.625,0.));
#11484=CARTESIAN_POINT('Origin',(21.025,-82.125,0.));
#11485=CARTESIAN_POINT('',(21.525,-82.125,0.));
#11486=CARTESIAN_POINT('Origin',(21.025,-82.125,0.));
#11487=CARTESIAN_POINT('',(21.525,-82.125,1.5));
#11488=CARTESIAN_POINT('Origin',(21.025,-82.125,1.5));
#11489=CARTESIAN_POINT('',(21.525,-82.125,0.));
#11490=CARTESIAN_POINT('Origin',(21.525,-69.125,0.));
#11491=CARTESIAN_POINT('',(21.525,-69.125,0.));
#11492=CARTESIAN_POINT('',(21.525,-69.125,0.));
#11493=CARTESIAN_POINT('',(21.525,-69.125,1.5));
#11494=CARTESIAN_POINT('',(21.525,-69.125,1.5));
#11495=CARTESIAN_POINT('',(21.525,-69.125,0.));
#11496=CARTESIAN_POINT('Origin',(21.025,-69.125,0.));
#11497=CARTESIAN_POINT('',(21.025,-68.625,0.));
#11498=CARTESIAN_POINT('Origin',(21.025,-69.125,0.));
#11499=CARTESIAN_POINT('',(21.025,-68.625,1.5));
#11500=CARTESIAN_POINT('Origin',(21.025,-69.125,1.5));
#11501=CARTESIAN_POINT('',(21.025,-68.625,0.));
#11502=CARTESIAN_POINT('Origin',(8.025,-68.625,0.));
#11503=CARTESIAN_POINT('',(8.025,-68.625,0.));
#11504=CARTESIAN_POINT('',(8.025,-68.625,0.));
#11505=CARTESIAN_POINT('',(8.025,-68.625,1.5));
#11506=CARTESIAN_POINT('',(8.025,-68.625,1.5));
#11507=CARTESIAN_POINT('',(8.025,-68.625,0.));
#11508=CARTESIAN_POINT('Origin',(8.025,-69.125,0.));
#11509=CARTESIAN_POINT('Origin',(8.025,-69.125,0.));
#11510=CARTESIAN_POINT('Origin',(8.025,-69.125,1.5));
#11511=CARTESIAN_POINT('Origin',(73.461,-120.329,0.));
#11512=CARTESIAN_POINT('',(73.461,-120.329,0.));
#11513=CARTESIAN_POINT('',(71.167,-120.329,0.));
#11514=CARTESIAN_POINT('',(71.167,-120.329,0.));
#11515=CARTESIAN_POINT('',(71.167,-120.329,1.5));
#11516=CARTESIAN_POINT('',(71.167,-120.329,0.));
#11517=CARTESIAN_POINT('',(73.461,-120.329,1.5));
#11518=CARTESIAN_POINT('',(71.167,-120.329,1.5));
#11519=CARTESIAN_POINT('',(73.461,-120.329,0.));
#11520=CARTESIAN_POINT('Origin',(73.461,-119.829,0.));
#11521=CARTESIAN_POINT('',(73.961,-119.829,0.));
#11522=CARTESIAN_POINT('Origin',(73.461,-119.829,0.));
#11523=CARTESIAN_POINT('',(73.961,-119.829,1.5));
#11524=CARTESIAN_POINT('Origin',(73.461,-119.829,1.5));
#11525=CARTESIAN_POINT('',(73.961,-119.829,0.));
#11526=CARTESIAN_POINT('Origin',(73.961,-119.4654,0.));
#11527=CARTESIAN_POINT('',(73.961,-119.4654,0.));
#11528=CARTESIAN_POINT('',(73.961,-119.829,0.));
#11529=CARTESIAN_POINT('',(73.961,-119.4654,1.5));
#11530=CARTESIAN_POINT('',(73.961,-119.829,1.5));
#11531=CARTESIAN_POINT('',(73.961,-119.4654,0.));
#11532=CARTESIAN_POINT('Origin',(76.8646,-119.4654,0.));
#11533=CARTESIAN_POINT('',(76.8646,-119.4654,0.));
#11534=CARTESIAN_POINT('',(73.961,-119.4654,0.));
#11535=CARTESIAN_POINT('',(76.8646,-119.4654,1.5));
#11536=CARTESIAN_POINT('',(73.961,-119.4654,1.5));
#11537=CARTESIAN_POINT('',(76.8646,-119.4654,0.));
#11538=CARTESIAN_POINT('Origin',(76.8646,-118.9654,0.));
#11539=CARTESIAN_POINT('',(77.3646,-118.9654,0.));
#11540=CARTESIAN_POINT('Origin',(76.8646,-118.9654,0.));
#11541=CARTESIAN_POINT('',(77.3646,-118.9654,1.5));
#11542=CARTESIAN_POINT('Origin',(76.8646,-118.9654,1.5));
#11543=CARTESIAN_POINT('',(77.3646,-118.9654,0.));
#11544=CARTESIAN_POINT('Origin',(77.3646,-113.3106,0.));
#11545=CARTESIAN_POINT('',(77.3646,-113.3106,0.));
#11546=CARTESIAN_POINT('',(77.3646,-118.9654,0.));
#11547=CARTESIAN_POINT('',(77.3646,-113.3106,1.5));
#11548=CARTESIAN_POINT('',(77.3646,-118.9654,1.5));
#11549=CARTESIAN_POINT('',(77.3646,-113.3106,0.));
#11550=CARTESIAN_POINT('Origin',(76.8646,-113.3106,0.));
#11551=CARTESIAN_POINT('',(76.8646,-112.8106,0.));
#11552=CARTESIAN_POINT('Origin',(76.8646,-113.3106,0.));
#11553=CARTESIAN_POINT('',(76.8646,-112.8106,1.5));
#11554=CARTESIAN_POINT('Origin',(76.8646,-113.3106,1.5));
#11555=CARTESIAN_POINT('',(76.8646,-112.8106,0.));
#11556=CARTESIAN_POINT('Origin',(76.5518,-112.8106,0.));
#11557=CARTESIAN_POINT('',(76.5518,-112.8106,0.));
#11558=CARTESIAN_POINT('',(76.8646,-112.8106,0.));
#11559=CARTESIAN_POINT('',(76.5518,-112.8106,1.5));
#11560=CARTESIAN_POINT('',(76.8646,-112.8106,1.5));
#11561=CARTESIAN_POINT('',(76.5518,-112.8106,0.));
#11562=CARTESIAN_POINT('Origin',(76.5518,-111.2,0.));
#11563=CARTESIAN_POINT('',(76.5518,-111.2,0.));
#11564=CARTESIAN_POINT('',(76.5518,-112.8106,0.));
#11565=CARTESIAN_POINT('',(76.5518,-111.2,1.5));
#11566=CARTESIAN_POINT('',(76.5518,-112.8106,1.5));
#11567=CARTESIAN_POINT('',(76.5518,-111.2,0.));
#11568=CARTESIAN_POINT('Origin',(78.175,-111.2,0.));
#11569=CARTESIAN_POINT('',(78.175,-111.2,0.));
#11570=CARTESIAN_POINT('',(78.175,-111.2,0.));
#11571=CARTESIAN_POINT('',(78.175,-111.2,1.5));
#11572=CARTESIAN_POINT('',(78.175,-111.2,1.5));
#11573=CARTESIAN_POINT('',(78.175,-111.2,0.));
#11574=CARTESIAN_POINT('Origin',(78.175,-110.7,0.));
#11575=CARTESIAN_POINT('',(78.675,-110.7,0.));
#11576=CARTESIAN_POINT('Origin',(78.175,-110.7,0.));
#11577=CARTESIAN_POINT('',(78.675,-110.7,1.5));
#11578=CARTESIAN_POINT('Origin',(78.175,-110.7,1.5));
#11579=CARTESIAN_POINT('',(78.675,-110.7,0.));
#11580=CARTESIAN_POINT('Origin',(78.675,-97.7,0.));
#11581=CARTESIAN_POINT('',(78.675,-97.7,0.));
#11582=CARTESIAN_POINT('',(78.675,-97.7,0.));
#11583=CARTESIAN_POINT('',(78.675,-97.7,1.5));
#11584=CARTESIAN_POINT('',(78.675,-97.7,1.5));
#11585=CARTESIAN_POINT('',(78.675,-97.7,0.));
#11586=CARTESIAN_POINT('Origin',(78.175,-97.7,0.));
#11587=CARTESIAN_POINT('',(78.175,-97.2,0.));
#11588=CARTESIAN_POINT('Origin',(78.175,-97.7,0.));
#11589=CARTESIAN_POINT('',(78.175,-97.2,1.5));
#11590=CARTESIAN_POINT('Origin',(78.175,-97.7,1.5));
#11591=CARTESIAN_POINT('',(78.175,-97.2,0.));
#11592=CARTESIAN_POINT('Origin',(76.5518,-97.2,0.));
#11593=CARTESIAN_POINT('',(76.5518,-97.2,0.));
#11594=CARTESIAN_POINT('',(78.175,-97.2,0.));
#11595=CARTESIAN_POINT('',(76.5518,-97.2,1.5));
#11596=CARTESIAN_POINT('',(78.175,-97.2,1.5));
#11597=CARTESIAN_POINT('',(76.5518,-97.2,0.));
#11598=CARTESIAN_POINT('Origin',(76.5518,-95.5894,0.));
#11599=CARTESIAN_POINT('',(76.5518,-95.5894,0.));
#11600=CARTESIAN_POINT('',(76.5518,-95.5894,0.));
#11601=CARTESIAN_POINT('',(76.5518,-95.5894,1.5));
#11602=CARTESIAN_POINT('',(76.5518,-95.5894,1.5));
#11603=CARTESIAN_POINT('',(76.5518,-95.5894,0.));
#11604=CARTESIAN_POINT('Origin',(76.8646,-95.5894,0.));
#11605=CARTESIAN_POINT('',(76.8646,-95.5894,0.));
#11606=CARTESIAN_POINT('',(76.8646,-95.5894,0.));
#11607=CARTESIAN_POINT('',(76.8646,-95.5894,1.5));
#11608=CARTESIAN_POINT('',(76.8646,-95.5894,1.5));
#11609=CARTESIAN_POINT('',(76.8646,-95.5894,0.));
#11610=CARTESIAN_POINT('Origin',(76.8646,-95.0894,0.));
#11611=CARTESIAN_POINT('',(77.3646,-95.0894,0.));
#11612=CARTESIAN_POINT('Origin',(76.8646,-95.0894,0.));
#11613=CARTESIAN_POINT('',(77.3646,-95.0894,1.5));
#11614=CARTESIAN_POINT('Origin',(76.8646,-95.0894,1.5));
#11615=CARTESIAN_POINT('',(77.3646,-95.0894,0.));
#11616=CARTESIAN_POINT('Origin',(77.3646,-89.4346,0.));
#11617=CARTESIAN_POINT('',(77.3646,-89.4346,0.));
#11618=CARTESIAN_POINT('',(77.3646,-89.4346,0.));
#11619=CARTESIAN_POINT('',(77.3646,-89.4346,1.5));
#11620=CARTESIAN_POINT('',(77.3646,-89.4346,1.5));
#11621=CARTESIAN_POINT('',(77.3646,-89.4346,0.));
#11622=CARTESIAN_POINT('Origin',(76.8646,-89.4346,0.));
#11623=CARTESIAN_POINT('',(76.8646,-88.9346,0.));
#11624=CARTESIAN_POINT('Origin',(76.8646,-89.4346,0.));
#11625=CARTESIAN_POINT('',(76.8646,-88.9346,1.5));
#11626=CARTESIAN_POINT('Origin',(76.8646,-89.4346,1.5));
#11627=CARTESIAN_POINT('',(76.8646,-88.9346,0.));
#11628=CARTESIAN_POINT('Origin',(73.961,-88.9346,0.));
#11629=CARTESIAN_POINT('',(73.961,-88.9346,0.));
#11630=CARTESIAN_POINT('',(73.961,-88.9346,0.));
#11631=CARTESIAN_POINT('',(73.961,-88.9346,1.5));
#11632=CARTESIAN_POINT('',(73.961,-88.9346,1.5));
#11633=CARTESIAN_POINT('',(73.961,-88.9346,0.));
#11634=CARTESIAN_POINT('Origin',(73.961,-88.571,0.));
#11635=CARTESIAN_POINT('',(73.961,-88.571,0.));
#11636=CARTESIAN_POINT('',(73.961,-88.571,0.));
#11637=CARTESIAN_POINT('',(73.961,-88.571,1.5));
#11638=CARTESIAN_POINT('',(73.961,-88.571,1.5));
#11639=CARTESIAN_POINT('',(73.961,-88.571,0.));
#11640=CARTESIAN_POINT('Origin',(73.461,-88.571,0.));
#11641=CARTESIAN_POINT('',(73.461,-88.071,0.));
#11642=CARTESIAN_POINT('Origin',(73.461,-88.571,0.));
#11643=CARTESIAN_POINT('',(73.461,-88.071,1.5));
#11644=CARTESIAN_POINT('Origin',(73.461,-88.571,1.5));
#11645=CARTESIAN_POINT('',(73.461,-88.071,0.));
#11646=CARTESIAN_POINT('Origin',(71.167,-88.071,0.));
#11647=CARTESIAN_POINT('',(71.167,-88.071,0.));
#11648=CARTESIAN_POINT('',(71.167,-88.071,0.));
#11649=CARTESIAN_POINT('',(71.167,-88.071,1.5));
#11650=CARTESIAN_POINT('',(71.167,-88.071,1.5));
#11651=CARTESIAN_POINT('',(71.167,-88.071,0.));
#11652=CARTESIAN_POINT('Origin',(71.167,-88.4346,0.));
#11653=CARTESIAN_POINT('',(71.167,-88.4346,0.));
#11654=CARTESIAN_POINT('',(71.167,-88.4346,0.));
#11655=CARTESIAN_POINT('',(71.167,-88.4346,1.5));
#11656=CARTESIAN_POINT('',(71.167,-88.4346,1.5));
#11657=CARTESIAN_POINT('',(71.167,-88.4346,0.));
#11658=CARTESIAN_POINT('Origin',(70.667,-88.4346,0.));
#11659=CARTESIAN_POINT('',(70.667,-88.9346,0.));
#11660=CARTESIAN_POINT('Origin',(70.667,-88.4346,0.));
#11661=CARTESIAN_POINT('',(70.667,-88.9346,1.5));
#11662=CARTESIAN_POINT('Origin',(70.667,-88.4346,1.5));
#11663=CARTESIAN_POINT('',(70.667,-88.9346,0.));
#11664=CARTESIAN_POINT('Origin',(65.571,-88.9346,0.));
#11665=CARTESIAN_POINT('',(65.571,-88.9346,0.));
#11666=CARTESIAN_POINT('',(65.571,-88.9346,0.));
#11667=CARTESIAN_POINT('',(65.571,-88.9346,1.5));
#11668=CARTESIAN_POINT('',(65.571,-88.9346,1.5));
#11669=CARTESIAN_POINT('',(65.571,-88.9346,0.));
#11670=CARTESIAN_POINT('Origin',(65.571,-89.4346,0.));
#11671=CARTESIAN_POINT('',(65.071,-89.4346,0.));
#11672=CARTESIAN_POINT('Origin',(65.571,-89.4346,0.));
#11673=CARTESIAN_POINT('',(65.071,-89.4346,1.5));
#11674=CARTESIAN_POINT('Origin',(65.571,-89.4346,1.5));
#11675=CARTESIAN_POINT('',(65.071,-89.4346,0.));
#11676=CARTESIAN_POINT('Origin',(65.071,-90.238,0.));
#11677=CARTESIAN_POINT('',(65.071,-90.238,0.));
#11678=CARTESIAN_POINT('',(65.071,-90.238,0.));
#11679=CARTESIAN_POINT('',(65.071,-90.238,1.5));
#11680=CARTESIAN_POINT('',(65.071,-90.238,1.5));
#11681=CARTESIAN_POINT('',(65.071,-90.238,0.));
#11682=CARTESIAN_POINT('Origin',(64.571,-90.238,0.));
#11683=CARTESIAN_POINT('',(64.571,-90.738,0.));
#11684=CARTESIAN_POINT('Origin',(64.571,-90.238,0.));
#11685=CARTESIAN_POINT('',(64.571,-90.738,1.5));
#11686=CARTESIAN_POINT('Origin',(64.571,-90.238,1.5));
#11687=CARTESIAN_POINT('',(64.571,-90.738,0.));
#11688=CARTESIAN_POINT('Origin',(64.4026,-90.738,0.));
#11689=CARTESIAN_POINT('',(64.4026,-90.738,0.));
#11690=CARTESIAN_POINT('',(64.4026,-90.738,0.));
#11691=CARTESIAN_POINT('',(64.4026,-90.738,1.5));
#11692=CARTESIAN_POINT('',(64.4026,-90.738,1.5));
#11693=CARTESIAN_POINT('',(64.4026,-90.738,0.));
#11694=CARTESIAN_POINT('Origin',(64.4026,-91.238,0.));
#11695=CARTESIAN_POINT('',(63.9026,-91.238,0.));
#11696=CARTESIAN_POINT('Origin',(64.4026,-91.238,0.));
#11697=CARTESIAN_POINT('',(63.9026,-91.238,1.5));
#11698=CARTESIAN_POINT('Origin',(64.4026,-91.238,1.5));
#11699=CARTESIAN_POINT('',(63.9026,-91.238,0.));
#11700=CARTESIAN_POINT('Origin',(63.9026,-93.286,0.));
#11701=CARTESIAN_POINT('',(63.9026,-93.286,0.));
#11702=CARTESIAN_POINT('',(63.9026,-93.286,0.));
#11703=CARTESIAN_POINT('',(63.9026,-93.286,1.5));
#11704=CARTESIAN_POINT('',(63.9026,-93.286,1.5));
#11705=CARTESIAN_POINT('',(63.9026,-93.286,0.));
#11706=CARTESIAN_POINT('Origin',(64.4026,-93.286,0.));
#11707=CARTESIAN_POINT('',(64.4026,-93.786,0.));
#11708=CARTESIAN_POINT('Origin',(64.4026,-93.286,0.));
#11709=CARTESIAN_POINT('',(64.4026,-93.786,1.5));
#11710=CARTESIAN_POINT('Origin',(64.4026,-93.286,1.5));
#11711=CARTESIAN_POINT('',(64.4026,-93.786,0.));
#11712=CARTESIAN_POINT('Origin',(64.571,-93.786,0.));
#11713=CARTESIAN_POINT('',(64.571,-93.786,0.));
#11714=CARTESIAN_POINT('',(64.571,-93.786,0.));
#11715=CARTESIAN_POINT('',(64.571,-93.786,1.5));
#11716=CARTESIAN_POINT('',(64.571,-93.786,1.5));
#11717=CARTESIAN_POINT('',(64.571,-93.786,0.));
#11718=CARTESIAN_POINT('Origin',(64.571,-94.286,0.));
#11719=CARTESIAN_POINT('',(65.071,-94.286,0.));
#11720=CARTESIAN_POINT('Origin',(64.571,-94.286,0.));
#11721=CARTESIAN_POINT('',(65.071,-94.286,1.5));
#11722=CARTESIAN_POINT('Origin',(64.571,-94.286,1.5));
#11723=CARTESIAN_POINT('',(65.071,-94.286,0.));
#11724=CARTESIAN_POINT('Origin',(65.071,-95.5894,0.));
#11725=CARTESIAN_POINT('',(65.071,-95.5894,0.));
#11726=CARTESIAN_POINT('',(65.071,-95.5894,0.));
#11727=CARTESIAN_POINT('',(65.071,-95.5894,1.5));
#11728=CARTESIAN_POINT('',(65.071,-95.5894,1.5));
#11729=CARTESIAN_POINT('',(65.071,-95.5894,0.));
#11730=CARTESIAN_POINT('Origin',(65.3584,-95.5894,0.));
#11731=CARTESIAN_POINT('',(65.3584,-95.5894,0.));
#11732=CARTESIAN_POINT('',(65.3584,-95.5894,0.));
#11733=CARTESIAN_POINT('',(65.3584,-95.5894,1.5));
#11734=CARTESIAN_POINT('',(65.3584,-95.5894,1.5));
#11735=CARTESIAN_POINT('',(65.3584,-95.5894,0.));
#11736=CARTESIAN_POINT('Origin',(65.3584,-96.0894,0.));
#11737=CARTESIAN_POINT('',(65.8584,-96.0894,0.));
#11738=CARTESIAN_POINT('Origin',(65.3584,-96.0894,0.));
#11739=CARTESIAN_POINT('',(65.8584,-96.0894,1.5));
#11740=CARTESIAN_POINT('Origin',(65.3584,-96.0894,1.5));
#11741=CARTESIAN_POINT('',(65.8584,-96.0894,0.));
#11742=CARTESIAN_POINT('Origin',(65.8584,-97.2,0.));
#11743=CARTESIAN_POINT('',(65.8584,-97.2,0.));
#11744=CARTESIAN_POINT('',(65.8584,-104.2,0.));
#11745=CARTESIAN_POINT('',(65.8584,-97.2,1.5));
#11746=CARTESIAN_POINT('',(65.8584,-104.2,1.5));
#11747=CARTESIAN_POINT('',(65.8584,-97.2,0.));
#11748=CARTESIAN_POINT('Origin',(65.175,-97.2,0.));
#11749=CARTESIAN_POINT('',(65.175,-97.2,0.));
#11750=CARTESIAN_POINT('',(78.175,-97.2,0.));
#11751=CARTESIAN_POINT('',(65.175,-97.2,1.5));
#11752=CARTESIAN_POINT('',(78.175,-97.2,1.5));
#11753=CARTESIAN_POINT('',(65.175,-97.2,0.));
#11754=CARTESIAN_POINT('Origin',(65.175,-97.7,0.));
#11755=CARTESIAN_POINT('',(64.675,-97.7,0.));
#11756=CARTESIAN_POINT('Origin',(65.175,-97.7,0.));
#11757=CARTESIAN_POINT('',(64.675,-97.7,1.5));
#11758=CARTESIAN_POINT('Origin',(65.175,-97.7,1.5));
#11759=CARTESIAN_POINT('',(64.675,-97.7,0.));
#11760=CARTESIAN_POINT('Origin',(64.675,-110.7,0.));
#11761=CARTESIAN_POINT('',(64.675,-110.7,0.));
#11762=CARTESIAN_POINT('',(64.675,-97.7,0.));
#11763=CARTESIAN_POINT('',(64.675,-110.7,1.5));
#11764=CARTESIAN_POINT('',(64.675,-97.7,1.5));
#11765=CARTESIAN_POINT('',(64.675,-110.7,0.));
#11766=CARTESIAN_POINT('Origin',(65.175,-110.7,0.));
#11767=CARTESIAN_POINT('',(65.175,-111.2,0.));
#11768=CARTESIAN_POINT('Origin',(65.175,-110.7,0.));
#11769=CARTESIAN_POINT('',(65.175,-111.2,1.5));
#11770=CARTESIAN_POINT('Origin',(65.175,-110.7,1.5));
#11771=CARTESIAN_POINT('',(65.175,-111.2,0.));
#11772=CARTESIAN_POINT('Origin',(65.8584,-111.2,0.));
#11773=CARTESIAN_POINT('',(65.8584,-111.2,0.));
#11774=CARTESIAN_POINT('',(78.175,-111.2,0.));
#11775=CARTESIAN_POINT('',(65.8584,-111.2,1.5));
#11776=CARTESIAN_POINT('',(78.175,-111.2,1.5));
#11777=CARTESIAN_POINT('',(65.8584,-111.2,0.));
#11778=CARTESIAN_POINT('Origin',(65.8584,-112.3106,0.));
#11779=CARTESIAN_POINT('',(65.8584,-112.3106,0.));
#11780=CARTESIAN_POINT('',(65.8584,-104.2,0.));
#11781=CARTESIAN_POINT('',(65.8584,-112.3106,1.5));
#11782=CARTESIAN_POINT('',(65.8584,-104.2,1.5));
#11783=CARTESIAN_POINT('',(65.8584,-112.3106,0.));
#11784=CARTESIAN_POINT('Origin',(65.3584,-112.3106,0.));
#11785=CARTESIAN_POINT('',(65.3584,-112.8106,0.));
#11786=CARTESIAN_POINT('Origin',(65.3584,-112.3106,0.));
#11787=CARTESIAN_POINT('',(65.3584,-112.8106,1.5));
#11788=CARTESIAN_POINT('Origin',(65.3584,-112.3106,1.5));
#11789=CARTESIAN_POINT('',(65.3584,-112.8106,0.));
#11790=CARTESIAN_POINT('Origin',(65.071,-112.8106,0.));
#11791=CARTESIAN_POINT('',(65.071,-112.8106,0.));
#11792=CARTESIAN_POINT('',(65.3584,-112.8106,0.));
#11793=CARTESIAN_POINT('',(65.071,-112.8106,1.5));
#11794=CARTESIAN_POINT('',(65.3584,-112.8106,1.5));
#11795=CARTESIAN_POINT('',(65.071,-112.8106,0.));
#11796=CARTESIAN_POINT('Origin',(65.071,-114.114,0.));
#11797=CARTESIAN_POINT('',(65.071,-114.114,0.));
#11798=CARTESIAN_POINT('',(65.071,-112.8106,0.));
#11799=CARTESIAN_POINT('',(65.071,-114.114,1.5));
#11800=CARTESIAN_POINT('',(65.071,-112.8106,1.5));
#11801=CARTESIAN_POINT('',(65.071,-114.114,0.));
#11802=CARTESIAN_POINT('Origin',(64.571,-114.114,0.));
#11803=CARTESIAN_POINT('',(64.571,-114.614,0.));
#11804=CARTESIAN_POINT('Origin',(64.571,-114.114,0.));
#11805=CARTESIAN_POINT('',(64.571,-114.614,1.5));
#11806=CARTESIAN_POINT('Origin',(64.571,-114.114,1.5));
#11807=CARTESIAN_POINT('',(64.571,-114.614,0.));
#11808=CARTESIAN_POINT('Origin',(64.4026,-114.614,0.));
#11809=CARTESIAN_POINT('',(64.4026,-114.614,0.));
#11810=CARTESIAN_POINT('',(64.571,-114.614,0.));
#11811=CARTESIAN_POINT('',(64.4026,-114.614,1.5));
#11812=CARTESIAN_POINT('',(64.571,-114.614,1.5));
#11813=CARTESIAN_POINT('',(64.4026,-114.614,0.));
#11814=CARTESIAN_POINT('Origin',(64.4026,-115.114,0.));
#11815=CARTESIAN_POINT('',(63.9026,-115.114,0.));
#11816=CARTESIAN_POINT('Origin',(64.4026,-115.114,0.));
#11817=CARTESIAN_POINT('',(63.9026,-115.114,1.5));
#11818=CARTESIAN_POINT('Origin',(64.4026,-115.114,1.5));
#11819=CARTESIAN_POINT('',(63.9026,-115.114,0.));
#11820=CARTESIAN_POINT('Origin',(63.9026,-117.162,0.));
#11821=CARTESIAN_POINT('',(63.9026,-117.162,0.));
#11822=CARTESIAN_POINT('',(63.9026,-115.114,0.));
#11823=CARTESIAN_POINT('',(63.9026,-117.162,1.5));
#11824=CARTESIAN_POINT('',(63.9026,-115.114,1.5));
#11825=CARTESIAN_POINT('',(63.9026,-117.162,0.));
#11826=CARTESIAN_POINT('Origin',(64.4026,-117.162,0.));
#11827=CARTESIAN_POINT('',(64.4026,-117.662,0.));
#11828=CARTESIAN_POINT('Origin',(64.4026,-117.162,0.));
#11829=CARTESIAN_POINT('',(64.4026,-117.662,1.5));
#11830=CARTESIAN_POINT('Origin',(64.4026,-117.162,1.5));
#11831=CARTESIAN_POINT('',(64.4026,-117.662,0.));
#11832=CARTESIAN_POINT('Origin',(64.571,-117.662,0.));
#11833=CARTESIAN_POINT('',(64.571,-117.662,0.));
#11834=CARTESIAN_POINT('',(64.4026,-117.662,0.));
#11835=CARTESIAN_POINT('',(64.571,-117.662,1.5));
#11836=CARTESIAN_POINT('',(64.4026,-117.662,1.5));
#11837=CARTESIAN_POINT('',(64.571,-117.662,0.));
#11838=CARTESIAN_POINT('Origin',(64.571,-118.162,0.));
#11839=CARTESIAN_POINT('',(65.071,-118.162,0.));
#11840=CARTESIAN_POINT('Origin',(64.571,-118.162,0.));
#11841=CARTESIAN_POINT('',(65.071,-118.162,1.5));
#11842=CARTESIAN_POINT('Origin',(64.571,-118.162,1.5));
#11843=CARTESIAN_POINT('',(65.071,-118.162,0.));
#11844=CARTESIAN_POINT('Origin',(65.071,-118.9654,0.));
#11845=CARTESIAN_POINT('',(65.071,-118.9654,0.));
#11846=CARTESIAN_POINT('',(65.071,-118.162,0.));
#11847=CARTESIAN_POINT('',(65.071,-118.9654,1.5));
#11848=CARTESIAN_POINT('',(65.071,-118.162,1.5));
#11849=CARTESIAN_POINT('',(65.071,-118.9654,0.));
#11850=CARTESIAN_POINT('Origin',(65.571,-118.9654,0.));
#11851=CARTESIAN_POINT('',(65.571,-119.4654,0.));
#11852=CARTESIAN_POINT('Origin',(65.571,-118.9654,0.));
#11853=CARTESIAN_POINT('',(65.571,-119.4654,1.5));
#11854=CARTESIAN_POINT('Origin',(65.571,-118.9654,1.5));
#11855=CARTESIAN_POINT('',(65.571,-119.4654,0.));
#11856=CARTESIAN_POINT('Origin',(70.667,-119.4654,0.));
#11857=CARTESIAN_POINT('',(70.667,-119.4654,0.));
#11858=CARTESIAN_POINT('',(65.571,-119.4654,0.));
#11859=CARTESIAN_POINT('',(70.667,-119.4654,1.5));
#11860=CARTESIAN_POINT('',(65.571,-119.4654,1.5));
#11861=CARTESIAN_POINT('',(70.667,-119.4654,0.));
#11862=CARTESIAN_POINT('Origin',(70.667,-119.9654,0.));
#11863=CARTESIAN_POINT('',(71.167,-119.9654,0.));
#11864=CARTESIAN_POINT('Origin',(70.667,-119.9654,0.));
#11865=CARTESIAN_POINT('',(71.167,-119.9654,1.5));
#11866=CARTESIAN_POINT('Origin',(70.667,-119.9654,1.5));
#11867=CARTESIAN_POINT('',(71.167,-119.9654,0.));
#11868=CARTESIAN_POINT('Origin',(71.167,-120.329,0.));
#11869=CARTESIAN_POINT('',(71.167,-119.9654,0.));
#11870=CARTESIAN_POINT('',(71.167,-119.9654,1.5));
#11871=CARTESIAN_POINT('Origin',(5.,-28.,0.));
#11872=CARTESIAN_POINT('',(5.,-123.25,0.));
#11873=CARTESIAN_POINT('',(5.,-28.,0.));
#11874=CARTESIAN_POINT('',(5.,-123.25,0.));
#11875=CARTESIAN_POINT('',(5.,-123.25,1.5));
#11876=CARTESIAN_POINT('',(5.,-123.25,0.));
#11877=CARTESIAN_POINT('',(5.,-28.,1.5));
#11878=CARTESIAN_POINT('',(5.,-123.25,1.5));
#11879=CARTESIAN_POINT('',(5.,-28.,0.));
#11880=CARTESIAN_POINT('Origin',(81.2,-28.,0.));
#11881=CARTESIAN_POINT('',(81.2,-28.,0.));
#11882=CARTESIAN_POINT('',(5.,-28.,0.));
#11883=CARTESIAN_POINT('',(81.2,-28.,1.5));
#11884=CARTESIAN_POINT('',(5.,-28.,1.5));
#11885=CARTESIAN_POINT('',(81.2,-28.,0.));
#11886=CARTESIAN_POINT('Origin',(81.2,-123.25,0.));
#11887=CARTESIAN_POINT('',(81.2,-123.25,0.));
#11888=CARTESIAN_POINT('',(81.2,-123.25,0.));
#11889=CARTESIAN_POINT('',(81.2,-123.25,1.5));
#11890=CARTESIAN_POINT('',(81.2,-123.25,1.5));
#11891=CARTESIAN_POINT('',(81.2,-123.25,0.));
#11892=CARTESIAN_POINT('Origin',(5.,-123.25,0.));
#11893=CARTESIAN_POINT('',(5.,-123.25,0.));
#11894=CARTESIAN_POINT('',(5.,-123.25,1.5));
#11895=CARTESIAN_POINT('Origin',(43.1,-75.625,1.5));
#11896=CARTESIAN_POINT('Origin',(43.1,-75.625,0.));
#11897=CARTESIAN_POINT('Origin',(19.25,2.5,-5.5));
#11898=CARTESIAN_POINT('',(9.25,0.,-5.5));
#11899=CARTESIAN_POINT('',(19.25,0.,-5.5));
#11900=CARTESIAN_POINT('',(52.625,0.,-5.5));
#11901=CARTESIAN_POINT('',(9.25,2.5,-5.5));
#11902=CARTESIAN_POINT('',(9.25,2.5,-5.5));
#11903=CARTESIAN_POINT('',(19.25,2.5,-5.5));
#11904=CARTESIAN_POINT('',(8.375,2.5,-5.5));
#11905=CARTESIAN_POINT('',(19.25,2.5,-5.5));
#11906=CARTESIAN_POINT('Origin',(19.25,2.5,-10.));
#11907=CARTESIAN_POINT('',(19.25,0.,-7.));
#11908=CARTESIAN_POINT('',(19.25,0.,-5.));
#11909=CARTESIAN_POINT('',(19.25,2.5,-7.));
#11910=CARTESIAN_POINT('',(19.25,2.5,-5.));
#11911=CARTESIAN_POINT('',(19.25,-30.,-7.));
#11912=CARTESIAN_POINT('Origin',(9.25,2.5,-5.5));
#11913=CARTESIAN_POINT('',(9.25,0.,-7.));
#11914=CARTESIAN_POINT('',(9.25,0.,-2.75));
#11915=CARTESIAN_POINT('',(9.25,2.5,-7.));
#11916=CARTESIAN_POINT('',(9.25,-30.,-7.));
#11917=CARTESIAN_POINT('',(9.25,2.5,-2.75));
#11918=CARTESIAN_POINT('Origin',(86.,0.,0.));
#11919=CARTESIAN_POINT('',(86.,0.,-7.));
#11920=CARTESIAN_POINT('',(0.,0.,-7.));
#11921=CARTESIAN_POINT('',(86.,0.,0.));
#11922=CARTESIAN_POINT('',(86.,0.,0.));
#11923=CARTESIAN_POINT('',(81.0000012069941,0.,0.));
#11924=CARTESIAN_POINT('',(81.2,0.,0.));
#11925=CARTESIAN_POINT('',(81.0000012069941,0.,1.5));
#11926=CARTESIAN_POINT('',(81.0000012069941,0.,1.5));
#11927=CARTESIAN_POINT('',(30.0000004470348,0.,1.5));
#11928=CARTESIAN_POINT('',(17.5000002235174,0.,1.5));
#11929=CARTESIAN_POINT('',(30.0000004470348,0.,0.));
#11930=CARTESIAN_POINT('',(30.0000004470348,0.,1.5));
#11931=CARTESIAN_POINT('',(0.,0.,0.));
#11932=CARTESIAN_POINT('',(81.2,0.,0.));
#11933=CARTESIAN_POINT('',(0.,0.,-7.));
#11934=CARTESIAN_POINT('',(0.,0.,0.));
#11935=CARTESIAN_POINT('',(0.,0.,-7.));
#11936=CARTESIAN_POINT('Origin',(43.,-62.5,-7.));
#11937=CARTESIAN_POINT('',(88.5,2.5,-7.));
#11938=CARTESIAN_POINT('',(-2.5,2.5,-7.));
#11939=CARTESIAN_POINT('',(88.5,-14.,-7.));
#11940=CARTESIAN_POINT('',(88.5,2.5,-7.));
#11941=CARTESIAN_POINT('',(86.,-14.,-7.));
#11942=CARTESIAN_POINT('',(65.75,-14.,-7.));
#11943=CARTESIAN_POINT('',(86.,0.,-7.));
#11944=CARTESIAN_POINT('Origin',(88.5,-111.,-8.91));
#11945=CARTESIAN_POINT('',(0.,-111.,-7.));
#11946=CARTESIAN_POINT('',(0.,-111.,-4.91));
#11947=CARTESIAN_POINT('',(0.,-111.,-4.455));
#11948=CARTESIAN_POINT('',(-2.5,-111.,-7.));
#11949=CARTESIAN_POINT('',(65.75,-111.,-7.));
#11950=CARTESIAN_POINT('',(-2.5,-111.,-4.91));
#11951=CARTESIAN_POINT('',(-2.5,-111.,-4.455));
#11952=CARTESIAN_POINT('',(88.5,-111.,-4.91));
#11953=CARTESIAN_POINT('Origin',(88.5,-111.,-8.91));
#11954=CARTESIAN_POINT('',(86.,-111.,-4.91));
#11955=CARTESIAN_POINT('',(86.,-111.,-7.));
#11956=CARTESIAN_POINT('',(86.,-111.,-4.455));
#11957=CARTESIAN_POINT('',(88.5,-111.,-4.91));
#11958=CARTESIAN_POINT('',(88.5,-111.,-4.91));
#11959=CARTESIAN_POINT('',(88.5,-111.,-7.));
#11960=CARTESIAN_POINT('',(88.5,-111.,-4.455));
#11961=CARTESIAN_POINT('',(65.75,-111.,-7.));
#11962=CARTESIAN_POINT('Origin',(88.5,-111.,-4.91));
#11963=CARTESIAN_POINT('',(0.,-93.5,-4.91));
#11964=CARTESIAN_POINT('',(0.,-55.5,-4.91));
#11965=CARTESIAN_POINT('',(-2.5,-93.5,-4.91));
#11966=CARTESIAN_POINT('',(-2.5,-119.25,-4.91));
#11967=CARTESIAN_POINT('',(88.5,-93.5,-4.91));
#11968=CARTESIAN_POINT('Origin',(88.5,-93.5,-4.91));
#11969=CARTESIAN_POINT('',(0.,-93.5,-7.));
#11970=CARTESIAN_POINT('',(0.,-93.5,-2.455));
#11971=CARTESIAN_POINT('',(-2.5,-93.5,-7.));
#11972=CARTESIAN_POINT('',(-2.5,-93.5,-2.455));
#11973=CARTESIAN_POINT('',(65.75,-93.5,-7.));
#11974=CARTESIAN_POINT('Origin',(88.5,-93.5,-4.91));
#11975=CARTESIAN_POINT('',(86.,-93.5,-7.));
#11976=CARTESIAN_POINT('',(86.,-93.5,-4.91));
#11977=CARTESIAN_POINT('',(86.,-93.5,-2.455));
#11978=CARTESIAN_POINT('',(88.5,-93.5,-7.));
#11979=CARTESIAN_POINT('',(65.75,-93.5,-7.));
#11980=CARTESIAN_POINT('',(88.5,-93.5,-4.91));
#11981=CARTESIAN_POINT('',(88.5,-93.5,-2.455));
#11982=CARTESIAN_POINT('',(88.5,-93.5,-4.91));
#11983=CARTESIAN_POINT('Origin',(88.5,-111.,-4.91));
#11984=CARTESIAN_POINT('',(86.,-118.,-4.91));
#11985=CARTESIAN_POINT('',(88.5,-54.25,-4.91));
#11986=CARTESIAN_POINT('Origin',(88.5,-31.5,-8.91));
#11987=CARTESIAN_POINT('',(0.,-31.5,-7.));
#11988=CARTESIAN_POINT('',(0.,-31.5,-4.91));
#11989=CARTESIAN_POINT('',(0.,-31.5,-4.455));
#11990=CARTESIAN_POINT('',(-2.5,-31.5,-7.));
#11991=CARTESIAN_POINT('',(65.75,-31.5,-7.));
#11992=CARTESIAN_POINT('',(-2.5,-31.5,-4.91));
#11993=CARTESIAN_POINT('',(-2.5,-31.5,-4.455));
#11994=CARTESIAN_POINT('',(88.5,-31.5,-4.91));
#11995=CARTESIAN_POINT('Origin',(88.5,-31.5,-8.91));
#11996=CARTESIAN_POINT('',(86.,-31.5,-4.91));
#11997=CARTESIAN_POINT('',(86.,-31.5,-7.));
#11998=CARTESIAN_POINT('',(86.,-31.5,-4.455));
#11999=CARTESIAN_POINT('',(88.5,-31.5,-4.91));
#12000=CARTESIAN_POINT('',(88.5,-31.5,-4.91));
#12001=CARTESIAN_POINT('',(88.5,-31.5,-7.));
#12002=CARTESIAN_POINT('',(88.5,-31.5,-4.455));
#12003=CARTESIAN_POINT('',(65.75,-31.5,-7.));
#12004=CARTESIAN_POINT('Origin',(88.5,-31.5,-4.91));
#12005=CARTESIAN_POINT('',(0.,-14.,-4.91));
#12006=CARTESIAN_POINT('',(0.,-15.75,-4.91));
#12007=CARTESIAN_POINT('',(-2.5,-14.,-4.91));
#12008=CARTESIAN_POINT('',(-2.5,-79.5,-4.91));
#12009=CARTESIAN_POINT('',(88.5,-14.,-4.91));
#12010=CARTESIAN_POINT('Origin',(88.5,-14.,-4.91));
#12011=CARTESIAN_POINT('',(0.,-14.,-7.));
#12012=CARTESIAN_POINT('',(0.,-14.,-2.455));
#12013=CARTESIAN_POINT('',(-2.5,-14.,-7.));
#12014=CARTESIAN_POINT('',(-2.5,-14.,-2.455));
#12015=CARTESIAN_POINT('',(65.75,-14.,-7.));
#12016=CARTESIAN_POINT('Origin',(88.5,-14.,-4.91));
#12017=CARTESIAN_POINT('',(86.,-14.,-4.91));
#12018=CARTESIAN_POINT('',(86.,-14.,-2.455));
#12019=CARTESIAN_POINT('',(88.5,-14.,-4.91));
#12020=CARTESIAN_POINT('',(88.5,-14.,-2.455));
#12021=CARTESIAN_POINT('',(88.5,-14.,-4.91));
#12022=CARTESIAN_POINT('Origin',(88.5,-31.5,-4.91));
#12023=CARTESIAN_POINT('',(86.,-78.25,-4.91));
#12024=CARTESIAN_POINT('',(88.5,-14.5,-4.91));
#12025=CARTESIAN_POINT('Origin',(88.5,2.5,0.));
#12026=CARTESIAN_POINT('',(88.5,2.5,-7.));
#12027=CARTESIAN_POINT('',(88.5,2.5,1.5));
#12028=CARTESIAN_POINT('',(88.5,2.5,0.));
#12029=CARTESIAN_POINT('',(88.5,-127.5,1.5));
#12030=CARTESIAN_POINT('',(88.5,2.5,1.5));
#12031=CARTESIAN_POINT('',(88.5,-127.5,-7.));
#12032=CARTESIAN_POINT('',(88.5,-127.5,0.));
#12033=CARTESIAN_POINT('',(88.5,2.5,-7.));
#12034=CARTESIAN_POINT('Origin',(0.,0.,0.));
#12035=CARTESIAN_POINT('',(0.,-125.,-7.));
#12036=CARTESIAN_POINT('',(0.,-125.,-7.));
#12037=CARTESIAN_POINT('',(0.,-125.,0.));
#12038=CARTESIAN_POINT('',(0.,-28.,0.));
#12039=CARTESIAN_POINT('',(0.,-125.,-7.));
#12040=CARTESIAN_POINT('',(0.,-125.,0.));
#12041=CARTESIAN_POINT('',(0.,-125.,-7.));
#12042=CARTESIAN_POINT('Origin',(43.,-62.5,-7.));
#12043=CARTESIAN_POINT('',(-2.5,2.5,-7.));
#12044=CARTESIAN_POINT('',(-2.5,-127.5,-7.));
#12045=CARTESIAN_POINT('',(-2.5,2.5,-7.));
#12046=CARTESIAN_POINT('Origin',(43.,-62.5,-7.));
#12047=CARTESIAN_POINT('',(-2.5,-127.5,-7.));
#12048=CARTESIAN_POINT('Origin',(43.,-62.5,-7.));
#12049=CARTESIAN_POINT('',(86.,0.,-7.));
#12050=CARTESIAN_POINT('Origin',(43.,-62.5,-7.));
#12051=CARTESIAN_POINT('',(-2.5,-127.5,-7.));
#12052=CARTESIAN_POINT('',(88.5,-127.5,-7.));
#12053=CARTESIAN_POINT('',(-2.5,-127.5,-7.));
#12054=CARTESIAN_POINT('',(86.,-125.,-7.));
#12055=CARTESIAN_POINT('',(86.,-125.,-7.));
#12056=CARTESIAN_POINT('',(86.,0.,-7.));
#12057=CARTESIAN_POINT('Origin',(81.0000012069941,0.,1.5));
#12058=CARTESIAN_POINT('',(81.0000012069941,-28.0000004172325,0.));
#12059=CARTESIAN_POINT('',(81.0000012069941,-14.,0.));
#12060=CARTESIAN_POINT('',(81.0000012069941,-28.0000004172325,1.5));
#12061=CARTESIAN_POINT('',(81.0000012069941,-28.,0.75));
#12062=CARTESIAN_POINT('',(81.0000012069941,-14.,1.5));
#12063=CARTESIAN_POINT('Origin',(30.0000004470348,-28.0000004172325,1.5));
#12064=CARTESIAN_POINT('',(30.0000004470348,-28.0000004172325,0.));
#12065=CARTESIAN_POINT('',(30.0000004470348,-28.0000002086163,0.));
#12066=CARTESIAN_POINT('',(30.0000004470348,-28.0000004172325,1.5));
#12067=CARTESIAN_POINT('',(30.0000004470348,-28.0000002086163,1.5));
#12068=CARTESIAN_POINT('',(30.0000004470348,-28.,0.75));
#12069=CARTESIAN_POINT('Origin',(5.,-28.,1.5));
#12070=CARTESIAN_POINT('',(-2.5,-127.5,1.5));
#12071=CARTESIAN_POINT('',(88.5,-127.5,1.5));
#12072=CARTESIAN_POINT('',(-2.5,2.5,1.5));
#12073=CARTESIAN_POINT('',(-2.5,2.5,1.5));
#12074=CARTESIAN_POINT('',(-2.5,-127.5,1.5));
#12075=CARTESIAN_POINT('',(81.2,-28.,1.5));
#12076=CARTESIAN_POINT('',(5.,-28.,1.5));
#12077=CARTESIAN_POINT('',(81.2,-123.25,1.5));
#12078=CARTESIAN_POINT('',(81.2,-123.25,1.5));
#12079=CARTESIAN_POINT('',(5.,-123.25,1.5));
#12080=CARTESIAN_POINT('',(81.2,-123.25,1.5));
#12081=CARTESIAN_POINT('',(5.,-28.,1.5));
#12082=CARTESIAN_POINT('',(5.,-123.25,1.5));
#12083=CARTESIAN_POINT('',(5.,-28.,1.5));
#12084=CARTESIAN_POINT('Origin',(81.2,-28.,0.));
#12085=CARTESIAN_POINT('',(81.2,-28.,0.));
#12086=CARTESIAN_POINT('',(5.,-28.,0.));
#12087=CARTESIAN_POINT('',(81.2,-28.,0.));
#12088=CARTESIAN_POINT('Origin',(86.,-125.,0.));
#12089=CARTESIAN_POINT('',(86.,-125.,0.));
#12090=CARTESIAN_POINT('',(86.,-125.,0.));
#12091=CARTESIAN_POINT('',(86.,-76.5,0.));
#12092=CARTESIAN_POINT('Origin',(0.,-125.,0.));
#12093=CARTESIAN_POINT('',(40.6,-125.,0.));
#12094=CARTESIAN_POINT('Origin',(-2.5,2.5,0.));
#12095=CARTESIAN_POINT('',(-2.5,2.5,0.));
#12096=CARTESIAN_POINT('Origin',(-2.5,-127.5,0.));
#12097=CARTESIAN_POINT('',(-2.5,-127.5,0.));
#12098=CARTESIAN_POINT('Origin',(88.5,-127.5,0.));
#12099=CARTESIAN_POINT('Origin',(81.2,-28.,0.));
#12100=CARTESIAN_POINT('',(5.,-28.,0.));
#12101=CARTESIAN_POINT('',(5.,-28.,0.));
#12102=CARTESIAN_POINT('',(5.,-123.25,0.));
#12103=CARTESIAN_POINT('',(5.,-123.25,0.));
#12104=CARTESIAN_POINT('',(81.2,-123.25,0.));
#12105=CARTESIAN_POINT('',(5.,-123.25,0.));
#12106=CARTESIAN_POINT('',(81.2,-123.25,0.));
#12107=CARTESIAN_POINT('Origin',(5.,-123.25,0.));
#12108=CARTESIAN_POINT('',(81.2,-123.25,0.));
#12109=CARTESIAN_POINT('',(5.,-123.25,0.));
#12110=CARTESIAN_POINT('Origin',(5.,-28.,0.));
#12111=CARTESIAN_POINT('',(5.,-28.,0.));
#12112=CARTESIAN_POINT('Origin',(81.2,-123.25,0.));
#12113=CARTESIAN_POINT('Origin',(81.2,-28.,0.));
#12114=CARTESIAN_POINT('Origin',(9.25,2.5,-5.5));
#12115=CARTESIAN_POINT('',(9.25,0.,-10.));
#12116=CARTESIAN_POINT('',(9.25,0.,-7.));
#12117=CARTESIAN_POINT('',(9.25,0.,-10.25));
#12118=CARTESIAN_POINT('',(9.25,2.5,-10.));
#12119=CARTESIAN_POINT('',(9.25,2.5,-10.));
#12120=CARTESIAN_POINT('',(9.25,2.5,-7.));
#12121=CARTESIAN_POINT('',(9.25,2.5,-10.25));
#12122=CARTESIAN_POINT('',(9.25,-30.,-7.));
#12123=CARTESIAN_POINT('Origin',(19.25,2.5,-10.));
#12124=CARTESIAN_POINT('',(19.25,0.,-7.));
#12125=CARTESIAN_POINT('',(19.25,0.,-10.));
#12126=CARTESIAN_POINT('',(19.25,0.,-12.5));
#12127=CARTESIAN_POINT('',(19.25,2.5,-7.));
#12128=CARTESIAN_POINT('',(19.25,-30.,-7.));
#12129=CARTESIAN_POINT('',(19.25,2.5,-10.));
#12130=CARTESIAN_POINT('',(19.25,2.5,-12.5));
#12131=CARTESIAN_POINT('',(19.25,2.5,-10.));
#12132=CARTESIAN_POINT('Origin',(9.25,2.5,-10.));
#12133=CARTESIAN_POINT('',(4.625,0.,-10.));
#12134=CARTESIAN_POINT('',(48.875,2.5,-10.));
#12135=CARTESIAN_POINT('Origin',(88.5,2.5,-15.));
#12136=CARTESIAN_POINT('',(88.5,2.5,-7.));
#12137=CARTESIAN_POINT('',(65.75,2.5,-7.));
#12138=CARTESIAN_POINT('',(88.5,2.5,-15.));
#12139=CARTESIAN_POINT('',(88.5,2.5,-15.));
#12140=CARTESIAN_POINT('',(-2.5,2.5,-15.));
#12141=CARTESIAN_POINT('',(-2.5,2.5,-15.));
#12142=CARTESIAN_POINT('',(-2.5,2.5,-7.));
#12143=CARTESIAN_POINT('',(-2.5,2.5,-10.));
#12144=CARTESIAN_POINT('',(65.75,2.5,-7.));
#12145=CARTESIAN_POINT('Origin',(43.,-62.5,-7.));
#12146=CARTESIAN_POINT('',(86.,0.,-7.));
#12147=CARTESIAN_POINT('',(21.5,0.,-7.));
#12148=CARTESIAN_POINT('',(86.,-14.,-7.));
#12149=CARTESIAN_POINT('',(86.,-31.25,-7.));
#12150=CARTESIAN_POINT('',(88.5,-14.,-7.));
#12151=CARTESIAN_POINT('',(65.75,-14.,-7.));
#12152=CARTESIAN_POINT('',(88.5,-95.,-7.));
#12153=CARTESIAN_POINT('Origin',(43.,-62.5,-7.));
#12154=CARTESIAN_POINT('',(-2.5,-14.,-7.));
#12155=CARTESIAN_POINT('',(-2.5,-30.,-7.));
#12156=CARTESIAN_POINT('',(0.,-14.,-7.));
#12157=CARTESIAN_POINT('',(65.75,-14.,-7.));
#12158=CARTESIAN_POINT('',(0.,0.,-7.));
#12159=CARTESIAN_POINT('',(0.,-93.75,-7.));
#12160=CARTESIAN_POINT('',(21.5,0.,-7.));
#12161=CARTESIAN_POINT('Origin',(88.5,-93.5,-4.91));
#12162=CARTESIAN_POINT('',(0.,-93.5,-7.));
#12163=CARTESIAN_POINT('',(0.,-93.5,-8.91));
#12164=CARTESIAN_POINT('',(0.,-93.5,-9.955));
#12165=CARTESIAN_POINT('',(-2.5,-93.5,-7.));
#12166=CARTESIAN_POINT('',(65.75,-93.5,-7.));
#12167=CARTESIAN_POINT('',(-2.5,-93.5,-8.91));
#12168=CARTESIAN_POINT('',(-2.5,-93.5,-9.955));
#12169=CARTESIAN_POINT('',(88.5,-93.5,-8.91));
#12170=CARTESIAN_POINT('Origin',(88.5,-93.5,-4.91));
#12171=CARTESIAN_POINT('',(86.,-93.5,-8.91));
#12172=CARTESIAN_POINT('',(86.,-93.5,-7.));
#12173=CARTESIAN_POINT('',(86.,-93.5,-9.955));
#12174=CARTESIAN_POINT('',(88.5,-93.5,-8.91));
#12175=CARTESIAN_POINT('',(88.5,-93.5,-8.91));
#12176=CARTESIAN_POINT('',(88.5,-93.5,-7.));
#12177=CARTESIAN_POINT('',(88.5,-93.5,-9.955));
#12178=CARTESIAN_POINT('',(65.75,-93.5,-7.));
#12179=CARTESIAN_POINT('Origin',(88.5,-93.5,-8.91));
#12180=CARTESIAN_POINT('',(0.,-111.,-8.91));
#12181=CARTESIAN_POINT('',(0.,-109.25,-8.91));
#12182=CARTESIAN_POINT('',(-2.5,-111.,-8.91));
#12183=CARTESIAN_POINT('',(-2.5,-45.5,-8.91));
#12184=CARTESIAN_POINT('',(88.5,-111.,-8.91));
#12185=CARTESIAN_POINT('Origin',(88.5,-111.,-8.91));
#12186=CARTESIAN_POINT('',(0.,-111.,-7.));
#12187=CARTESIAN_POINT('',(0.,-111.,-11.955));
#12188=CARTESIAN_POINT('',(-2.5,-111.,-7.));
#12189=CARTESIAN_POINT('',(-2.5,-111.,-11.955));
#12190=CARTESIAN_POINT('',(65.75,-111.,-7.));
#12191=CARTESIAN_POINT('Origin',(88.5,-111.,-8.91));
#12192=CARTESIAN_POINT('',(86.,-111.,-7.));
#12193=CARTESIAN_POINT('',(86.,-111.,-8.91));
#12194=CARTESIAN_POINT('',(86.,-111.,-11.955));
#12195=CARTESIAN_POINT('',(88.5,-111.,-7.));
#12196=CARTESIAN_POINT('',(65.75,-111.,-7.));
#12197=CARTESIAN_POINT('',(88.5,-111.,-8.91));
#12198=CARTESIAN_POINT('',(88.5,-111.,-11.955));
#12199=CARTESIAN_POINT('',(88.5,-111.,-8.91));
#12200=CARTESIAN_POINT('Origin',(88.5,-93.5,-8.91));
#12201=CARTESIAN_POINT('',(86.,-46.75,-8.91));
#12202=CARTESIAN_POINT('',(88.5,-110.5,-8.91));
#12203=CARTESIAN_POINT('Origin',(88.5,-14.,-4.91));
#12204=CARTESIAN_POINT('',(0.,-14.,-8.91));
#12205=CARTESIAN_POINT('',(0.,-14.,-9.955));
#12206=CARTESIAN_POINT('',(-2.5,-14.,-8.91));
#12207=CARTESIAN_POINT('',(-2.5,-14.,-9.955));
#12208=CARTESIAN_POINT('',(88.5,-14.,-8.91));
#12209=CARTESIAN_POINT('Origin',(88.5,-14.,-4.91));
#12210=CARTESIAN_POINT('',(86.,-14.,-8.91));
#12211=CARTESIAN_POINT('',(86.,-14.,-9.955));
#12212=CARTESIAN_POINT('',(88.5,-14.,-8.91));
#12213=CARTESIAN_POINT('',(88.5,-14.,-8.91));
#12214=CARTESIAN_POINT('',(88.5,-14.,-9.955));
#12215=CARTESIAN_POINT('Origin',(88.5,-14.,-8.91));
#12216=CARTESIAN_POINT('',(0.,-31.5,-8.91));
#12217=CARTESIAN_POINT('',(0.,-69.5,-8.91));
#12218=CARTESIAN_POINT('',(-2.5,-31.5,-8.91));
#12219=CARTESIAN_POINT('',(-2.5,-5.75,-8.91));
#12220=CARTESIAN_POINT('',(88.5,-31.5,-8.91));
#12221=CARTESIAN_POINT('Origin',(88.5,-31.5,-8.91));
#12222=CARTESIAN_POINT('',(0.,-31.5,-7.));
#12223=CARTESIAN_POINT('',(0.,-31.5,-11.955));
#12224=CARTESIAN_POINT('',(-2.5,-31.5,-7.));
#12225=CARTESIAN_POINT('',(-2.5,-31.5,-11.955));
#12226=CARTESIAN_POINT('',(65.75,-31.5,-7.));
#12227=CARTESIAN_POINT('Origin',(88.5,-31.5,-8.91));
#12228=CARTESIAN_POINT('',(86.,-31.5,-7.));
#12229=CARTESIAN_POINT('',(86.,-31.5,-8.91));
#12230=CARTESIAN_POINT('',(86.,-31.5,-11.955));
#12231=CARTESIAN_POINT('',(88.5,-31.5,-7.));
#12232=CARTESIAN_POINT('',(65.75,-31.5,-7.));
#12233=CARTESIAN_POINT('',(88.5,-31.5,-8.91));
#12234=CARTESIAN_POINT('',(88.5,-31.5,-11.955));
#12235=CARTESIAN_POINT('',(88.5,-31.5,-8.91));
#12236=CARTESIAN_POINT('Origin',(88.5,-14.,-8.91));
#12237=CARTESIAN_POINT('',(86.,-7.,-8.91));
#12238=CARTESIAN_POINT('',(88.5,-70.75,-8.91));
#12239=CARTESIAN_POINT('Origin',(88.5,-127.5,-15.));
#12240=CARTESIAN_POINT('',(88.5,-127.5,-7.));
#12241=CARTESIAN_POINT('',(88.5,-95.,-7.));
#12242=CARTESIAN_POINT('',(88.5,-127.5,-15.));
#12243=CARTESIAN_POINT('',(88.5,-127.5,-15.));
#12244=CARTESIAN_POINT('',(88.5,2.5,-15.));
#12245=CARTESIAN_POINT('',(88.5,-95.,-7.));
#12246=CARTESIAN_POINT('Origin',(0.,-125.,-15.));
#12247=CARTESIAN_POINT('',(0.,-125.,-7.));
#12248=CARTESIAN_POINT('',(0.,-93.75,-7.));
#12249=CARTESIAN_POINT('',(0.,-125.,-12.));
#12250=CARTESIAN_POINT('',(0.,-125.,-10.));
#12251=CARTESIAN_POINT('',(0.,0.,-12.));
#12252=CARTESIAN_POINT('',(0.,-93.75,-12.));
#12253=CARTESIAN_POINT('',(0.,0.,-10.));
#12254=CARTESIAN_POINT('',(0.,-93.75,-7.));
#12255=CARTESIAN_POINT('Origin',(43.,-62.5,-7.));
#12256=CARTESIAN_POINT('',(-2.5,-30.,-7.));
#12257=CARTESIAN_POINT('Origin',(43.,-62.5,-7.));
#12258=CARTESIAN_POINT('',(86.,-125.,-7.));
#12259=CARTESIAN_POINT('',(86.,-31.25,-7.));
#12260=CARTESIAN_POINT('',(64.5,-125.,-7.));
#12261=CARTESIAN_POINT('',(-2.5,-127.5,-7.));
#12262=CARTESIAN_POINT('',(-2.5,-30.,-7.));
#12263=CARTESIAN_POINT('',(20.25,-127.5,-7.));
#12264=CARTESIAN_POINT('Origin',(43.,-62.5,-7.));
#12265=CARTESIAN_POINT('',(86.,-31.25,-7.));
#12266=CARTESIAN_POINT('Origin',(86.,-125.,-15.));
#12267=CARTESIAN_POINT('',(86.,-125.,-12.));
#12268=CARTESIAN_POINT('',(86.,-125.,-15.));
#12269=CARTESIAN_POINT('',(64.5,-125.,-12.));
#12270=CARTESIAN_POINT('Origin',(-2.5,2.5,-15.));
#12271=CARTESIAN_POINT('',(-2.5,-127.5,-15.));
#12272=CARTESIAN_POINT('',(-2.5,-127.5,-15.));
#12273=CARTESIAN_POINT('',(-2.5,-127.5,-15.));
#12274=CARTESIAN_POINT('Origin',(0.,0.,-15.));
#12275=CARTESIAN_POINT('',(86.,0.,-12.));
#12276=CARTESIAN_POINT('',(21.5,0.,-12.));
#12277=CARTESIAN_POINT('',(86.,0.,-15.));
#12278=CARTESIAN_POINT('Origin',(86.,0.,-15.));
#12279=CARTESIAN_POINT('',(86.,-31.25,-12.));
#12280=CARTESIAN_POINT('Origin',(-2.5,-127.5,-15.));
#12281=CARTESIAN_POINT('',(88.5,-127.5,-15.));
#12282=CARTESIAN_POINT('Origin',(43.,-62.5,-12.));
#12283=CARTESIAN_POINT('Origin',(43.,-62.5,-15.));
#12284=UNCERTAINTY_MEASURE_WITH_UNIT(LENGTH_MEASURE(0.01),#12288,
'DISTANCE_ACCURACY_VALUE',
'Maximum model space distance between geometric entities at asserted c
onnectivities');
#12285=UNCERTAINTY_MEASURE_WITH_UNIT(LENGTH_MEASURE(0.01),#12288,
'DISTANCE_ACCURACY_VALUE',
'Maximum model space distance between geometric entities at asserted c
onnectivities');
#12286=(
GEOMETRIC_REPRESENTATION_CONTEXT(3)
GLOBAL_UNCERTAINTY_ASSIGNED_CONTEXT((#12284))
GLOBAL_UNIT_ASSIGNED_CONTEXT((#12288,#12290,#12291))
REPRESENTATION_CONTEXT('','3D')
);
#12287=(
GEOMETRIC_REPRESENTATION_CONTEXT(3)
GLOBAL_UNCERTAINTY_ASSIGNED_CONTEXT((#12285))
GLOBAL_UNIT_ASSIGNED_CONTEXT((#12288,#12290,#12291))
REPRESENTATION_CONTEXT('','3D')
);
#12288=(
LENGTH_UNIT()
NAMED_UNIT(*)
SI_UNIT(.MILLI.,.METRE.)
);
#12289=(
LENGTH_UNIT()
NAMED_UNIT(*)
SI_UNIT($,.METRE.)
);
#12290=(
NAMED_UNIT(*)
PLANE_ANGLE_UNIT()
SI_UNIT($,.RADIAN.)
);
#12291=(
NAMED_UNIT(*)
SI_UNIT($,.STERADIAN.)
SOLID_ANGLE_UNIT()
);
#12292=SHAPE_DEFINITION_REPRESENTATION(#12293,#12294);
#12293=PRODUCT_DEFINITION_SHAPE('',$,#12296);
#12294=SHAPE_REPRESENTATION('',(#7428),#12286);
#12295=PRODUCT_DEFINITION_CONTEXT('part definition',#12300,'design');
#12296=PRODUCT_DEFINITION('2026-03-14-15-34-49-794',
'Keypad_case_top.glb',#12297,#12295);
#12297=PRODUCT_DEFINITION_FORMATION('',$,#12302);
#12298=PRODUCT_RELATED_PRODUCT_CATEGORY('Keypad_case_top.glb',
'Keypad_case_top.glb',(#12302));
#12299=APPLICATION_PROTOCOL_DEFINITION('international standard',
'automotive_design',2009,#12300);
#12300=APPLICATION_CONTEXT(
'Core Data for Automotive Mechanical Design Process');
#12301=PRODUCT_CONTEXT('part definition',#12300,'mechanical');
#12302=PRODUCT('2026-03-14-15-34-49-794','Keypad_case_top.glb',$,(#12301));
#12303=PRESENTATION_STYLE_ASSIGNMENT((#12305));
#12304=PRESENTATION_STYLE_ASSIGNMENT((#12306));
#12305=SURFACE_STYLE_USAGE(.BOTH.,#12307);
#12306=SURFACE_STYLE_USAGE(.BOTH.,#12308);
#12307=SURFACE_SIDE_STYLE('',(#12309));
#12308=SURFACE_SIDE_STYLE('',(#12310));
#12309=SURFACE_STYLE_FILL_AREA(#12311);
#12310=SURFACE_STYLE_FILL_AREA(#12312);
#12311=FILL_AREA_STYLE('Steel - Satin',(#12313));
#12312=FILL_AREA_STYLE('Plastic - Glossy (Grey)',(#12314));
#12313=FILL_AREA_STYLE_COLOUR('Steel - Satin',#12315);
#12314=FILL_AREA_STYLE_COLOUR('Plastic - Glossy (Grey)',#12316);
#12315=COLOUR_RGB('Steel - Satin',0.627450980392157,0.627450980392157,0.627450980392157);
#12316=COLOUR_RGB('Plastic - Glossy (Grey)',0.701960784313725,0.701960784313725,
0.701960784313725);
ENDSEC;
END-ISO-10303-21;
